severity	code	file	line	column	subsystem	category	message
error	CS1061	src/System.Web.ReferenceSource/Cache/SqlCacheDependency.cs	116	24	Cache	other source or unresolved dependency	'SqlCommand' does not contain a definition for 'NotificationAutoEnlist' and no accessible extension method 'NotificationAutoEnlist' accepting a first argument of type 'SqlCommand' could be found (are you missing a using directive or an assembly reference?)
error	CS0117	src/System.Web.ReferenceSource/CachedPathData.cs	181	61	root	other source or unresolved dependency	'ConfigPathUtility' does not contain a definition for 'GetParent'
error	CS0117	src/System.Web.ReferenceSource/CachedPathData.cs	229	61	root	other source or unresolved dependency	'ConfigPathUtility' does not contain a definition for 'GetParent'
error	CS0117	src/System.Web.ReferenceSource/CachedPathData.cs	432	48	root	other source or unresolved dependency	'ConfigPathUtility' does not contain a definition for 'GetParent'
error	CS0117	src/System.Web.ReferenceSource/CachedPathData.cs	451	48	root	other source or unresolved dependency	'ConfigPathUtility' does not contain a definition for 'GetParent'
error	CS1061	src/System.Web.ReferenceSource/Compilation/BuildResultCache.cs	944	62	Compilation	other source or unresolved dependency	'AppDomainSetup' does not contain a definition for 'CachePath' and no accessible extension method 'CachePath' accepting a first argument of type 'AppDomainSetup' could be found (are you missing a using directive or an assembly reference?)
error	CS1061	src/System.Web.ReferenceSource/Compilation/BuildResultCache.cs	945	28	Compilation	other source or unresolved dependency	'AppDomainSetup' does not contain a definition for 'ApplicationName' and no accessible extension method 'ApplicationName' accepting a first argument of type 'AppDomainSetup' could be found (are you missing a using directive or an assembly reference?)
error	CS0103	src/System.Web.ReferenceSource/Compilation/ClientBuildManager.cs	496	17	Compilation	other source or unresolved dependency	The name 'RemotingServices' does not exist in the current context
error	CS0103	src/System.Web.ReferenceSource/Compilation/ClientBuildManager.cs	581	17	Compilation	other source or unresolved dependency	The name 'RemotingServices' does not exist in the current context
error	CS0246	src/System.Web.ReferenceSource/Compilation/ResXBuildProvider.cs	19	9	Compilation	other source or unresolved dependency	The type or namespace name 'ResXResourceReader' could not be found (are you missing a using directive or an assembly reference?)
error	CS0246	src/System.Web.ReferenceSource/Compilation/ResXBuildProvider.cs	19	41	Compilation	other source or unresolved dependency	The type or namespace name 'ResXResourceReader' could not be found (are you missing a using directive or an assembly reference?)
error	CS1069	src/System.Web.ReferenceSource/Configuration/BrowserCapabilitiesCodeGenerator.cs	240	17	Configuration	other source or unresolved dependency	The type name 'ServiceController' could not be found in the namespace 'System.ServiceProcess'. This type has been forwarded to assembly 'System.ServiceProcess.ServiceController, Version=0.0.0.0, Culture=neutral, PublicKeyToken=b03f5f7f11d50a3a' Consider adding a reference to that assembly.
error	CS0103	src/System.Web.ReferenceSource/Configuration/BrowserCapabilitiesCodeGenerator.cs	240	48	Configuration	other source or unresolved dependency	The name 'ServiceController' does not exist in the current context
error	CS1069	src/System.Web.ReferenceSource/Configuration/BrowserCapabilitiesCodeGenerator.cs	241	17	Configuration	other source or unresolved dependency	The type name 'ServiceController' could not be found in the namespace 'System.ServiceProcess'. This type has been forwarded to assembly 'System.ServiceProcess.ServiceController, Version=0.0.0.0, Culture=neutral, PublicKeyToken=b03f5f7f11d50a3a' Consider adding a reference to that assembly.
error	CS1069	src/System.Web.ReferenceSource/Configuration/BrowserCapabilitiesCodeGenerator.cs	246	17	Configuration	other source or unresolved dependency	The type name 'ServiceControllerStatus' could not be found in the namespace 'System.ServiceProcess'. This type has been forwarded to assembly 'System.ServiceProcess.ServiceController, Version=0.0.0.0, Culture=neutral, PublicKeyToken=b03f5f7f11d50a3a' Consider adding a reference to that assembly.
error	CS0103	src/System.Web.ReferenceSource/Configuration/BrowserCapabilitiesCodeGenerator.cs	249	36	Configuration	other source or unresolved dependency	The name 'ServiceControllerStatus' does not exist in the current context
error	CS0103	src/System.Web.ReferenceSource/Configuration/BrowserCapabilitiesCodeGenerator.cs	250	36	Configuration	other source or unresolved dependency	The name 'ServiceControllerStatus' does not exist in the current context
error	CS0103	src/System.Web.ReferenceSource/Configuration/BrowserCapabilitiesCodeGenerator.cs	251	36	Configuration	other source or unresolved dependency	The name 'ServiceControllerStatus' does not exist in the current context
error	CS0103	src/System.Web.ReferenceSource/Configuration/BrowserCapabilitiesCodeGenerator.cs	255	46	Configuration	other source or unresolved dependency	The name 'ServiceControllerStatus' does not exist in the current context
error	CS0103	src/System.Web.ReferenceSource/Configuration/BrowserCapabilitiesCodeGenerator.cs	259	39	Configuration	other source or unresolved dependency	The name 'ServiceControllerStatus' does not exist in the current context
error	CS0103	src/System.Web.ReferenceSource/Configuration/BrowserCapabilitiesCodeGenerator.cs	259	88	Configuration	other source or unresolved dependency	The name 'ServiceControllerStatus' does not exist in the current context
error	CS0246	src/System.Web.ReferenceSource/Configuration/RemoteWebConfigurationHost.cs	86	17	Configuration	other source or unresolved dependency	The type or namespace name 'WindowsImpersonationContext' could not be found (are you missing a using directive or an assembly reference?)
error	CS1061	src/System.Web.ReferenceSource/Configuration/RemoteWebConfigurationHost.cs	86	89	Configuration	other source or unresolved dependency	'WindowsIdentity' does not contain a definition for 'Impersonate' and no accessible extension method 'Impersonate' accepting a first argument of type 'WindowsIdentity' could be found (are you missing a using directive or an assembly reference?)
error	CS0246	src/System.Web.ReferenceSource/Configuration/RemoteWebConfigurationHost.cs	209	13	Configuration	other source or unresolved dependency	The type or namespace name 'WindowsImpersonationContext' could not be found (are you missing a using directive or an assembly reference?)
error	CS1061	src/System.Web.ReferenceSource/Configuration/RemoteWebConfigurationHost.cs	213	43	Configuration	other source or unresolved dependency	'WindowsIdentity' does not contain a definition for 'Impersonate' and no accessible extension method 'Impersonate' accepting a first argument of type 'WindowsIdentity' could be found (are you missing a using directive or an assembly reference?)
error	CS0246	src/System.Web.ReferenceSource/Configuration/RemoteWebConfigurationHost.cs	333	13	Configuration	other source or unresolved dependency	The type or namespace name 'WindowsImpersonationContext' could not be found (are you missing a using directive or an assembly reference?)
error	CS1061	src/System.Web.ReferenceSource/Configuration/RemoteWebConfigurationHost.cs	354	39	Configuration	other source or unresolved dependency	'WindowsIdentity' does not contain a definition for 'Impersonate' and no accessible extension method 'Impersonate' accepting a first argument of type 'WindowsIdentity' could be found (are you missing a using directive or an assembly reference?)
error	CS1501	src/System.Web.ReferenceSource/Configuration/RemoteWebConfigurationHostServer.cs	293	37	Configuration	other source or unresolved dependency	No overload for method 'GetAccessControl' takes 2 arguments
error	CS1501	src/System.Web.ReferenceSource/Configuration/RemoteWebConfigurationHostServer.cs	300	37	Configuration	other source or unresolved dependency	No overload for method 'GetAccessControl' takes 2 arguments
error	CS1501	src/System.Web.ReferenceSource/Configuration/RemoteWebConfigurationHostServer.cs	306	18	Configuration	other source or unresolved dependency	No overload for method 'SetAccessControl' takes 2 arguments
error	CS1501	src/System.Web.ReferenceSource/DataAccess/SqlConnectionHelper.cs	119	41	DataAccess	other source or unresolved dependency	No overload for method 'SetData' takes 3 arguments
error	CS0103	src/System.Web.ReferenceSource/Hosting/ApplicationManager.cs	738	25	Hosting	other source or unresolved dependency	The name 'RemotingServices' does not exist in the current context
error	CS1729	src/System.Web.ReferenceSource/Hosting/ApplicationManager.cs	902	40	Hosting	other source or unresolved dependency	'AppDomainSetup' does not contain a constructor that takes 0 arguments
error	CS1061	src/System.Web.ReferenceSource/Hosting/ApplicationManager.cs	938	27	Hosting	other source or unresolved dependency	'AppDomainSetup' does not contain a definition for 'LoaderOptimization' and no accessible extension method 'LoaderOptimization' accepting a first argument of type 'AppDomainSetup' could be found (are you missing a using directive or an assembly reference?)
error	CS1061	src/System.Web.ReferenceSource/Hosting/ApplicationManager.cs	969	31	Hosting	other source or unresolved dependency	'AppDomainSetup' does not contain a definition for 'PartialTrustVisibleAssemblies' and no accessible extension method 'PartialTrustVisibleAssemblies' accepting a first argument of type 'AppDomainSetup' could be found (are you missing a using directive or an assembly reference?)
error	CS0200	src/System.Web.ReferenceSource/Hosting/ApplicationManager.cs	1009	29	Hosting	other source or unresolved dependency	Property or indexer 'AppDomainSetup.TargetFrameworkName' cannot be assigned to -- it is read only
error	CS1061	src/System.Web.ReferenceSource/Hosting/ApplicationManager.cs	1122	35	Hosting	other source or unresolved dependency	'AppDomainSetup' does not contain a definition for 'PartialTrustVisibleAssemblies' and no accessible extension method 'PartialTrustVisibleAssemblies' accepting a first argument of type 'AppDomainSetup' could be found (are you missing a using directive or an assembly reference?)
error	CS1061	src/System.Web.ReferenceSource/Hosting/ApplicationManager.cs	1128	43	Hosting	other source or unresolved dependency	'AppDomainSetup' does not contain a definition for 'PartialTrustVisibleAssemblies' and no accessible extension method 'PartialTrustVisibleAssemblies' accepting a first argument of type 'AppDomainSetup' could be found (are you missing a using directive or an assembly reference?)
error	CS1061	src/System.Web.ReferenceSource/Hosting/ApplicationManager.cs	1177	39	Hosting	other source or unresolved dependency	'AppDomainSetup' does not contain a definition for 'PartialTrustVisibleAssemblies' and no accessible extension method 'PartialTrustVisibleAssemblies' accepting a first argument of type 'AppDomainSetup' could be found (are you missing a using directive or an assembly reference?)
error	CS1061	src/System.Web.ReferenceSource/Hosting/ApplicationManager.cs	1190	27	Hosting	AppDomain, remoting, CAS, and serialization	'AppDomainSetup' does not contain a definition for 'AppDomainManagerType' and no accessible extension method 'AppDomainManagerType' accepting a first argument of type 'AppDomainSetup' could be found (are you missing a using directive or an assembly reference?)
error	CS1061	src/System.Web.ReferenceSource/Hosting/ApplicationManager.cs	1191	27	Hosting	AppDomain, remoting, CAS, and serialization	'AppDomainSetup' does not contain a definition for 'AppDomainManagerAssembly' and no accessible extension method 'AppDomainManagerAssembly' accepting a first argument of type 'AppDomainSetup' could be found (are you missing a using directive or an assembly reference?)
error	CS1501	src/System.Web.ReferenceSource/Hosting/ApplicationManager.cs	1199	47	Hosting	other source or unresolved dependency	No overload for method 'CreateDomain' takes 3 arguments
error	CS1501	src/System.Web.ReferenceSource/Hosting/ApplicationManager.cs	1208	47	Hosting	other source or unresolved dependency	No overload for method 'CreateDomain' takes 5 arguments
error	CS1503	src/System.Web.ReferenceSource/Hosting/ApplicationManager.cs	1298	46	Hosting	secondary/cascading compiler diagnostics	Argument 1: cannot convert from 'System.AppDomain' to 'string'
error	CS1503	src/System.Web.ReferenceSource/Hosting/ApplicationManager.cs	1298	65	Hosting	secondary/cascading compiler diagnostics	Argument 3: cannot convert from 'string' to 'object?[]?'
error	CS1061	src/System.Web.ReferenceSource/Hosting/ApplicationManager.cs	1673	19	Hosting	other source or unresolved dependency	'AppDomainSetup' does not contain a definition for 'PrivateBinPathProbe' and no accessible extension method 'PrivateBinPathProbe' accepting a first argument of type 'AppDomainSetup' could be found (are you missing a using directive or an assembly reference?)
error	CS1061	src/System.Web.ReferenceSource/Hosting/ApplicationManager.cs	1674	19	Hosting	other source or unresolved dependency	'AppDomainSetup' does not contain a definition for 'ShadowCopyFiles' and no accessible extension method 'ShadowCopyFiles' accepting a first argument of type 'AppDomainSetup' could be found (are you missing a using directive or an assembly reference?)
error	CS0200	src/System.Web.ReferenceSource/Hosting/ApplicationManager.cs	1675	13	Hosting	other source or unresolved dependency	Property or indexer 'AppDomainSetup.ApplicationBase' cannot be assigned to -- it is read only
error	CS1061	src/System.Web.ReferenceSource/Hosting/ApplicationManager.cs	1676	19	Hosting	other source or unresolved dependency	'AppDomainSetup' does not contain a definition for 'ApplicationName' and no accessible extension method 'ApplicationName' accepting a first argument of type 'AppDomainSetup' could be found (are you missing a using directive or an assembly reference?)
error	CS1061	src/System.Web.ReferenceSource/Hosting/ApplicationManager.cs	1677	19	Hosting	other source or unresolved dependency	'AppDomainSetup' does not contain a definition for 'ConfigurationFile' and no accessible extension method 'ConfigurationFile' accepting a first argument of type 'AppDomainSetup' could be found (are you missing a using directive or an assembly reference?)
error	CS1061	src/System.Web.ReferenceSource/Hosting/ApplicationManager.cs	1680	19	Hosting	other source or unresolved dependency	'AppDomainSetup' does not contain a definition for 'DisallowCodeDownload' and no accessible extension method 'DisallowCodeDownload' accepting a first argument of type 'AppDomainSetup' could be found (are you missing a using directive or an assembly reference?)
error	CS1061	src/System.Web.ReferenceSource/Hosting/ApplicationManager.cs	1691	57	Hosting	other source or unresolved dependency	'AppDomain' does not contain a definition for 'Evidence' and no accessible extension method 'Evidence' accepting a first argument of type 'AppDomain' could be found (are you missing a using directive or an assembly reference?)
error	CS1061	src/System.Web.ReferenceSource/Hosting/ApplicationManager.cs	1788	27	Hosting	other source or unresolved dependency	'AppDomainSetup' does not contain a definition for 'SetCompatibilitySwitches' and no accessible extension method 'SetCompatibilitySwitches' accepting a first argument of type 'AppDomainSetup' could be found (are you missing a using directive or an assembly reference?)
error	CS1061	src/System.Web.ReferenceSource/Hosting/RecycleLimitMonitor.cs	152	39	Hosting	other source or unresolved dependency	'AppDomain' does not contain a definition for 'DoCallBack' and no accessible extension method 'DoCallBack' accepting a first argument of type 'AppDomain' could be found (are you missing a using directive or an assembly reference?)
error	CS0246	src/System.Web.ReferenceSource/Hosting/RecycleLimitMonitor.cs	152	54	Hosting	other source or unresolved dependency	The type or namespace name 'CrossAppDomainDelegate' could not be found (are you missing a using directive or an assembly reference?)
error	CS1501	src/System.Web.ReferenceSource/HttpRuntime.cs	350	37	root	other source or unresolved dependency	No overload for method 'SetData' takes 3 arguments
error	CS1061	src/System.Web.ReferenceSource/HttpRuntime.cs	2616	60	root	other source or unresolved dependency	'DbProviderFactory' does not contain a definition for 'CreatePermission' and no accessible extension method 'CreatePermission' accepting a first argument of type 'DbProviderFactory' could be found (are you missing a using directive or an assembly reference?)
error	CS1061	src/System.Web.ReferenceSource/HttpRuntime.cs	3231	37	root	other source or unresolved dependency	'AppDomain' does not contain a definition for 'SetAppDomainPolicy' and no accessible extension method 'SetAppDomainPolicy' accepting a first argument of type 'AppDomain' could be found (are you missing a using directive or an assembly reference?)
error	CS0246	src/System.Web.ReferenceSource/Security/Cryptography/CryptoAlgorithms.cs	71	24	Security	other source or unresolved dependency	The type or namespace name 'MD5Cng' could not be found (are you missing a using directive or an assembly reference?)
error	CS0246	src/System.Web.ReferenceSource/Security/Cryptography/CryptoAlgorithms.cs	77	24	Security	other source or unresolved dependency	The type or namespace name 'SHA1Cng' could not be found (are you missing a using directive or an assembly reference?)
error	CS0246	src/System.Web.ReferenceSource/Security/Cryptography/CryptoAlgorithms.cs	81	24	Security	other source or unresolved dependency	The type or namespace name 'SHA256Cng' could not be found (are you missing a using directive or an assembly reference?)
error	CS0246	src/System.Web.ReferenceSource/Security/Cryptography/CryptoAlgorithms.cs	85	24	Security	other source or unresolved dependency	The type or namespace name 'SHA384Cng' could not be found (are you missing a using directive or an assembly reference?)
error	CS0246	src/System.Web.ReferenceSource/Security/Cryptography/CryptoAlgorithms.cs	89	24	Security	other source or unresolved dependency	The type or namespace name 'SHA512Cng' could not be found (are you missing a using directive or an assembly reference?)
error	CS0246	src/System.Web.ReferenceSource/Security/RolePrincipal.cs	204	33	Security	other source or unresolved dependency	The type or namespace name 'DynamicRoleClaimProvider' could not be found (are you missing a using directive or an assembly reference?)
error	CS1503	src/System.Web.ReferenceSource/UI/LOSFormatter.cs	468	47	UI	secondary/cascading compiler diagnostics	Argument 1: cannot convert from 'byte[]' to 'string?'
error	CS0103	src/System.Web.ReferenceSource/UI/WebControls/AccessDataSource.cs	218	20	UI	other source or unresolved dependency	The name 'OleDbFactory' does not exist in the current context
error	CS0246	src/System.Web.ReferenceSource/UI/WebControls/DataBoundControlHelper.cs	102	17	UI	other source or unresolved dependency	The type or namespace name 'BindableTypeAttribute' could not be found (are you missing a using directive or an assembly reference?)
error	CS0246	src/System.Web.ReferenceSource/UI/WebControls/DataBoundControlHelper.cs	102	64	UI	other source or unresolved dependency	The type or namespace name 'BindableTypeAttribute' could not be found (are you missing a using directive or an assembly reference?)
error	CS0246	src/System.Web.ReferenceSource/UI/WebControls/DataBoundControlHelper.cs	102	128	UI	other source or unresolved dependency	The type or namespace name 'BindableTypeAttribute' could not be found (are you missing a using directive or an assembly reference?)
error	CS1501	src/System.Web.ReferenceSource/UI/WebControls/xml.cs	130	32	UI	other source or unresolved dependency	No overload for method 'Load' takes 3 arguments
error	CS1061	src/System.Web.ReferenceSource/Util/FactoryGenerator.cs	129	47	Util	other source or unresolved dependency	'AppDomain' does not contain a definition for 'DefineDynamicAssembly' and no accessible extension method 'DefineDynamicAssembly' accepting a first argument of type 'AppDomain' could be found (are you missing a using directive or an assembly reference?)
error	CS1061	src/System.Web.ReferenceSource/Util/FastPropertyAccessor.cs	95	47	Util	other source or unresolved dependency	'AppDomain' does not contain a definition for 'DefineDynamicAssembly' and no accessible extension method 'DefineDynamicAssembly' accepting a first argument of type 'AppDomain' could be found (are you missing a using directive or an assembly reference?)
error	CS1501	src/System.Web.ReferenceSource/Util/XmlUtils.cs	212	23	Util	other source or unresolved dependency	No overload for method 'Load' takes 3 arguments
error	CS0103	src/System.Web.ReferenceSource/misc/ConfigPathUtility.cs	73	13	misc	other source or unresolved dependency	The name 'Debug' does not exist in the current context
error	CS0103	src/System.Web.ReferenceSource/misc/ConfigPathUtility.cs	74	13	misc	other source or unresolved dependency	The name 'Debug' does not exist in the current context
error	CS0103	src/System.Web.ReferenceSource/misc/ConfigPathUtility.cs	88	13	misc	other source or unresolved dependency	The name 'Debug' does not exist in the current context
error	CS0103	src/System.Web.ReferenceSource/misc/ConfigPathUtility.cs	99	13	misc	other source or unresolved dependency	The name 'Debug' does not exist in the current context
error	CS0103	src/System.Web.ReferenceSource/misc/ConfigPathUtility.cs	110	13	misc	other source or unresolved dependency	The name 'Debug' does not exist in the current context
error	CS1061	src/System.Web.ReferenceSource/misc/SecurityUtils.cs	73	53	misc	AppDomain, remoting, CAS, and serialization	'Assembly' does not contain a definition for 'PermissionSet' and no accessible extension method 'PermissionSet' accepting a first argument of type 'Assembly' could be found (are you missing a using directive or an assembly reference?)
warning	SYSLIB0003	src/System.Web.ReferenceSource/Abstractions/HttpApplicationStateWrapper.cs	121	10	Abstractions	warning	'SecurityPermissionAttribute' is obsolete: 'Code Access Security is not supported or honored by the runtime.' (https://aka.ms/dotnet-warnings/SYSLIB0003)
warning	SYSLIB0003	src/System.Web.ReferenceSource/Abstractions/HttpApplicationStateWrapper.cs	121	29	Abstractions	warning	'SecurityAction' is obsolete: 'Code Access Security is not supported or honored by the runtime.' (https://aka.ms/dotnet-warnings/SYSLIB0003)
warning	CS0672	src/System.Web.ReferenceSource/Abstractions/HttpApplicationStateWrapper.cs	122	30	Abstractions	warning	Member 'HttpApplicationStateWrapper.GetObjectData(SerializationInfo, StreamingContext)' overrides obsolete member 'NameObjectCollectionBase.GetObjectData(SerializationInfo, StreamingContext)'. Add the Obsolete attribute to 'HttpApplicationStateWrapper.GetObjectData(SerializationInfo, StreamingContext)'.
warning	SYSLIB0051	src/System.Web.ReferenceSource/Abstractions/HttpApplicationStateWrapper.cs	123	13	Abstractions	warning	'NameObjectCollectionBase.GetObjectData(SerializationInfo, StreamingContext)' is obsolete: 'This API supports obsolete formatter-based serialization. It should not be called or extended by application code.' (https://aka.ms/dotnet-warnings/SYSLIB0051)
warning	SYSLIB0003	src/System.Web.ReferenceSource/Abstractions/HttpFileCollectionWrapper.cs	109	10	Abstractions	warning	'SecurityPermissionAttribute' is obsolete: 'Code Access Security is not supported or honored by the runtime.' (https://aka.ms/dotnet-warnings/SYSLIB0003)
warning	SYSLIB0003	src/System.Web.ReferenceSource/Abstractions/HttpFileCollectionWrapper.cs	109	29	Abstractions	warning	'SecurityAction' is obsolete: 'Code Access Security is not supported or honored by the runtime.' (https://aka.ms/dotnet-warnings/SYSLIB0003)
warning	CS0672	src/System.Web.ReferenceSource/Abstractions/HttpFileCollectionWrapper.cs	110	30	Abstractions	warning	Member 'HttpFileCollectionWrapper.GetObjectData(SerializationInfo, StreamingContext)' overrides obsolete member 'NameObjectCollectionBase.GetObjectData(SerializationInfo, StreamingContext)'. Add the Obsolete attribute to 'HttpFileCollectionWrapper.GetObjectData(SerializationInfo, StreamingContext)'.
warning	SYSLIB0051	src/System.Web.ReferenceSource/Abstractions/HttpFileCollectionWrapper.cs	111	13	Abstractions	warning	'NameObjectCollectionBase.GetObjectData(SerializationInfo, StreamingContext)' is obsolete: 'This API supports obsolete formatter-based serialization. It should not be called or extended by application code.' (https://aka.ms/dotnet-warnings/SYSLIB0051)
warning	CS0672	src/System.Web.ReferenceSource/Administration/WebAdminConfigurationHelper.cs	31	32	Administration	warning	Member 'WebAdminConfigurationHelper.InitializeLifetimeService()' overrides obsolete member 'MarshalByRefObject.InitializeLifetimeService()'. Add the Obsolete attribute to 'WebAdminConfigurationHelper.InitializeLifetimeService()'.
warning	SYSLIB0004	src/System.Web.ReferenceSource/AspNetEventSource.cs	223	14	root	warning	'ReliabilityContractAttribute' is obsolete: 'The Constrained Execution Region (CER) feature is not supported.' (https://aka.ms/dotnet-warnings/SYSLIB0004)
warning	SYSLIB0004	src/System.Web.ReferenceSource/AspNetEventSource.cs	223	34	root	warning	'Consistency' is obsolete: 'The Constrained Execution Region (CER) feature is not supported.' (https://aka.ms/dotnet-warnings/SYSLIB0004)
warning	SYSLIB0004	src/System.Web.ReferenceSource/AspNetEventSource.cs	223	67	root	warning	'Cer' is obsolete: 'The Constrained Execution Region (CER) feature is not supported.' (https://aka.ms/dotnet-warnings/SYSLIB0004)
warning	SYSLIB0004	src/System.Web.ReferenceSource/AspNetEventSource.cs	230	14	root	warning	'ReliabilityContractAttribute' is obsolete: 'The Constrained Execution Region (CER) feature is not supported.' (https://aka.ms/dotnet-warnings/SYSLIB0004)
warning	SYSLIB0004	src/System.Web.ReferenceSource/AspNetEventSource.cs	230	34	root	warning	'Consistency' is obsolete: 'The Constrained Execution Region (CER) feature is not supported.' (https://aka.ms/dotnet-warnings/SYSLIB0004)
warning	SYSLIB0004	src/System.Web.ReferenceSource/AspNetEventSource.cs	230	67	root	warning	'Cer' is obsolete: 'The Constrained Execution Region (CER) feature is not supported.' (https://aka.ms/dotnet-warnings/SYSLIB0004)
warning	SYSLIB0003	src/System.Web.ReferenceSource/Cache/FileResponseElement.cs	8	6	Cache	warning	'AspNetHostingPermissionAttribute' is obsolete: 'Code Access Security is not supported or honored by the runtime.' (https://aka.ms/dotnet-warnings/SYSLIB0003)
warning	SYSLIB0003	src/System.Web.ReferenceSource/Cache/FileResponseElement.cs	8	30	Cache	warning	'SecurityAction' is obsolete: 'Code Access Security is not supported or honored by the runtime.' (https://aka.ms/dotnet-warnings/SYSLIB0003)
warning	SYSLIB0003	src/System.Web.ReferenceSource/Cache/MemoryResponseElement.cs	8	6	Cache	warning	'AspNetHostingPermissionAttribute' is obsolete: 'Code Access Security is not supported or honored by the runtime.' (https://aka.ms/dotnet-warnings/SYSLIB0003)
warning	SYSLIB0003	src/System.Web.ReferenceSource/Cache/MemoryResponseElement.cs	8	30	Cache	warning	'SecurityAction' is obsolete: 'Code Access Security is not supported or honored by the runtime.' (https://aka.ms/dotnet-warnings/SYSLIB0003)
warning	SYSLIB0003	src/System.Web.ReferenceSource/Cache/OutputCache.cs	490	10	Cache	warning	'SecurityPermissionAttribute' is obsolete: 'Code Access Security is not supported or honored by the runtime.' (https://aka.ms/dotnet-warnings/SYSLIB0003)
warning	SYSLIB0003	src/System.Web.ReferenceSource/Cache/OutputCache.cs	490	29	Cache	warning	'SecurityAction' is obsolete: 'Code Access Security is not supported or honored by the runtime.' (https://aka.ms/dotnet-warnings/SYSLIB0003)
warning	SYSLIB0003	src/System.Web.ReferenceSource/Cache/OutputCache.cs	490	60	Cache	warning	'SecurityPermissionFlag' is obsolete: 'Code Access Security is not supported or honored by the runtime.' (https://aka.ms/dotnet-warnings/SYSLIB0003)
warning	SYSLIB0011	src/System.Web.ReferenceSource/Cache/OutputCache.cs	492	13	Cache	warning	'BinaryFormatter' is obsolete: 'BinaryFormatter serialization is obsolete and should not be used. See https://aka.ms/binaryformatter for more information.' (https://aka.ms/dotnet-warnings/SYSLIB0011)
warning	SYSLIB0011	src/System.Web.ReferenceSource/Cache/OutputCache.cs	492	45	Cache	warning	'BinaryFormatter' is obsolete: 'BinaryFormatter serialization is obsolete and should not be used. See https://aka.ms/binaryformatter for more information.' (https://aka.ms/dotnet-warnings/SYSLIB0011)
warning	SYSLIB0003	src/System.Web.ReferenceSource/Cache/OutputCache.cs	502	10	Cache	warning	'SecurityPermissionAttribute' is obsolete: 'Code Access Security is not supported or honored by the runtime.' (https://aka.ms/dotnet-warnings/SYSLIB0003)
warning	SYSLIB0003	src/System.Web.ReferenceSource/Cache/OutputCache.cs	502	29	Cache	warning	'SecurityAction' is obsolete: 'Code Access Security is not supported or honored by the runtime.' (https://aka.ms/dotnet-warnings/SYSLIB0003)
warning	SYSLIB0003	src/System.Web.ReferenceSource/Cache/OutputCache.cs	502	60	Cache	warning	'SecurityPermissionFlag' is obsolete: 'Code Access Security is not supported or honored by the runtime.' (https://aka.ms/dotnet-warnings/SYSLIB0003)
warning	SYSLIB0011	src/System.Web.ReferenceSource/Cache/OutputCache.cs	504	13	Cache	warning	'BinaryFormatter' is obsolete: 'BinaryFormatter serialization is obsolete and should not be used. See https://aka.ms/binaryformatter for more information.' (https://aka.ms/dotnet-warnings/SYSLIB0011)
warning	SYSLIB0011	src/System.Web.ReferenceSource/Cache/OutputCache.cs	504	45	Cache	warning	'BinaryFormatter' is obsolete: 'BinaryFormatter serialization is obsolete and should not be used. See https://aka.ms/binaryformatter for more information.' (https://aka.ms/dotnet-warnings/SYSLIB0011)
warning	SYSLIB0003	src/System.Web.ReferenceSource/Cache/SRef.cs	20	14	Cache	warning	'PermissionSetAttribute' is obsolete: 'Code Access Security is not supported or honored by the runtime.' (https://aka.ms/dotnet-warnings/SYSLIB0003)
warning	SYSLIB0003	src/System.Web.ReferenceSource/Cache/SRef.cs	20	28	Cache	warning	'SecurityAction' is obsolete: 'Code Access Security is not supported or honored by the runtime.' (https://aka.ms/dotnet-warnings/SYSLIB0003)
warning	SYSLIB0003	src/System.Web.ReferenceSource/Cache/SRef.cs	32	10	Cache	warning	'PermissionSetAttribute' is obsolete: 'Code Access Security is not supported or honored by the runtime.' (https://aka.ms/dotnet-warnings/SYSLIB0003)
warning	SYSLIB0003	src/System.Web.ReferenceSource/Cache/SRef.cs	32	24	Cache	warning	'SecurityAction' is obsolete: 'Code Access Security is not supported or honored by the runtime.' (https://aka.ms/dotnet-warnings/SYSLIB0003)
warning	SYSLIB0003	src/System.Web.ReferenceSource/Cache/SRef.cs	51	14	Cache	warning	'PermissionSetAttribute' is obsolete: 'Code Access Security is not supported or honored by the runtime.' (https://aka.ms/dotnet-warnings/SYSLIB0003)
warning	SYSLIB0003	src/System.Web.ReferenceSource/Cache/SRef.cs	51	28	Cache	warning	'SecurityAction' is obsolete: 'Code Access Security is not supported or honored by the runtime.' (https://aka.ms/dotnet-warnings/SYSLIB0003)
warning	SYSLIB0003	src/System.Web.ReferenceSource/Cache/SRef.cs	57	10	Cache	warning	'PermissionSetAttribute' is obsolete: 'Code Access Security is not supported or honored by the runtime.' (https://aka.ms/dotnet-warnings/SYSLIB0003)
warning	SYSLIB0003	src/System.Web.ReferenceSource/Cache/SRef.cs	57	24	Cache	warning	'SecurityAction' is obsolete: 'Code Access Security is not supported or honored by the runtime.' (https://aka.ms/dotnet-warnings/SYSLIB0003)
warning	CS0618	src/System.Web.ReferenceSource/Cache/SqlCacheDependency.cs	48	9	Cache	warning	'SqlDependency' is obsolete: 'Use the Microsoft.Data.SqlClient package instead.'
warning	CS0618	src/System.Web.ReferenceSource/Cache/SqlCacheDependency.cs	105	35	Cache	warning	'SqlCommand' is obsolete: 'Use the Microsoft.Data.SqlClient package instead.'
warning	SYSLIB0003	src/System.Web.ReferenceSource/Cache/SqlCacheDependency.cs	155	29	Cache	warning	'SqlClientPermission' is obsolete: 'Code Access Security is not supported or honored by the runtime.' (https://aka.ms/dotnet-warnings/SYSLIB0003)
warning	SYSLIB0003	src/System.Web.ReferenceSource/Cache/SqlCacheDependency.cs	155	49	Cache	warning	'PermissionState' is obsolete: 'Code Access Security is not supported or honored by the runtime.' (https://aka.ms/dotnet-warnings/SYSLIB0003)
warning	CS0618	src/System.Web.ReferenceSource/Cache/SqlCacheDependency.cs	172	56	Cache	warning	'SqlNotificationEventArgs' is obsolete: 'Use the Microsoft.Data.SqlClient package instead.'
warning	CS0618	src/System.Web.ReferenceSource/Cache/SqlCacheDependency.cs	182	27	Cache	warning	'SqlCommand' is obsolete: 'Use the Microsoft.Data.SqlClient package instead.'
warning	CS0618	src/System.Web.ReferenceSource/Cache/SqlCacheDependency.cs	183	32	Cache	warning	'SqlDependency' is obsolete: 'Use the Microsoft.Data.SqlClient package instead.'
warning	CS0618	src/System.Web.ReferenceSource/Cache/SqlCacheDependency.cs	192	42	Cache	warning	'OnChangeEventHandler' is obsolete: 'Use the Microsoft.Data.SqlClient package instead.'
warning	SYSLIB0051	src/System.Web.ReferenceSource/Cache/SqlCacheDependency.cs	439	9	Cache	warning	'SystemException.SystemException(SerializationInfo, StreamingContext)' is obsolete: 'This API supports obsolete formatter-based serialization. It should not be called or extended by application code.' (https://aka.ms/dotnet-warnings/SYSLIB0051)
warning	SYSLIB0051	src/System.Web.ReferenceSource/Cache/SqlCacheDependency.cs	463	9	Cache	warning	'SystemException.SystemException(SerializationInfo, StreamingContext)' is obsolete: 'This API supports obsolete formatter-based serialization. It should not be called or extended by application code.' (https://aka.ms/dotnet-warnings/SYSLIB0051)
warning	CS0618	src/System.Web.ReferenceSource/Cache/SqlCacheDependency.cs	479	18	Cache	warning	'SqlConnection' is obsolete: 'Use the Microsoft.Data.SqlClient package instead.'
warning	CS0618	src/System.Web.ReferenceSource/Cache/SqlCacheDependency.cs	480	18	Cache	warning	'SqlCommand' is obsolete: 'Use the Microsoft.Data.SqlClient package instead.'
warning	CS0618	src/System.Web.ReferenceSource/Cache/SqlCacheDependency.cs	512	41	Cache	warning	'SqlConnection' is obsolete: 'Use the Microsoft.Data.SqlClient package instead.'
warning	CS0618	src/System.Web.ReferenceSource/Cache/SqlCacheDependency.cs	512	68	Cache	warning	'SqlCommand' is obsolete: 'Use the Microsoft.Data.SqlClient package instead.'
warning	CS0618	src/System.Web.ReferenceSource/Cache/SqlCacheDependency.cs	536	34	Cache	warning	'SqlCommand' is obsolete: 'Use the Microsoft.Data.SqlClient package instead.'
warning	CS0618	src/System.Web.ReferenceSource/Cache/SqlCacheDependency.cs	553	45	Cache	warning	'SqlConnection' is obsolete: 'Use the Microsoft.Data.SqlClient package instead.'
warning	CS0618	src/System.Web.ReferenceSource/Cache/SqlCacheDependency.cs	553	72	Cache	warning	'SqlCommand' is obsolete: 'Use the Microsoft.Data.SqlClient package instead.'
warning	CS0618	src/System.Web.ReferenceSource/Cache/SqlCacheDependency.cs	754	13	Cache	warning	'SqlDataReader' is obsolete: 'Use the Microsoft.Data.SqlClient package instead.'
warning	CS0618	src/System.Web.ReferenceSource/Cache/SqlCacheDependency.cs	755	13	Cache	warning	'SqlConnection' is obsolete: 'Use the Microsoft.Data.SqlClient package instead.'
warning	CS0618	src/System.Web.ReferenceSource/Cache/SqlCacheDependency.cs	756	13	Cache	warning	'SqlCommand' is obsolete: 'Use the Microsoft.Data.SqlClient package instead.'
warning	CS0618	src/System.Web.ReferenceSource/Cache/SqlCacheDependency.cs	764	13	Cache	warning	'SqlException' is obsolete: 'Use the Microsoft.Data.SqlClient package instead.'
warning	CS0618	src/System.Web.ReferenceSource/Cache/SqlCacheDependency.cs	915	36	Cache	warning	'SqlException' is obsolete: 'Use the Microsoft.Data.SqlClient package instead.'
warning	CA1416	src/System.Web.ReferenceSource/Cache/SqlCacheDependency.cs	1137	39	Cache	warning	This call site is reachable on all platforms. 'WindowsIdentity.GetCurrent()' is only supported on: 'windows'. (https://learn.microsoft.com/dotnet/fundamentals/code-analysis/quality-rules/ca1416)
warning	CA1416	src/System.Web.ReferenceSource/Cache/SqlCacheDependency.cs	1137	39	Cache	warning	This call site is reachable on all platforms. 'WindowsIdentity.Name' is only supported on: 'windows'. (https://learn.microsoft.com/dotnet/fundamentals/code-analysis/quality-rules/ca1416)
warning	SYSLIB0003	src/System.Web.ReferenceSource/Cache/SqlCacheDependency.cs	1186	6	Cache	warning	'AspNetHostingPermissionAttribute' is obsolete: 'Code Access Security is not supported or honored by the runtime.' (https://aka.ms/dotnet-warnings/SYSLIB0003)
warning	SYSLIB0003	src/System.Web.ReferenceSource/Cache/SqlCacheDependency.cs	1186	30	Cache	warning	'SecurityAction' is obsolete: 'Code Access Security is not supported or honored by the runtime.' (https://aka.ms/dotnet-warnings/SYSLIB0003)
warning	CS0618	src/System.Web.ReferenceSource/Cache/SqlCacheDependency.cs	1464	13	Cache	warning	'SqlConnection' is obsolete: 'Use the Microsoft.Data.SqlClient package instead.'
warning	CS0618	src/System.Web.ReferenceSource/Cache/SqlCacheDependency.cs	1465	13	Cache	warning	'SqlCommand' is obsolete: 'Use the Microsoft.Data.SqlClient package instead.'
warning	CS0618	src/System.Web.ReferenceSource/Cache/SqlCacheDependency.cs	1493	37	Cache	warning	'SqlConnection' is obsolete: 'Use the Microsoft.Data.SqlClient package instead.'
warning	CS0618	src/System.Web.ReferenceSource/Cache/SqlCacheDependency.cs	1496	30	Cache	warning	'SqlCommand' is obsolete: 'Use the Microsoft.Data.SqlClient package instead.'
warning	CS0618	src/System.Web.ReferenceSource/Cache/SqlCacheDependency.cs	1501	47	Cache	warning	'SqlParameter' is obsolete: 'Use the Microsoft.Data.SqlClient package instead.'
warning	CS0618	src/System.Web.ReferenceSource/Cache/SqlCacheDependency.cs	1552	17	Cache	warning	'SqlException' is obsolete: 'Use the Microsoft.Data.SqlClient package instead.'
warning	CS0618	src/System.Web.ReferenceSource/Cache/SqlCacheDependency.cs	1552	45	Cache	warning	'SqlException' is obsolete: 'Use the Microsoft.Data.SqlClient package instead.'
warning	CS0618	src/System.Web.ReferenceSource/Cache/SqlCacheDependency.cs	1682	13	Cache	warning	'SqlDataReader' is obsolete: 'Use the Microsoft.Data.SqlClient package instead.'
warning	CS0618	src/System.Web.ReferenceSource/Cache/SqlCacheDependency.cs	1683	13	Cache	warning	'SqlConnection' is obsolete: 'Use the Microsoft.Data.SqlClient package instead.'
warning	CS0618	src/System.Web.ReferenceSource/Cache/SqlCacheDependency.cs	1684	13	Cache	warning	'SqlCommand' is obsolete: 'Use the Microsoft.Data.SqlClient package instead.'
warning	CS0618	src/System.Web.ReferenceSource/Cache/SqlCacheDependency.cs	1688	31	Cache	warning	'SqlConnection' is obsolete: 'Use the Microsoft.Data.SqlClient package instead.'
warning	CS0618	src/System.Web.ReferenceSource/Cache/SqlCacheDependency.cs	1691	30	Cache	warning	'SqlCommand' is obsolete: 'Use the Microsoft.Data.SqlClient package instead.'
warning	CS0618	src/System.Web.ReferenceSource/Cache/SqlCacheDependency.cs	1701	17	Cache	warning	'SqlException' is obsolete: 'Use the Microsoft.Data.SqlClient package instead.'
warning	CS0618	src/System.Web.ReferenceSource/Cache/SqlCacheDependency.cs	1701	45	Cache	warning	'SqlException' is obsolete: 'Use the Microsoft.Data.SqlClient package instead.'
warning	SYSLIB0003	src/System.Web.ReferenceSource/Cache/SubstitutionResponseElement.cs	10	6	Cache	warning	'AspNetHostingPermissionAttribute' is obsolete: 'Code Access Security is not supported or honored by the runtime.' (https://aka.ms/dotnet-warnings/SYSLIB0003)
warning	SYSLIB0003	src/System.Web.ReferenceSource/Cache/SubstitutionResponseElement.cs	10	30	Cache	warning	'SecurityAction' is obsolete: 'Code Access Security is not supported or honored by the runtime.' (https://aka.ms/dotnet-warnings/SYSLIB0003)
warning	SYSLIB0003	src/System.Web.ReferenceSource/Cache/cache.cs	192	10	Cache	warning	'SecurityPermissionAttribute' is obsolete: 'Code Access Security is not supported or honored by the runtime.' (https://aka.ms/dotnet-warnings/SYSLIB0003)
warning	SYSLIB0003	src/System.Web.ReferenceSource/Cache/cache.cs	192	29	Cache	warning	'SecurityAction' is obsolete: 'Code Access Security is not supported or honored by the runtime.' (https://aka.ms/dotnet-warnings/SYSLIB0003)
warning	SYSLIB0003	src/System.Web.ReferenceSource/Cache/cache.cs	243	10	Cache	warning	'PermissionSetAttribute' is obsolete: 'Code Access Security is not supported or honored by the runtime.' (https://aka.ms/dotnet-warnings/SYSLIB0003)
warning	SYSLIB0003	src/System.Web.ReferenceSource/Cache/cache.cs	243	24	Cache	warning	'SecurityAction' is obsolete: 'Code Access Security is not supported or honored by the runtime.' (https://aka.ms/dotnet-warnings/SYSLIB0003)
warning	SYSLIB0003	src/System.Web.ReferenceSource/Compilation/AssemblyBuilder.cs	239	6	Compilation	warning	'FileIOPermissionAttribute' is obsolete: 'Code Access Security is not supported or honored by the runtime.' (https://aka.ms/dotnet-warnings/SYSLIB0003)
warning	SYSLIB0003	src/System.Web.ReferenceSource/Compilation/AssemblyBuilder.cs	239	23	Compilation	warning	'SecurityAction' is obsolete: 'Code Access Security is not supported or honored by the runtime.' (https://aka.ms/dotnet-warnings/SYSLIB0003)
warning	SYSLIB0003	src/System.Web.ReferenceSource/Compilation/AssemblyBuilder.cs	307	6	Compilation	warning	'FileIOPermissionAttribute' is obsolete: 'Code Access Security is not supported or honored by the runtime.' (https://aka.ms/dotnet-warnings/SYSLIB0003)
warning	SYSLIB0003	src/System.Web.ReferenceSource/Compilation/AssemblyBuilder.cs	307	23	Compilation	warning	'SecurityAction' is obsolete: 'Code Access Security is not supported or honored by the runtime.' (https://aka.ms/dotnet-warnings/SYSLIB0003)
warning	SYSLIB0003	src/System.Web.ReferenceSource/Compilation/AssemblyBuilder.cs	307	57	Compilation	warning	'FileIOPermissionAccess' is obsolete: 'Code Access Security is not supported or honored by the runtime.' (https://aka.ms/dotnet-warnings/SYSLIB0003)
warning	SYSLIB0003	src/System.Web.ReferenceSource/Compilation/AssemblyBuilder.cs	368	6	Compilation	warning	'FileIOPermissionAttribute' is obsolete: 'Code Access Security is not supported or honored by the runtime.' (https://aka.ms/dotnet-warnings/SYSLIB0003)
warning	SYSLIB0003	src/System.Web.ReferenceSource/Compilation/AssemblyBuilder.cs	368	23	Compilation	warning	'SecurityAction' is obsolete: 'Code Access Security is not supported or honored by the runtime.' (https://aka.ms/dotnet-warnings/SYSLIB0003)
warning	SYSLIB0003	src/System.Web.ReferenceSource/Compilation/AssemblyBuilder.cs	428	6	Compilation	warning	'FileIOPermissionAttribute' is obsolete: 'Code Access Security is not supported or honored by the runtime.' (https://aka.ms/dotnet-warnings/SYSLIB0003)
warning	SYSLIB0003	src/System.Web.ReferenceSource/Compilation/AssemblyBuilder.cs	428	23	Compilation	warning	'SecurityAction' is obsolete: 'Code Access Security is not supported or honored by the runtime.' (https://aka.ms/dotnet-warnings/SYSLIB0003)
warning	CS0436	src/System.Web.ReferenceSource/Compilation/BaseTemplateCodeDomTreeGenerator.cs	67	64	Compilation	warning	The type 'HttpUtility' in '/Users/vm/repos/rehost-webforms/src/Rehost.WebForms.Runtime/../System.Web.ReferenceSource/httpserverutility.cs' conflicts with the imported type 'HttpUtility' in 'System.Web.HttpUtility, Version=10.0.0.0, Culture=neutral, PublicKeyToken=cc7b13ffcd2ddd51'. Using the type defined in '/Users/vm/repos/rehost-webforms/src/Rehost.WebForms.Runtime/../System.Web.ReferenceSource/httpserverutility.cs'.
warning	CS0436	src/System.Web.ReferenceSource/Compilation/BaseTemplateCodeDomTreeGenerator.cs	1307	72	Compilation	warning	The type 'HttpUtility' in '/Users/vm/repos/rehost-webforms/src/Rehost.WebForms.Runtime/../System.Web.ReferenceSource/httpserverutility.cs' conflicts with the imported type 'HttpUtility' in 'System.Web.HttpUtility, Version=10.0.0.0, Culture=neutral, PublicKeyToken=cc7b13ffcd2ddd51'. Using the type defined in '/Users/vm/repos/rehost-webforms/src/Rehost.WebForms.Runtime/../System.Web.ReferenceSource/httpserverutility.cs'.
warning	SYSLIB0005	src/System.Web.ReferenceSource/Compilation/BrowserCapabilitiesCompiler.cs	65	41	Compilation	warning	'Assembly.GlobalAssemblyCache' is obsolete: 'The Global Assembly Cache is not supported.' (https://aka.ms/dotnet-warnings/SYSLIB0005)
warning	SYSLIB0003	src/System.Web.ReferenceSource/Compilation/BrowserCapabilitiesCompiler.cs	154	17	Compilation	warning	'CodeAccessPermission' is obsolete: 'Code Access Security is not supported or honored by the runtime.' (https://aka.ms/dotnet-warnings/SYSLIB0003)
warning	SYSLIB0023	src/System.Web.ReferenceSource/Compilation/BuildManager.cs	69	24	Compilation	warning	'RNGCryptoServiceProvider' is obsolete: 'RNGCryptoServiceProvider is obsolete. To generate a random number, use one of the RandomNumberGenerator static methods instead.' (https://aka.ms/dotnet-warnings/SYSLIB0023)
warning	SYSLIB0023	src/System.Web.ReferenceSource/Compilation/BuildManager.cs	69	89	Compilation	warning	'RNGCryptoServiceProvider' is obsolete: 'RNGCryptoServiceProvider is obsolete. To generate a random number, use one of the RandomNumberGenerator static methods instead.' (https://aka.ms/dotnet-warnings/SYSLIB0023)
warning	SYSLIB0003	src/System.Web.ReferenceSource/Compilation/BuildManager.cs	135	10	Compilation	warning	'PermissionSetAttribute' is obsolete: 'Code Access Security is not supported or honored by the runtime.' (https://aka.ms/dotnet-warnings/SYSLIB0003)
warning	SYSLIB0003	src/System.Web.ReferenceSource/Compilation/BuildManager.cs	135	24	Compilation	warning	'SecurityAction' is obsolete: 'Code Access Security is not supported or honored by the runtime.' (https://aka.ms/dotnet-warnings/SYSLIB0003)
warning	SYSLIB0003	src/System.Web.ReferenceSource/Compilation/BuildManager.cs	1153	10	Compilation	warning	'PermissionSetAttribute' is obsolete: 'Code Access Security is not supported or honored by the runtime.' (https://aka.ms/dotnet-warnings/SYSLIB0003)
warning	SYSLIB0003	src/System.Web.ReferenceSource/Compilation/BuildManager.cs	1153	24	Compilation	warning	'SecurityAction' is obsolete: 'Code Access Security is not supported or honored by the runtime.' (https://aka.ms/dotnet-warnings/SYSLIB0003)
warning	SYSLIB0003	src/System.Web.ReferenceSource/Compilation/BuildManager.cs	1547	10	Compilation	warning	'PermissionSetAttribute' is obsolete: 'Code Access Security is not supported or honored by the runtime.' (https://aka.ms/dotnet-warnings/SYSLIB0003)
warning	SYSLIB0003	src/System.Web.ReferenceSource/Compilation/BuildManager.cs	1547	24	Compilation	warning	'SecurityAction' is obsolete: 'Code Access Security is not supported or honored by the runtime.' (https://aka.ms/dotnet-warnings/SYSLIB0003)
warning	SYSLIB0003	src/System.Web.ReferenceSource/Compilation/BuildManager.cs	2555	10	Compilation	warning	'PermissionSetAttribute' is obsolete: 'Code Access Security is not supported or honored by the runtime.' (https://aka.ms/dotnet-warnings/SYSLIB0003)
warning	SYSLIB0003	src/System.Web.ReferenceSource/Compilation/BuildManager.cs	2555	24	Compilation	warning	'SecurityAction' is obsolete: 'Code Access Security is not supported or honored by the runtime.' (https://aka.ms/dotnet-warnings/SYSLIB0003)
warning	SYSLIB0003	src/System.Web.ReferenceSource/Compilation/BuildManager.cs	3383	17	Compilation	warning	'FileIOPermission' is obsolete: 'Code Access Security is not supported or honored by the runtime.' (https://aka.ms/dotnet-warnings/SYSLIB0003)
warning	SYSLIB0003	src/System.Web.ReferenceSource/Compilation/BuildManager.cs	3383	34	Compilation	warning	'FileIOPermissionAccess' is obsolete: 'Code Access Security is not supported or honored by the runtime.' (https://aka.ms/dotnet-warnings/SYSLIB0003)
warning	SYSLIB0003	src/System.Web.ReferenceSource/Compilation/BuildManager.cs	3394	17	Compilation	warning	'FileIOPermission' is obsolete: 'Code Access Security is not supported or honored by the runtime.' (https://aka.ms/dotnet-warnings/SYSLIB0003)
warning	SYSLIB0003	src/System.Web.ReferenceSource/Compilation/BuildManager.cs	3394	34	Compilation	warning	'FileIOPermissionAccess' is obsolete: 'Code Access Security is not supported or honored by the runtime.' (https://aka.ms/dotnet-warnings/SYSLIB0003)
warning	SYSLIB0003	src/System.Web.ReferenceSource/Compilation/BuildManagerHost.cs	122	6	Compilation	warning	'PermissionSetAttribute' is obsolete: 'Code Access Security is not supported or honored by the runtime.' (https://aka.ms/dotnet-warnings/SYSLIB0003)
warning	SYSLIB0003	src/System.Web.ReferenceSource/Compilation/BuildManagerHost.cs	122	20	Compilation	warning	'SecurityAction' is obsolete: 'Code Access Security is not supported or honored by the runtime.' (https://aka.ms/dotnet-warnings/SYSLIB0003)
warning	SYSLIB0003	src/System.Web.ReferenceSource/Compilation/BuildManagerHost.cs	209	6	Compilation	warning	'PermissionSetAttribute' is obsolete: 'Code Access Security is not supported or honored by the runtime.' (https://aka.ms/dotnet-warnings/SYSLIB0003)
warning	SYSLIB0003	src/System.Web.ReferenceSource/Compilation/BuildManagerHost.cs	209	20	Compilation	warning	'SecurityAction' is obsolete: 'Code Access Security is not supported or honored by the runtime.' (https://aka.ms/dotnet-warnings/SYSLIB0003)
warning	SYSLIB0003	src/System.Web.ReferenceSource/Compilation/BuildManagerHost.cs	360	6	Compilation	warning	'PermissionSetAttribute' is obsolete: 'Code Access Security is not supported or honored by the runtime.' (https://aka.ms/dotnet-warnings/SYSLIB0003)
warning	SYSLIB0003	src/System.Web.ReferenceSource/Compilation/BuildManagerHost.cs	360	20	Compilation	warning	'SecurityAction' is obsolete: 'Code Access Security is not supported or honored by the runtime.' (https://aka.ms/dotnet-warnings/SYSLIB0003)
warning	SYSLIB0003	src/System.Web.ReferenceSource/Compilation/BuildManagerHost.cs	393	6	Compilation	warning	'PermissionSetAttribute' is obsolete: 'Code Access Security is not supported or honored by the runtime.' (https://aka.ms/dotnet-warnings/SYSLIB0003)
warning	SYSLIB0003	src/System.Web.ReferenceSource/Compilation/BuildManagerHost.cs	393	20	Compilation	warning	'SecurityAction' is obsolete: 'Code Access Security is not supported or honored by the runtime.' (https://aka.ms/dotnet-warnings/SYSLIB0003)
warning	CS0672	src/System.Web.ReferenceSource/Compilation/BuildManagerHost.cs	558	28	Compilation	warning	Member 'BuildManagerHost.InitializeLifetimeService()' overrides obsolete member 'MarshalByRefObject.InitializeLifetimeService()'. Add the Obsolete attribute to 'BuildManagerHost.InitializeLifetimeService()'.
warning	SYSLIB0005	src/System.Web.ReferenceSource/Compilation/BuildResult.cs	463	57	Compilation	warning	'Assembly.GlobalAssemblyCache' is obsolete: 'The Global Assembly Cache is not supported.' (https://aka.ms/dotnet-warnings/SYSLIB0005)
warning	SYSLIB0005	src/System.Web.ReferenceSource/Compilation/BuildResult.cs	521	17	Compilation	warning	'Assembly.GlobalAssemblyCache' is obsolete: 'The Global Assembly Cache is not supported.' (https://aka.ms/dotnet-warnings/SYSLIB0005)
warning	SYSLIB0011	src/System.Web.ReferenceSource/Compilation/BuildResult.cs	1263	13	Compilation	warning	'BinaryFormatter' is obsolete: 'BinaryFormatter serialization is obsolete and should not be used. See https://aka.ms/binaryformatter for more information.' (https://aka.ms/dotnet-warnings/SYSLIB0011)
warning	SYSLIB0011	src/System.Web.ReferenceSource/Compilation/BuildResult.cs	1263	45	Compilation	warning	'BinaryFormatter' is obsolete: 'BinaryFormatter serialization is obsolete and should not be used. See https://aka.ms/binaryformatter for more information.' (https://aka.ms/dotnet-warnings/SYSLIB0011)
warning	SYSLIB0011	src/System.Web.ReferenceSource/Compilation/BuildResult.cs	1284	13	Compilation	warning	'BinaryFormatter' is obsolete: 'BinaryFormatter serialization is obsolete and should not be used. See https://aka.ms/binaryformatter for more information.' (https://aka.ms/dotnet-warnings/SYSLIB0011)
warning	SYSLIB0011	src/System.Web.ReferenceSource/Compilation/BuildResult.cs	1284	45	Compilation	warning	'BinaryFormatter' is obsolete: 'BinaryFormatter serialization is obsolete and should not be used. See https://aka.ms/binaryformatter for more information.' (https://aka.ms/dotnet-warnings/SYSLIB0011)
warning	SYSLIB0005	src/System.Web.ReferenceSource/Compilation/BuildResultCache.cs	57	23	Compilation	warning	'Assembly.GlobalAssemblyCache' is obsolete: 'The Global Assembly Cache is not supported.' (https://aka.ms/dotnet-warnings/SYSLIB0005)
warning	SYSLIB0003	src/System.Web.ReferenceSource/Compilation/BuildResultCache.cs	82	6	Compilation	warning	'PermissionSetAttribute' is obsolete: 'Code Access Security is not supported or honored by the runtime.' (https://aka.ms/dotnet-warnings/SYSLIB0003)
warning	SYSLIB0003	src/System.Web.ReferenceSource/Compilation/BuildResultCache.cs	82	20	Compilation	warning	'SecurityAction' is obsolete: 'Code Access Security is not supported or honored by the runtime.' (https://aka.ms/dotnet-warnings/SYSLIB0003)
warning	SYSLIB0005	src/System.Web.ReferenceSource/Compilation/BuildResultCache.cs	87	13	Compilation	warning	'Assembly.GlobalAssemblyCache' is obsolete: 'The Global Assembly Cache is not supported.' (https://aka.ms/dotnet-warnings/SYSLIB0005)
warning	SYSLIB0003	src/System.Web.ReferenceSource/Compilation/BuildResultCache.cs	246	6	Compilation	warning	'FileIOPermissionAttribute' is obsolete: 'Code Access Security is not supported or honored by the runtime.' (https://aka.ms/dotnet-warnings/SYSLIB0003)
warning	SYSLIB0003	src/System.Web.ReferenceSource/Compilation/BuildResultCache.cs	246	23	Compilation	warning	'SecurityAction' is obsolete: 'Code Access Security is not supported or honored by the runtime.' (https://aka.ms/dotnet-warnings/SYSLIB0003)
warning	SYSLIB0003	src/System.Web.ReferenceSource/Compilation/ClientBuildManager.cs	105	2	Compilation	warning	'PermissionSetAttribute' is obsolete: 'Code Access Security is not supported or honored by the runtime.' (https://aka.ms/dotnet-warnings/SYSLIB0003)
warning	SYSLIB0003	src/System.Web.ReferenceSource/Compilation/ClientBuildManager.cs	105	16	Compilation	warning	'SecurityAction' is obsolete: 'Code Access Security is not supported or honored by the runtime.' (https://aka.ms/dotnet-warnings/SYSLIB0003)
warning	SYSLIB0003	src/System.Web.ReferenceSource/Compilation/ClientBuildManager.cs	106	2	Compilation	warning	'PermissionSetAttribute' is obsolete: 'Code Access Security is not supported or honored by the runtime.' (https://aka.ms/dotnet-warnings/SYSLIB0003)
warning	SYSLIB0003	src/System.Web.ReferenceSource/Compilation/ClientBuildManager.cs	106	16	Compilation	warning	'SecurityAction' is obsolete: 'Code Access Security is not supported or honored by the runtime.' (https://aka.ms/dotnet-warnings/SYSLIB0003)
warning	CS0672	src/System.Web.ReferenceSource/Compilation/ClientBuildManager.cs	605	28	Compilation	warning	Member 'ClientBuildManager.InitializeLifetimeService()' overrides obsolete member 'MarshalByRefObject.InitializeLifetimeService()'. Add the Obsolete attribute to 'ClientBuildManager.InitializeLifetimeService()'.
warning	SYSLIB0003	src/System.Web.ReferenceSource/Compilation/ClientBuildManager.cs	726	6	Compilation	warning	'PermissionSetAttribute' is obsolete: 'Code Access Security is not supported or honored by the runtime.' (https://aka.ms/dotnet-warnings/SYSLIB0003)
warning	SYSLIB0003	src/System.Web.ReferenceSource/Compilation/ClientBuildManager.cs	726	20	Compilation	warning	'SecurityAction' is obsolete: 'Code Access Security is not supported or honored by the runtime.' (https://aka.ms/dotnet-warnings/SYSLIB0003)
warning	SYSLIB0003	src/System.Web.ReferenceSource/Compilation/ClientBuildManager.cs	736	6	Compilation	warning	'PermissionSetAttribute' is obsolete: 'Code Access Security is not supported or honored by the runtime.' (https://aka.ms/dotnet-warnings/SYSLIB0003)
warning	SYSLIB0003	src/System.Web.ReferenceSource/Compilation/ClientBuildManager.cs	736	20	Compilation	warning	'SecurityAction' is obsolete: 'Code Access Security is not supported or honored by the runtime.' (https://aka.ms/dotnet-warnings/SYSLIB0003)
warning	SYSLIB0003	src/System.Web.ReferenceSource/Compilation/ClientBuildManager.cs	771	2	Compilation	warning	'PermissionSetAttribute' is obsolete: 'Code Access Security is not supported or honored by the runtime.' (https://aka.ms/dotnet-warnings/SYSLIB0003)
warning	SYSLIB0003	src/System.Web.ReferenceSource/Compilation/ClientBuildManager.cs	771	16	Compilation	warning	'SecurityAction' is obsolete: 'Code Access Security is not supported or honored by the runtime.' (https://aka.ms/dotnet-warnings/SYSLIB0003)
warning	SYSLIB0003	src/System.Web.ReferenceSource/Compilation/ClientBuildManager.cs	772	2	Compilation	warning	'PermissionSetAttribute' is obsolete: 'Code Access Security is not supported or honored by the runtime.' (https://aka.ms/dotnet-warnings/SYSLIB0003)
warning	SYSLIB0003	src/System.Web.ReferenceSource/Compilation/ClientBuildManager.cs	772	16	Compilation	warning	'SecurityAction' is obsolete: 'Code Access Security is not supported or honored by the runtime.' (https://aka.ms/dotnet-warnings/SYSLIB0003)
warning	SYSLIB0003	src/System.Web.ReferenceSource/Compilation/ClientBuildManagerCallback.cs	23	2	Compilation	warning	'PermissionSetAttribute' is obsolete: 'Code Access Security is not supported or honored by the runtime.' (https://aka.ms/dotnet-warnings/SYSLIB0003)
warning	SYSLIB0003	src/System.Web.ReferenceSource/Compilation/ClientBuildManagerCallback.cs	23	16	Compilation	warning	'SecurityAction' is obsolete: 'Code Access Security is not supported or honored by the runtime.' (https://aka.ms/dotnet-warnings/SYSLIB0003)
warning	SYSLIB0003	src/System.Web.ReferenceSource/Compilation/ClientBuildManagerCallback.cs	24	2	Compilation	warning	'PermissionSetAttribute' is obsolete: 'Code Access Security is not supported or honored by the runtime.' (https://aka.ms/dotnet-warnings/SYSLIB0003)
warning	SYSLIB0003	src/System.Web.ReferenceSource/Compilation/ClientBuildManagerCallback.cs	24	16	Compilation	warning	'SecurityAction' is obsolete: 'Code Access Security is not supported or honored by the runtime.' (https://aka.ms/dotnet-warnings/SYSLIB0003)
warning	CS0672	src/System.Web.ReferenceSource/Compilation/ClientBuildManagerCallback.cs	37	28	Compilation	warning	Member 'ClientBuildManagerCallback.InitializeLifetimeService()' overrides obsolete member 'MarshalByRefObject.InitializeLifetimeService()'. Add the Obsolete attribute to 'ClientBuildManagerCallback.InitializeLifetimeService()'.
warning	CS0672	src/System.Web.ReferenceSource/Compilation/ClientBuildManagerTypeDescriptionProviderBridge.cs	19	28	Compilation	warning	Member 'ClientBuildManagerTypeDescriptionProviderBridge.InitializeLifetimeService()' overrides obsolete member 'MarshalByRefObject.InitializeLifetimeService()'. Add the Obsolete attribute to 'ClientBuildManagerTypeDescriptionProviderBridge.InitializeLifetimeService()'.
warning	SYSLIB0003	src/System.Web.ReferenceSource/Compilation/CompilationUtil.cs	468	10	Compilation	warning	'ReflectionPermissionAttribute' is obsolete: 'Code Access Security is not supported or honored by the runtime.' (https://aka.ms/dotnet-warnings/SYSLIB0003)
warning	SYSLIB0003	src/System.Web.ReferenceSource/Compilation/CompilationUtil.cs	468	31	Compilation	warning	'SecurityAction' is obsolete: 'Code Access Security is not supported or honored by the runtime.' (https://aka.ms/dotnet-warnings/SYSLIB0003)
warning	SYSLIB0003	src/System.Web.ReferenceSource/Compilation/CompilationUtil.cs	536	10	Compilation	warning	'ReflectionPermissionAttribute' is obsolete: 'Code Access Security is not supported or honored by the runtime.' (https://aka.ms/dotnet-warnings/SYSLIB0003)
warning	SYSLIB0003	src/System.Web.ReferenceSource/Compilation/CompilationUtil.cs	536	31	Compilation	warning	'SecurityAction' is obsolete: 'Code Access Security is not supported or honored by the runtime.' (https://aka.ms/dotnet-warnings/SYSLIB0003)
warning	SYSLIB0003	src/System.Web.ReferenceSource/Compilation/CompilationUtil.cs	549	10	Compilation	warning	'ReflectionPermissionAttribute' is obsolete: 'Code Access Security is not supported or honored by the runtime.' (https://aka.ms/dotnet-warnings/SYSLIB0003)
warning	SYSLIB0003	src/System.Web.ReferenceSource/Compilation/CompilationUtil.cs	549	31	Compilation	warning	'SecurityAction' is obsolete: 'Code Access Security is not supported or honored by the runtime.' (https://aka.ms/dotnet-warnings/SYSLIB0003)
warning	CS0436	src/System.Web.ReferenceSource/Compilation/DataBindingExpressionBuilder.cs	70	64	Compilation	warning	The type 'HttpUtility' in '/Users/vm/repos/rehost-webforms/src/Rehost.WebForms.Runtime/../System.Web.ReferenceSource/httpserverutility.cs' conflicts with the imported type 'HttpUtility' in 'System.Web.HttpUtility, Version=10.0.0.0, Culture=neutral, PublicKeyToken=cc7b13ffcd2ddd51'. Using the type defined in '/Users/vm/repos/rehost-webforms/src/Rehost.WebForms.Runtime/../System.Web.ReferenceSource/httpserverutility.cs'.
warning	SYSLIB0003	src/System.Web.ReferenceSource/Compilation/IAssemblyPostProcessor.cs	14	6	Compilation	warning	'AspNetHostingPermissionAttribute' is obsolete: 'Code Access Security is not supported or honored by the runtime.' (https://aka.ms/dotnet-warnings/SYSLIB0003)
warning	SYSLIB0003	src/System.Web.ReferenceSource/Compilation/IAssemblyPostProcessor.cs	14	30	Compilation	warning	'SecurityAction' is obsolete: 'Code Access Security is not supported or honored by the runtime.' (https://aka.ms/dotnet-warnings/SYSLIB0003)
warning	SYSLIB0003	src/System.Web.ReferenceSource/Compilation/IAssemblyPostProcessor.cs	15	6	Compilation	warning	'AspNetHostingPermissionAttribute' is obsolete: 'Code Access Security is not supported or honored by the runtime.' (https://aka.ms/dotnet-warnings/SYSLIB0003)
warning	SYSLIB0003	src/System.Web.ReferenceSource/Compilation/IAssemblyPostProcessor.cs	15	30	Compilation	warning	'SecurityAction' is obsolete: 'Code Access Security is not supported or honored by the runtime.' (https://aka.ms/dotnet-warnings/SYSLIB0003)
warning	SYSLIB0003	src/System.Web.ReferenceSource/Compilation/IResourceProvider.cs	169	10	Compilation	warning	'PermissionSetAttribute' is obsolete: 'Code Access Security is not supported or honored by the runtime.' (https://aka.ms/dotnet-warnings/SYSLIB0003)
warning	SYSLIB0003	src/System.Web.ReferenceSource/Compilation/IResourceProvider.cs	169	24	Compilation	warning	'SecurityAction' is obsolete: 'Code Access Security is not supported or honored by the runtime.' (https://aka.ms/dotnet-warnings/SYSLIB0003)
warning	SYSLIB0003	src/System.Web.ReferenceSource/Compilation/MultiTargetingUtil.cs	215	10	Compilation	warning	'RegistryPermissionAttribute' is obsolete: 'Code Access Security is not supported or honored by the runtime.' (https://aka.ms/dotnet-warnings/SYSLIB0003)
warning	SYSLIB0003	src/System.Web.ReferenceSource/Compilation/MultiTargetingUtil.cs	215	29	Compilation	warning	'SecurityAction' is obsolete: 'Code Access Security is not supported or honored by the runtime.' (https://aka.ms/dotnet-warnings/SYSLIB0003)
warning	CA1416	src/System.Web.ReferenceSource/Compilation/MultiTargetingUtil.cs	227	28	Compilation	warning	This call site is reachable on all platforms. 'Registry.GetValue(string, string?, object?)' is only supported on: 'windows'. (https://learn.microsoft.com/dotnet/fundamentals/code-analysis/quality-rules/ca1416)
warning	SYSLIB0003	src/System.Web.ReferenceSource/Compilation/MultiTargetingUtil.cs	239	10	Compilation	warning	'RegistryPermissionAttribute' is obsolete: 'Code Access Security is not supported or honored by the runtime.' (https://aka.ms/dotnet-warnings/SYSLIB0003)
warning	SYSLIB0003	src/System.Web.ReferenceSource/Compilation/MultiTargetingUtil.cs	239	29	Compilation	warning	'SecurityAction' is obsolete: 'Code Access Security is not supported or honored by the runtime.' (https://aka.ms/dotnet-warnings/SYSLIB0003)
warning	CA1416	src/System.Web.ReferenceSource/Compilation/MultiTargetingUtil.cs	249	31	Compilation	warning	This call site is reachable on all platforms. 'Registry.LocalMachine' is only supported on: 'windows'. (https://learn.microsoft.com/dotnet/fundamentals/code-analysis/quality-rules/ca1416)
warning	CA1416	src/System.Web.ReferenceSource/Compilation/MultiTargetingUtil.cs	249	31	Compilation	warning	This call site is reachable on all platforms. 'RegistryKey.OpenSubKey(string)' is only supported on: 'windows'. (https://learn.microsoft.com/dotnet/fundamentals/code-analysis/quality-rules/ca1416)
warning	CA1416	src/System.Web.ReferenceSource/Compilation/MultiTargetingUtil.cs	250	43	Compilation	warning	This call site is reachable on all platforms. 'RegistryKey.GetSubKeyNames()' is only supported on: 'windows'. (https://learn.microsoft.com/dotnet/fundamentals/code-analysis/quality-rules/ca1416)
warning	SYSLIB0003	src/System.Web.ReferenceSource/Compilation/ObjectFactoryCodeDomTreeGenerator.cs	195	6	Compilation	warning	'ReflectionPermissionAttribute' is obsolete: 'Code Access Security is not supported or honored by the runtime.' (https://aka.ms/dotnet-warnings/SYSLIB0003)
warning	SYSLIB0003	src/System.Web.ReferenceSource/Compilation/ObjectFactoryCodeDomTreeGenerator.cs	195	27	Compilation	warning	'SecurityAction' is obsolete: 'Code Access Security is not supported or honored by the runtime.' (https://aka.ms/dotnet-warnings/SYSLIB0003)
warning	SYSLIB0003	src/System.Web.ReferenceSource/Compilation/ObjectFactoryCodeDomTreeGenerator.cs	195	58	Compilation	warning	'ReflectionPermissionFlag' is obsolete: 'Code Access Security is not supported or honored by the runtime.' (https://aka.ms/dotnet-warnings/SYSLIB0003)
warning	SYSLIB0003	src/System.Web.ReferenceSource/Compilation/ThemeDirectoryCompiler.cs	35	6	Compilation	warning	'PermissionSetAttribute' is obsolete: 'Code Access Security is not supported or honored by the runtime.' (https://aka.ms/dotnet-warnings/SYSLIB0003)
warning	SYSLIB0003	src/System.Web.ReferenceSource/Compilation/ThemeDirectoryCompiler.cs	35	20	Compilation	warning	'SecurityAction' is obsolete: 'Code Access Security is not supported or honored by the runtime.' (https://aka.ms/dotnet-warnings/SYSLIB0003)
warning	CS0436	src/System.Web.ReferenceSource/Configuration/AuthenticationConfig.cs	86	35	Configuration	warning	The type 'HttpUtility' in '/Users/vm/repos/rehost-webforms/src/Rehost.WebForms.Runtime/../System.Web.ReferenceSource/httpserverutility.cs' conflicts with the imported type 'HttpUtility' in 'System.Web.HttpUtility, Version=10.0.0.0, Culture=neutral, PublicKeyToken=cc7b13ffcd2ddd51'. Using the type defined in '/Users/vm/repos/rehost-webforms/src/Rehost.WebForms.Runtime/../System.Web.ReferenceSource/httpserverutility.cs'.
warning	CS0436	src/System.Web.ReferenceSource/Configuration/AuthenticationConfig.cs	91	35	Configuration	warning	The type 'HttpUtility' in '/Users/vm/repos/rehost-webforms/src/Rehost.WebForms.Runtime/../System.Web.ReferenceSource/httpserverutility.cs' conflicts with the imported type 'HttpUtility' in 'System.Web.HttpUtility, Version=10.0.0.0, Culture=neutral, PublicKeyToken=cc7b13ffcd2ddd51'. Using the type defined in '/Users/vm/repos/rehost-webforms/src/Rehost.WebForms.Runtime/../System.Web.ReferenceSource/httpserverutility.cs'.
warning	SYSLIB0003	src/System.Web.ReferenceSource/Configuration/BrowserCapabilitiesCodeGenerator.cs	37	6	Configuration	warning	'PermissionSetAttribute' is obsolete: 'Code Access Security is not supported or honored by the runtime.' (https://aka.ms/dotnet-warnings/SYSLIB0003)
warning	SYSLIB0003	src/System.Web.ReferenceSource/Configuration/BrowserCapabilitiesCodeGenerator.cs	37	20	Configuration	warning	'SecurityAction' is obsolete: 'Code Access Security is not supported or honored by the runtime.' (https://aka.ms/dotnet-warnings/SYSLIB0003)
warning	SYSLIB0003	src/System.Web.ReferenceSource/Configuration/BrowserCapabilitiesCodeGenerator.cs	38	6	Configuration	warning	'PermissionSetAttribute' is obsolete: 'Code Access Security is not supported or honored by the runtime.' (https://aka.ms/dotnet-warnings/SYSLIB0003)
warning	SYSLIB0003	src/System.Web.ReferenceSource/Configuration/BrowserCapabilitiesCodeGenerator.cs	38	20	Configuration	warning	'SecurityAction' is obsolete: 'Code Access Security is not supported or honored by the runtime.' (https://aka.ms/dotnet-warnings/SYSLIB0003)
warning	SYSLIB0003	src/System.Web.ReferenceSource/Configuration/BrowserCapabilitiesCodeGenerator.cs	174	10	Configuration	warning	'SecurityPermissionAttribute' is obsolete: 'Code Access Security is not supported or honored by the runtime.' (https://aka.ms/dotnet-warnings/SYSLIB0003)
warning	SYSLIB0003	src/System.Web.ReferenceSource/Configuration/BrowserCapabilitiesCodeGenerator.cs	174	29	Configuration	warning	'SecurityAction' is obsolete: 'Code Access Security is not supported or honored by the runtime.' (https://aka.ms/dotnet-warnings/SYSLIB0003)
warning	SYSLIB0003	src/System.Web.ReferenceSource/Configuration/BrowserCapabilitiesCodeGenerator.cs	220	10	Configuration	warning	'SecurityPermissionAttribute' is obsolete: 'Code Access Security is not supported or honored by the runtime.' (https://aka.ms/dotnet-warnings/SYSLIB0003)
warning	SYSLIB0003	src/System.Web.ReferenceSource/Configuration/BrowserCapabilitiesCodeGenerator.cs	220	29	Configuration	warning	'SecurityAction' is obsolete: 'Code Access Security is not supported or honored by the runtime.' (https://aka.ms/dotnet-warnings/SYSLIB0003)
warning	SYSLIB0003	src/System.Web.ReferenceSource/Configuration/BrowserCapabilitiesCodeGenerator.cs	855	13	Configuration	warning	'IStackWalk' is obsolete: 'Code Access Security is not supported or honored by the runtime.' (https://aka.ms/dotnet-warnings/SYSLIB0003)
warning	SYSLIB0003	src/System.Web.ReferenceSource/Configuration/BrowserCapabilitiesCodeGenerator.cs	878	17	Configuration	warning	'CodeAccessPermission' is obsolete: 'Code Access Security is not supported or honored by the runtime.' (https://aka.ms/dotnet-warnings/SYSLIB0003)
warning	SYSLIB0003	src/System.Web.ReferenceSource/Configuration/CapabilitiesState.cs	92	10	Configuration	warning	'AspNetHostingPermissionAttribute' is obsolete: 'Code Access Security is not supported or honored by the runtime.' (https://aka.ms/dotnet-warnings/SYSLIB0003)
warning	SYSLIB0003	src/System.Web.ReferenceSource/Configuration/CapabilitiesState.cs	92	34	Configuration	warning	'SecurityAction' is obsolete: 'Code Access Security is not supported or honored by the runtime.' (https://aka.ms/dotnet-warnings/SYSLIB0003)
warning	SYSLIB0003	src/System.Web.ReferenceSource/Configuration/ClientRuntimeConfig.cs	21	10	Configuration	warning	'ConfigurationPermissionAttribute' is obsolete: 'Code Access Security is not supported or honored by the runtime.' (https://aka.ms/dotnet-warnings/SYSLIB0003)
warning	SYSLIB0003	src/System.Web.ReferenceSource/Configuration/ClientRuntimeConfig.cs	21	34	Configuration	warning	'SecurityAction' is obsolete: 'Code Access Security is not supported or honored by the runtime.' (https://aka.ms/dotnet-warnings/SYSLIB0003)
warning	SYSLIB0003	src/System.Web.ReferenceSource/Configuration/GacUtil.cs	18	10	Configuration	warning	'SecurityPermissionAttribute' is obsolete: 'Code Access Security is not supported or honored by the runtime.' (https://aka.ms/dotnet-warnings/SYSLIB0003)
warning	SYSLIB0003	src/System.Web.ReferenceSource/Configuration/GacUtil.cs	18	29	Configuration	warning	'SecurityAction' is obsolete: 'Code Access Security is not supported or honored by the runtime.' (https://aka.ms/dotnet-warnings/SYSLIB0003)
warning	SYSLIB0003	src/System.Web.ReferenceSource/Configuration/GacUtil.cs	59	10	Configuration	warning	'SecurityPermissionAttribute' is obsolete: 'Code Access Security is not supported or honored by the runtime.' (https://aka.ms/dotnet-warnings/SYSLIB0003)
warning	SYSLIB0003	src/System.Web.ReferenceSource/Configuration/GacUtil.cs	59	29	Configuration	warning	'SecurityAction' is obsolete: 'Code Access Security is not supported or honored by the runtime.' (https://aka.ms/dotnet-warnings/SYSLIB0003)
warning	SYSLIB0003	src/System.Web.ReferenceSource/Configuration/HandlerFactoryCache.cs	70	10	Configuration	warning	'FileIOPermissionAttribute' is obsolete: 'Code Access Security is not supported or honored by the runtime.' (https://aka.ms/dotnet-warnings/SYSLIB0003)
warning	SYSLIB0003	src/System.Web.ReferenceSource/Configuration/HandlerFactoryCache.cs	70	27	Configuration	warning	'SecurityAction' is obsolete: 'Code Access Security is not supported or honored by the runtime.' (https://aka.ms/dotnet-warnings/SYSLIB0003)
warning	SYSLIB0003	src/System.Web.ReferenceSource/Configuration/HandlerFactoryCache.cs	70	61	Configuration	warning	'FileIOPermissionAccess' is obsolete: 'Code Access Security is not supported or honored by the runtime.' (https://aka.ms/dotnet-warnings/SYSLIB0003)
warning	SYSLIB0003	src/System.Web.ReferenceSource/Configuration/HandlerFactoryCache.cs	70	91	Configuration	warning	'FileIOPermissionAccess' is obsolete: 'Code Access Security is not supported or honored by the runtime.' (https://aka.ms/dotnet-warnings/SYSLIB0003)
warning	SYSLIB0003	src/System.Web.ReferenceSource/Configuration/HealthMonitoringSectionHelper.cs	108	10	Configuration	warning	'FileIOPermissionAttribute' is obsolete: 'Code Access Security is not supported or honored by the runtime.' (https://aka.ms/dotnet-warnings/SYSLIB0003)
warning	SYSLIB0003	src/System.Web.ReferenceSource/Configuration/HealthMonitoringSectionHelper.cs	108	27	Configuration	warning	'SecurityAction' is obsolete: 'Code Access Security is not supported or honored by the runtime.' (https://aka.ms/dotnet-warnings/SYSLIB0003)
warning	SYSLIB0003	src/System.Web.ReferenceSource/Configuration/HealthMonitoringSectionHelper.cs	506	14	Configuration	warning	'PermissionSetAttribute' is obsolete: 'Code Access Security is not supported or honored by the runtime.' (https://aka.ms/dotnet-warnings/SYSLIB0003)
warning	SYSLIB0003	src/System.Web.ReferenceSource/Configuration/HealthMonitoringSectionHelper.cs	506	28	Configuration	warning	'SecurityAction' is obsolete: 'Code Access Security is not supported or honored by the runtime.' (https://aka.ms/dotnet-warnings/SYSLIB0003)
warning	SYSLIB0003	src/System.Web.ReferenceSource/Configuration/HttpCapabilitiesBase.cs	93	10	Configuration	warning	'ConfigurationPermissionAttribute' is obsolete: 'Code Access Security is not supported or honored by the runtime.' (https://aka.ms/dotnet-warnings/SYSLIB0003)
warning	SYSLIB0003	src/System.Web.ReferenceSource/Configuration/HttpCapabilitiesBase.cs	93	34	Configuration	warning	'SecurityAction' is obsolete: 'Code Access Security is not supported or honored by the runtime.' (https://aka.ms/dotnet-warnings/SYSLIB0003)
warning	SYSLIB0003	src/System.Web.ReferenceSource/Configuration/HttpCapabilitiesEvaluator.cs	341	13	Configuration	warning	'CodeAccessPermission' is obsolete: 'Code Access Security is not supported or honored by the runtime.' (https://aka.ms/dotnet-warnings/SYSLIB0003)
warning	SYSLIB0003	src/System.Web.ReferenceSource/Configuration/HttpCapabilitiesSectionHandler.cs	301	21	Configuration	warning	'FileIOPermission' is obsolete: 'Code Access Security is not supported or honored by the runtime.' (https://aka.ms/dotnet-warnings/SYSLIB0003)
warning	SYSLIB0003	src/System.Web.ReferenceSource/Configuration/HttpCapabilitiesSectionHandler.cs	301	49	Configuration	warning	'FileIOPermission' is obsolete: 'Code Access Security is not supported or honored by the runtime.' (https://aka.ms/dotnet-warnings/SYSLIB0003)
warning	SYSLIB0003	src/System.Web.ReferenceSource/Configuration/HttpCapabilitiesSectionHandler.cs	301	66	Configuration	warning	'PermissionState' is obsolete: 'Code Access Security is not supported or honored by the runtime.' (https://aka.ms/dotnet-warnings/SYSLIB0003)
warning	SYSLIB0003	src/System.Web.ReferenceSource/Configuration/HttpCapabilitiesSectionHandler.cs	302	37	Configuration	warning	'FileIOPermissionAccess' is obsolete: 'Code Access Security is not supported or honored by the runtime.' (https://aka.ms/dotnet-warnings/SYSLIB0003)
warning	SYSLIB0003	src/System.Web.ReferenceSource/Configuration/HttpCapabilitiesSectionHandler.cs	312	21	Configuration	warning	'CodeAccessPermission' is obsolete: 'Code Access Security is not supported or honored by the runtime.' (https://aka.ms/dotnet-warnings/SYSLIB0003)
warning	SYSLIB0003	src/System.Web.ReferenceSource/Configuration/HttpCapabilitiesSectionHandler.cs	358	25	Configuration	warning	'CodeAccessPermission' is obsolete: 'Code Access Security is not supported or honored by the runtime.' (https://aka.ms/dotnet-warnings/SYSLIB0003)
warning	SYSLIB0003	src/System.Web.ReferenceSource/Configuration/HttpConfigurationSystem.cs	273	14	Configuration	warning	'FileIOPermissionAttribute' is obsolete: 'Code Access Security is not supported or honored by the runtime.' (https://aka.ms/dotnet-warnings/SYSLIB0003)
warning	SYSLIB0003	src/System.Web.ReferenceSource/Configuration/HttpConfigurationSystem.cs	273	40	Configuration	warning	'SecurityAction' is obsolete: 'Code Access Security is not supported or honored by the runtime.' (https://aka.ms/dotnet-warnings/SYSLIB0003)
warning	SYSLIB0003	src/System.Web.ReferenceSource/Configuration/HttpConfigurationSystem.cs	273	72	Configuration	warning	'FileIOPermissionAccess' is obsolete: 'Code Access Security is not supported or honored by the runtime.' (https://aka.ms/dotnet-warnings/SYSLIB0003)
warning	SYSLIB0003	src/System.Web.ReferenceSource/Configuration/HttpHandlerAction.cs	139	10	Configuration	warning	'FileIOPermissionAttribute' is obsolete: 'Code Access Security is not supported or honored by the runtime.' (https://aka.ms/dotnet-warnings/SYSLIB0003)
warning	SYSLIB0003	src/System.Web.ReferenceSource/Configuration/HttpHandlerAction.cs	139	27	Configuration	warning	'SecurityAction' is obsolete: 'Code Access Security is not supported or honored by the runtime.' (https://aka.ms/dotnet-warnings/SYSLIB0003)
warning	SYSLIB0003	src/System.Web.ReferenceSource/Configuration/HttpHandlerAction.cs	139	61	Configuration	warning	'FileIOPermissionAccess' is obsolete: 'Code Access Security is not supported or honored by the runtime.' (https://aka.ms/dotnet-warnings/SYSLIB0003)
warning	SYSLIB0003	src/System.Web.ReferenceSource/Configuration/HttpHandlerAction.cs	139	91	Configuration	warning	'FileIOPermissionAccess' is obsolete: 'Code Access Security is not supported or honored by the runtime.' (https://aka.ms/dotnet-warnings/SYSLIB0003)
warning	CS0436	src/System.Web.ReferenceSource/Configuration/HttpRuntimeSection.cs	842	39	Configuration	warning	The type 'HttpUtility' in '/Users/vm/repos/rehost-webforms/src/Rehost.WebForms.Runtime/../System.Web.ReferenceSource/httpserverutility.cs' conflicts with the imported type 'HttpUtility' in 'System.Web.HttpUtility, Version=10.0.0.0, Culture=neutral, PublicKeyToken=cc7b13ffcd2ddd51'. Using the type defined in '/Users/vm/repos/rehost-webforms/src/Rehost.WebForms.Runtime/../System.Web.ReferenceSource/httpserverutility.cs'.
warning	CS0436	src/System.Web.ReferenceSource/Configuration/HttpRuntimeSection.cs	866	40	Configuration	warning	The type 'HttpUtility' in '/Users/vm/repos/rehost-webforms/src/Rehost.WebForms.Runtime/../System.Web.ReferenceSource/httpserverutility.cs' conflicts with the imported type 'HttpUtility' in 'System.Web.HttpUtility, Version=10.0.0.0, Culture=neutral, PublicKeyToken=cc7b13ffcd2ddd51'. Using the type defined in '/Users/vm/repos/rehost-webforms/src/Rehost.WebForms.Runtime/../System.Web.ReferenceSource/httpserverutility.cs'.
warning	CA1416	src/System.Web.ReferenceSource/Configuration/IISVersionHelper.cs	54	25	Configuration	warning	This call site is reachable on all platforms. 'Type.GetTypeFromProgID(string, bool)' is only supported on: 'windows'. (https://learn.microsoft.com/dotnet/fundamentals/code-analysis/quality-rules/ca1416)
warning	CA1416	src/System.Web.ReferenceSource/Configuration/IISVersionHelper.cs	67	17	Configuration	warning	This call site is reachable on all platforms. 'Marshal.ReleaseComObject(object)' is only supported on: 'windows'. (https://learn.microsoft.com/dotnet/fundamentals/code-analysis/quality-rules/ca1416)
warning	CA1416	src/System.Web.ReferenceSource/Configuration/IISVersionHelper.cs	71	17	Configuration	warning	This call site is reachable on all platforms. 'Marshal.ReleaseComObject(object)' is only supported on: 'windows'. (https://learn.microsoft.com/dotnet/fundamentals/code-analysis/quality-rules/ca1416)
warning	SYSLIB0023	src/System.Web.ReferenceSource/Configuration/MachineKeySection.cs	72	24	Configuration	warning	'RNGCryptoServiceProvider' is obsolete: 'RNGCryptoServiceProvider is obsolete. To generate a random number, use one of the RandomNumberGenerator static methods instead.' (https://aka.ms/dotnet-warnings/SYSLIB0023)
warning	SYSLIB0023	src/System.Web.ReferenceSource/Configuration/MachineKeySection.cs	679	24	Configuration	warning	'RNGCryptoServiceProvider' is obsolete: 'RNGCryptoServiceProvider is obsolete. To generate a random number, use one of the RandomNumberGenerator static methods instead.' (https://aka.ms/dotnet-warnings/SYSLIB0023)
warning	SYSLIB0023	src/System.Web.ReferenceSource/Configuration/MachineKeySection.cs	682	51	Configuration	warning	'RNGCryptoServiceProvider' is obsolete: 'RNGCryptoServiceProvider is obsolete. To generate a random number, use one of the RandomNumberGenerator static methods instead.' (https://aka.ms/dotnet-warnings/SYSLIB0023)
warning	SYSLIB0021	src/System.Web.ReferenceSource/Configuration/MachineKeySection.cs	937	51	Configuration	warning	'DESCryptoServiceProvider' is obsolete: 'Derived cryptographic types are obsolete. Use the Create method on the base type instead.' (https://aka.ms/dotnet-warnings/SYSLIB0021)
warning	SYSLIB0045	src/System.Web.ReferenceSource/Configuration/MachineKeySection.cs	1104	27	Configuration	warning	'HashAlgorithm.Create(string)' is obsolete: 'Cryptographic factory methods accepting an algorithm name are obsolete. Use the parameterless Create factory method on the algorithm type instead.' (https://aka.ms/dotnet-warnings/SYSLIB0045)
warning	SYSLIB0045	src/System.Web.ReferenceSource/Configuration/MachineKeySection.cs	1185	44	Configuration	warning	'SymmetricAlgorithm.Create(string)' is obsolete: 'Cryptographic factory methods accepting an algorithm name are obsolete. Use the parameterless Create factory method on the algorithm type instead.' (https://aka.ms/dotnet-warnings/SYSLIB0045)
warning	SYSLIB0003	src/System.Web.ReferenceSource/Configuration/MachineKeyValidationConverter.cs	22	6	Configuration	warning	'HostProtectionAttribute' is obsolete: 'Code Access Security is not supported or honored by the runtime.' (https://aka.ms/dotnet-warnings/SYSLIB0003)
warning	SYSLIB0004	src/System.Web.ReferenceSource/Configuration/NativeConfig.cs	32	10	Configuration	warning	'ReliabilityContractAttribute' is obsolete: 'The Constrained Execution Region (CER) feature is not supported.' (https://aka.ms/dotnet-warnings/SYSLIB0004)
warning	SYSLIB0004	src/System.Web.ReferenceSource/Configuration/NativeConfig.cs	32	30	Configuration	warning	'Consistency' is obsolete: 'The Constrained Execution Region (CER) feature is not supported.' (https://aka.ms/dotnet-warnings/SYSLIB0004)
warning	SYSLIB0004	src/System.Web.ReferenceSource/Configuration/NativeConfig.cs	32	63	Configuration	warning	'Cer' is obsolete: 'The Constrained Execution Region (CER) feature is not supported.' (https://aka.ms/dotnet-warnings/SYSLIB0004)
warning	SYSLIB0003	src/System.Web.ReferenceSource/Configuration/OutputCacheSection.cs	196	10	Configuration	warning	'PermissionSetAttribute' is obsolete: 'Code Access Security is not supported or honored by the runtime.' (https://aka.ms/dotnet-warnings/SYSLIB0003)
warning	SYSLIB0003	src/System.Web.ReferenceSource/Configuration/OutputCacheSection.cs	196	24	Configuration	warning	'SecurityAction' is obsolete: 'Code Access Security is not supported or honored by the runtime.' (https://aka.ms/dotnet-warnings/SYSLIB0003)
warning	SYSLIB0004	src/System.Web.ReferenceSource/Configuration/ProcessHostConfigUtils.cs	106	14	Configuration	warning	'ReliabilityContractAttribute' is obsolete: 'The Constrained Execution Region (CER) feature is not supported.' (https://aka.ms/dotnet-warnings/SYSLIB0004)
warning	SYSLIB0004	src/System.Web.ReferenceSource/Configuration/ProcessHostConfigUtils.cs	106	34	Configuration	warning	'Consistency' is obsolete: 'The Constrained Execution Region (CER) feature is not supported.' (https://aka.ms/dotnet-warnings/SYSLIB0004)
warning	SYSLIB0004	src/System.Web.ReferenceSource/Configuration/ProcessHostConfigUtils.cs	106	67	Configuration	warning	'Cer' is obsolete: 'The Constrained Execution Region (CER) feature is not supported.' (https://aka.ms/dotnet-warnings/SYSLIB0004)
warning	SYSLIB0003	src/System.Web.ReferenceSource/Configuration/ProvidersHelper.cs	20	10	Configuration	warning	'AspNetHostingPermissionAttribute' is obsolete: 'Code Access Security is not supported or honored by the runtime.' (https://aka.ms/dotnet-warnings/SYSLIB0003)
warning	SYSLIB0003	src/System.Web.ReferenceSource/Configuration/ProvidersHelper.cs	20	34	Configuration	warning	'SecurityAction' is obsolete: 'Code Access Security is not supported or honored by the runtime.' (https://aka.ms/dotnet-warnings/SYSLIB0003)
warning	SYSLIB0003	src/System.Web.ReferenceSource/Configuration/ProvidersHelper.cs	51	10	Configuration	warning	'AspNetHostingPermissionAttribute' is obsolete: 'Code Access Security is not supported or honored by the runtime.' (https://aka.ms/dotnet-warnings/SYSLIB0003)
warning	SYSLIB0003	src/System.Web.ReferenceSource/Configuration/ProvidersHelper.cs	51	34	Configuration	warning	'SecurityAction' is obsolete: 'Code Access Security is not supported or honored by the runtime.' (https://aka.ms/dotnet-warnings/SYSLIB0003)
warning	SYSLIB0003	src/System.Web.ReferenceSource/Configuration/ProvidersHelper.cs	82	10	Configuration	warning	'AspNetHostingPermissionAttribute' is obsolete: 'Code Access Security is not supported or honored by the runtime.' (https://aka.ms/dotnet-warnings/SYSLIB0003)
warning	SYSLIB0003	src/System.Web.ReferenceSource/Configuration/ProvidersHelper.cs	82	34	Configuration	warning	'SecurityAction' is obsolete: 'Code Access Security is not supported or honored by the runtime.' (https://aka.ms/dotnet-warnings/SYSLIB0003)
warning	SYSLIB0003	src/System.Web.ReferenceSource/Configuration/RemoteWebConfigurationHost.cs	25	6	Configuration	warning	'SecurityPermissionAttribute' is obsolete: 'Code Access Security is not supported or honored by the runtime.' (https://aka.ms/dotnet-warnings/SYSLIB0003)
warning	SYSLIB0003	src/System.Web.ReferenceSource/Configuration/RemoteWebConfigurationHost.cs	25	25	Configuration	warning	'SecurityAction' is obsolete: 'Code Access Security is not supported or honored by the runtime.' (https://aka.ms/dotnet-warnings/SYSLIB0003)
warning	CS0672	src/System.Web.ReferenceSource/Configuration/RemoteWebConfigurationHost.cs	302	30	Configuration	warning	Member 'RemoteWebConfigurationHost.GetRestrictedPermissions(IInternalConfigRecord, out PermissionSet, out bool)' overrides obsolete member 'DelegatingConfigHost.GetRestrictedPermissions(IInternalConfigRecord, out PermissionSet, out bool)'. Add the Obsolete attribute to 'RemoteWebConfigurationHost.GetRestrictedPermissions(IInternalConfigRecord, out PermissionSet, out bool)'.
warning	SYSLIB0003	src/System.Web.ReferenceSource/Configuration/RemoteWebConfigurationHost.cs	302	95	Configuration	warning	'PermissionSet' is obsolete: 'Code Access Security is not supported or honored by the runtime.' (https://aka.ms/dotnet-warnings/SYSLIB0003)
warning	CA1416	src/System.Web.ReferenceSource/Configuration/RemoteWebConfigurationHost.cs	491	25	Configuration	warning	This call site is reachable on all platforms. 'Type.GetTypeFromCLSID(Guid, string?, bool)' is only supported on: 'windows'. (https://learn.microsoft.com/dotnet/fundamentals/code-analysis/quality-rules/ca1416)
warning	CA1416	src/System.Web.ReferenceSource/Configuration/RemoteWebConfigurationHost.cs	531	59	Configuration	warning	This call site is reachable on all platforms. 'Marshal.GetObjectForIUnknown(nint)' is only supported on: 'windows'. (https://learn.microsoft.com/dotnet/fundamentals/code-analysis/quality-rules/ca1416)
warning	CA1416	src/System.Web.ReferenceSource/Configuration/RemoteWebConfigurationHost.cs	591	59	Configuration	warning	This call site is reachable on all platforms. 'Marshal.GetObjectForIUnknown(nint)' is only supported on: 'windows'. (https://learn.microsoft.com/dotnet/fundamentals/code-analysis/quality-rules/ca1416)
warning	SYSLIB0003	src/System.Web.ReferenceSource/Configuration/RemoteWebConfigurationHostServer.cs	36	6	Configuration	warning	'SecurityPermissionAttribute' is obsolete: 'Code Access Security is not supported or honored by the runtime.' (https://aka.ms/dotnet-warnings/SYSLIB0003)
warning	SYSLIB0003	src/System.Web.ReferenceSource/Configuration/RemoteWebConfigurationHostServer.cs	36	25	Configuration	warning	'SecurityAction' is obsolete: 'Code Access Security is not supported or honored by the runtime.' (https://aka.ms/dotnet-warnings/SYSLIB0003)
warning	SYSLIB0023	src/System.Web.ReferenceSource/Configuration/RemoteWebConfigurationHostServer.cs	265	18	Configuration	warning	'RNGCryptoServiceProvider' is obsolete: 'RNGCryptoServiceProvider is obsolete. To generate a random number, use one of the RandomNumberGenerator static methods instead.' (https://aka.ms/dotnet-warnings/SYSLIB0023)
warning	SYSLIB0003	src/System.Web.ReferenceSource/Configuration/RuntimeConfig.cs	617	10	Configuration	warning	'ConfigurationPermissionAttribute' is obsolete: 'Code Access Security is not supported or honored by the runtime.' (https://aka.ms/dotnet-warnings/SYSLIB0003)
warning	SYSLIB0003	src/System.Web.ReferenceSource/Configuration/RuntimeConfig.cs	617	34	Configuration	warning	'SecurityAction' is obsolete: 'Code Access Security is not supported or honored by the runtime.' (https://aka.ms/dotnet-warnings/SYSLIB0003)
warning	SYSLIB0003	src/System.Web.ReferenceSource/Configuration/RuntimeConfigLKG.cs	30	10	Configuration	warning	'ConfigurationPermissionAttribute' is obsolete: 'Code Access Security is not supported or honored by the runtime.' (https://aka.ms/dotnet-warnings/SYSLIB0003)
warning	SYSLIB0003	src/System.Web.ReferenceSource/Configuration/RuntimeConfigLKG.cs	30	34	Configuration	warning	'SecurityAction' is obsolete: 'Code Access Security is not supported or honored by the runtime.' (https://aka.ms/dotnet-warnings/SYSLIB0003)
warning	CS0436	src/System.Web.ReferenceSource/Configuration/UrlAuthFailedErrorFormatter.cs	67	38	Configuration	warning	The type 'HttpUtility' in '/Users/vm/repos/rehost-webforms/src/Rehost.WebForms.Runtime/../System.Web.ReferenceSource/httpserverutility.cs' conflicts with the imported type 'HttpUtility' in 'System.Web.HttpUtility, Version=10.0.0.0, Culture=neutral, PublicKeyToken=cc7b13ffcd2ddd51'. Using the type defined in '/Users/vm/repos/rehost-webforms/src/Rehost.WebForms.Runtime/../System.Web.ReferenceSource/httpserverutility.cs'.
warning	SYSLIB0003	src/System.Web.ReferenceSource/Configuration/WebConfigurationHost.cs	342	10	Configuration	warning	'AspNetHostingPermissionAttribute' is obsolete: 'Code Access Security is not supported or honored by the runtime.' (https://aka.ms/dotnet-warnings/SYSLIB0003)
warning	SYSLIB0003	src/System.Web.ReferenceSource/Configuration/WebConfigurationHost.cs	342	34	Configuration	warning	'SecurityAction' is obsolete: 'Code Access Security is not supported or honored by the runtime.' (https://aka.ms/dotnet-warnings/SYSLIB0003)
warning	SYSLIB0003	src/System.Web.ReferenceSource/Configuration/WebConfigurationHost.cs	375	10	Configuration	warning	'AspNetHostingPermissionAttribute' is obsolete: 'Code Access Security is not supported or honored by the runtime.' (https://aka.ms/dotnet-warnings/SYSLIB0003)
warning	SYSLIB0003	src/System.Web.ReferenceSource/Configuration/WebConfigurationHost.cs	375	34	Configuration	warning	'SecurityAction' is obsolete: 'Code Access Security is not supported or honored by the runtime.' (https://aka.ms/dotnet-warnings/SYSLIB0003)
warning	SYSLIB0003	src/System.Web.ReferenceSource/Configuration/WebConfigurationHost.cs	489	10	Configuration	warning	'FileIOPermissionAttribute' is obsolete: 'Code Access Security is not supported or honored by the runtime.' (https://aka.ms/dotnet-warnings/SYSLIB0003)
warning	SYSLIB0003	src/System.Web.ReferenceSource/Configuration/WebConfigurationHost.cs	489	36	Configuration	warning	'SecurityAction' is obsolete: 'Code Access Security is not supported or honored by the runtime.' (https://aka.ms/dotnet-warnings/SYSLIB0003)
warning	SYSLIB0003	src/System.Web.ReferenceSource/Configuration/WebConfigurationHost.cs	489	68	Configuration	warning	'FileIOPermissionAccess' is obsolete: 'Code Access Security is not supported or honored by the runtime.' (https://aka.ms/dotnet-warnings/SYSLIB0003)
warning	SYSLIB0003	src/System.Web.ReferenceSource/Configuration/WebConfigurationHost.cs	716	101	Configuration	warning	'PermissionSet' is obsolete: 'Code Access Security is not supported or honored by the runtime.' (https://aka.ms/dotnet-warnings/SYSLIB0003)
warning	CS0672	src/System.Web.ReferenceSource/Configuration/WebConfigurationHost.cs	738	30	Configuration	warning	Member 'WebConfigurationHost.GetRestrictedPermissions(IInternalConfigRecord, out PermissionSet, out bool)' overrides obsolete member 'DelegatingConfigHost.GetRestrictedPermissions(IInternalConfigRecord, out PermissionSet, out bool)'. Add the Obsolete attribute to 'WebConfigurationHost.GetRestrictedPermissions(IInternalConfigRecord, out PermissionSet, out bool)'.
warning	SYSLIB0003	src/System.Web.ReferenceSource/Configuration/WebConfigurationHost.cs	738	95	Configuration	warning	'PermissionSet' is obsolete: 'Code Access Security is not supported or honored by the runtime.' (https://aka.ms/dotnet-warnings/SYSLIB0003)
warning	SYSLIB0003	src/System.Web.ReferenceSource/Configuration/WebConfigurationHost.cs	830	14	Configuration	warning	'ReflectionPermissionAttribute' is obsolete: 'Code Access Security is not supported or honored by the runtime.' (https://aka.ms/dotnet-warnings/SYSLIB0003)
warning	SYSLIB0003	src/System.Web.ReferenceSource/Configuration/WebConfigurationHost.cs	830	35	Configuration	warning	'SecurityAction' is obsolete: 'Code Access Security is not supported or honored by the runtime.' (https://aka.ms/dotnet-warnings/SYSLIB0003)
warning	SYSLIB0003	src/System.Web.ReferenceSource/Configuration/WebConfigurationHost.cs	830	64	Configuration	warning	'ReflectionPermissionFlag' is obsolete: 'Code Access Security is not supported or honored by the runtime.' (https://aka.ms/dotnet-warnings/SYSLIB0003)
warning	SYSLIB0003	src/System.Web.ReferenceSource/Configuration/WebConfigurationHost.cs	904	17	Configuration	warning	'FileIOPermission' is obsolete: 'Code Access Security is not supported or honored by the runtime.' (https://aka.ms/dotnet-warnings/SYSLIB0003)
warning	SYSLIB0003	src/System.Web.ReferenceSource/Configuration/WebConfigurationHost.cs	904	34	Configuration	warning	'FileIOPermissionAccess' is obsolete: 'Code Access Security is not supported or honored by the runtime.' (https://aka.ms/dotnet-warnings/SYSLIB0003)
warning	SYSLIB0003	src/System.Web.ReferenceSource/Configuration/WebConfigurationManager.cs	119	10	Configuration	warning	'SecurityPermissionAttribute' is obsolete: 'Code Access Security is not supported or honored by the runtime.' (https://aka.ms/dotnet-warnings/SYSLIB0003)
warning	SYSLIB0003	src/System.Web.ReferenceSource/Configuration/WebConfigurationManager.cs	119	29	Configuration	warning	'SecurityAction' is obsolete: 'Code Access Security is not supported or honored by the runtime.' (https://aka.ms/dotnet-warnings/SYSLIB0003)
warning	SYSLIB0003	src/System.Web.ReferenceSource/Configuration/WebConfigurationManager.cs	163	10	Configuration	warning	'SecurityPermissionAttribute' is obsolete: 'Code Access Security is not supported or honored by the runtime.' (https://aka.ms/dotnet-warnings/SYSLIB0003)
warning	SYSLIB0003	src/System.Web.ReferenceSource/Configuration/WebConfigurationManager.cs	163	29	Configuration	warning	'SecurityAction' is obsolete: 'Code Access Security is not supported or honored by the runtime.' (https://aka.ms/dotnet-warnings/SYSLIB0003)
warning	SYSLIB0003	src/System.Web.ReferenceSource/Configuration/serverconfig.cs	81	29	Configuration	warning	'RegistryPermission' is obsolete: 'Code Access Security is not supported or honored by the runtime.' (https://aka.ms/dotnet-warnings/SYSLIB0003)
warning	SYSLIB0003	src/System.Web.ReferenceSource/Configuration/serverconfig.cs	81	48	Configuration	warning	'RegistryPermissionAccess' is obsolete: 'Code Access Security is not supported or honored by the runtime.' (https://aka.ms/dotnet-warnings/SYSLIB0003)
warning	CA1416	src/System.Web.ReferenceSource/Configuration/serverconfig.cs	82	38	Configuration	warning	This call site is reachable on all platforms. 'Registry.GetValue(string, string?, object?)' is only supported on: 'windows'. (https://learn.microsoft.com/dotnet/fundamentals/code-analysis/quality-rules/ca1416)
warning	CA1416	src/System.Web.ReferenceSource/DataAccess/ADConnectionHelper.cs	26	68	DataAccess	warning	This call site is reachable on all platforms. 'DirectoryEntry' is only supported on: 'windows'. (https://learn.microsoft.com/dotnet/fundamentals/code-analysis/quality-rules/ca1416)
warning	CA1416	src/System.Web.ReferenceSource/DataAccess/DataConnectionHelper.cs	76	38	DataAccess	warning	This call site is reachable on all platforms. 'WindowsIdentity.GetCurrent()' is only supported on: 'windows'. (https://learn.microsoft.com/dotnet/fundamentals/code-analysis/quality-rules/ca1416)
warning	CA1416	src/System.Web.ReferenceSource/DataAccess/DataConnectionHelper.cs	77	35	DataAccess	warning	This call site is reachable on all platforms. 'WindowsIdentity.Name' is only supported on: 'windows'. (https://learn.microsoft.com/dotnet/fundamentals/code-analysis/quality-rules/ca1416)
warning	CA1416	src/System.Web.ReferenceSource/DataAccess/DataConnectionHelper.cs	79	42	DataAccess	warning	This call site is reachable on all platforms. 'WindowsIdentity.Name' is only supported on: 'windows'. (https://learn.microsoft.com/dotnet/fundamentals/code-analysis/quality-rules/ca1416)
warning	CA1416	src/System.Web.ReferenceSource/DataAccess/DataConnectionHelper.cs	86	28	DataAccess	warning	This call site is reachable on all platforms. 'WindowsIdentity.Name' is only supported on: 'windows'. (https://learn.microsoft.com/dotnet/fundamentals/code-analysis/quality-rules/ca1416)
warning	CS0618	src/System.Web.ReferenceSource/DataAccess/SqlConnectionHelper.cs	34	13	DataAccess	warning	'SqlConnectionStringBuilder' is obsolete: 'Use the Microsoft.Data.SqlClient package instead.'
warning	CS0618	src/System.Web.ReferenceSource/DataAccess/SqlConnectionHelper.cs	34	54	DataAccess	warning	'SqlConnectionStringBuilder' is obsolete: 'Use the Microsoft.Data.SqlClient package instead.'
warning	SYSLIB0003	src/System.Web.ReferenceSource/DataAccess/SqlConnectionHelper.cs	97	10	DataAccess	warning	'PermissionSetAttribute' is obsolete: 'Code Access Security is not supported or honored by the runtime.' (https://aka.ms/dotnet-warnings/SYSLIB0003)
warning	SYSLIB0003	src/System.Web.ReferenceSource/DataAccess/SqlConnectionHelper.cs	97	24	DataAccess	warning	'SecurityAction' is obsolete: 'Code Access Security is not supported or honored by the runtime.' (https://aka.ms/dotnet-warnings/SYSLIB0003)
warning	SYSLIB0003	src/System.Web.ReferenceSource/DataAccess/SqlConnectionHelper.cs	119	76	DataAccess	warning	'FileIOPermission' is obsolete: 'Code Access Security is not supported or honored by the runtime.' (https://aka.ms/dotnet-warnings/SYSLIB0003)
warning	SYSLIB0003	src/System.Web.ReferenceSource/DataAccess/SqlConnectionHelper.cs	119	93	DataAccess	warning	'FileIOPermissionAccess' is obsolete: 'Code Access Security is not supported or honored by the runtime.' (https://aka.ms/dotnet-warnings/SYSLIB0003)
warning	SYSLIB0003	src/System.Web.ReferenceSource/DataAccess/SqlConnectionHelper.cs	197	10	DataAccess	warning	'PermissionSetAttribute' is obsolete: 'Code Access Security is not supported or honored by the runtime.' (https://aka.ms/dotnet-warnings/SYSLIB0003)
warning	SYSLIB0003	src/System.Web.ReferenceSource/DataAccess/SqlConnectionHelper.cs	197	24	DataAccess	warning	'SecurityAction' is obsolete: 'Code Access Security is not supported or honored by the runtime.' (https://aka.ms/dotnet-warnings/SYSLIB0003)
warning	CS0618	src/System.Web.ReferenceSource/DataAccess/SqlConnectionHelper.cs	262	13	DataAccess	warning	'SqlConnection' is obsolete: 'Use the Microsoft.Data.SqlClient package instead.'
warning	CS0618	src/System.Web.ReferenceSource/DataAccess/SqlConnectionHelper.cs	262	44	DataAccess	warning	'SqlConnection' is obsolete: 'Use the Microsoft.Data.SqlClient package instead.'
warning	CS0618	src/System.Web.ReferenceSource/DataAccess/SqlConnectionHelper.cs	265	17	DataAccess	warning	'SqlCommand' is obsolete: 'Use the Microsoft.Data.SqlClient package instead.'
warning	CS0618	src/System.Web.ReferenceSource/DataAccess/SqlConnectionHelper.cs	265	42	DataAccess	warning	'SqlCommand' is obsolete: 'Use the Microsoft.Data.SqlClient package instead.'
warning	CS0618	src/System.Web.ReferenceSource/DataAccess/SqlConnectionHelper.cs	267	31	DataAccess	warning	'SqlCommand' is obsolete: 'Use the Microsoft.Data.SqlClient package instead.'
warning	CS0618	src/System.Web.ReferenceSource/DataAccess/SqlConnectionHelper.cs	282	18	DataAccess	warning	'SqlConnection' is obsolete: 'Use the Microsoft.Data.SqlClient package instead.'
warning	CS0618	src/System.Web.ReferenceSource/DataAccess/SqlConnectionHelper.cs	285	18	DataAccess	warning	'SqlConnection' is obsolete: 'Use the Microsoft.Data.SqlClient package instead.'
warning	CS0618	src/System.Web.ReferenceSource/DataAccess/SqlConnectionHelper.cs	291	35	DataAccess	warning	'SqlConnection' is obsolete: 'Use the Microsoft.Data.SqlClient package instead.'
warning	SYSLIB0003	src/System.Web.ReferenceSource/DefaultHttpHandler.cs	56	10	root	warning	'FileIOPermissionAttribute' is obsolete: 'Code Access Security is not supported or honored by the runtime.' (https://aka.ms/dotnet-warnings/SYSLIB0003)
warning	SYSLIB0003	src/System.Web.ReferenceSource/DefaultHttpHandler.cs	56	27	root	warning	'SecurityAction' is obsolete: 'Code Access Security is not supported or honored by the runtime.' (https://aka.ms/dotnet-warnings/SYSLIB0003)
warning	SYSLIB0005	src/System.Web.ReferenceSource/DefaultHttpHandler.cs	78	26	root	warning	'Assembly.GlobalAssemblyCache' is obsolete: 'The Global Assembly Cache is not supported.' (https://aka.ms/dotnet-warnings/SYSLIB0005)
warning	SYSLIB0003	src/System.Web.ReferenceSource/ErrorFormatter.cs	467	21	root	warning	'PermissionSet' is obsolete: 'Code Access Security is not supported or honored by the runtime.' (https://aka.ms/dotnet-warnings/SYSLIB0003)
warning	SYSLIB0003	src/System.Web.ReferenceSource/ErrorFormatter.cs	485	25	root	warning	'CodeAccessPermission' is obsolete: 'Code Access Security is not supported or honored by the runtime.' (https://aka.ms/dotnet-warnings/SYSLIB0003)
warning	SYSLIB0003	src/System.Web.ReferenceSource/ErrorFormatter.cs	523	10	root	warning	'PermissionSetAttribute' is obsolete: 'Code Access Security is not supported or honored by the runtime.' (https://aka.ms/dotnet-warnings/SYSLIB0003)
warning	SYSLIB0003	src/System.Web.ReferenceSource/ErrorFormatter.cs	523	24	root	warning	'SecurityAction' is obsolete: 'Code Access Security is not supported or honored by the runtime.' (https://aka.ms/dotnet-warnings/SYSLIB0003)
warning	CS0436	src/System.Web.ReferenceSource/ErrorFormatter.cs	547	40	root	warning	The type 'HttpUtility' in '/Users/vm/repos/rehost-webforms/src/Rehost.WebForms.Runtime/../System.Web.ReferenceSource/httpserverutility.cs' conflicts with the imported type 'HttpUtility' in 'System.Web.HttpUtility, Version=10.0.0.0, Culture=neutral, PublicKeyToken=cc7b13ffcd2ddd51'. Using the type defined in '/Users/vm/repos/rehost-webforms/src/Rehost.WebForms.Runtime/../System.Web.ReferenceSource/httpserverutility.cs'.
warning	CS0436	src/System.Web.ReferenceSource/ErrorFormatter.cs	878	28	root	warning	The type 'HttpUtility' in '/Users/vm/repos/rehost-webforms/src/Rehost.WebForms.Runtime/../System.Web.ReferenceSource/httpserverutility.cs' conflicts with the imported type 'HttpUtility' in 'System.Web.HttpUtility, Version=10.0.0.0, Culture=neutral, PublicKeyToken=cc7b13ffcd2ddd51'. Using the type defined in '/Users/vm/repos/rehost-webforms/src/Rehost.WebForms.Runtime/../System.Web.ReferenceSource/httpserverutility.cs'.
warning	CS0436	src/System.Web.ReferenceSource/ErrorFormatter.cs	907	43	root	warning	The type 'HttpUtility' in '/Users/vm/repos/rehost-webforms/src/Rehost.WebForms.Runtime/../System.Web.ReferenceSource/httpserverutility.cs' conflicts with the imported type 'HttpUtility' in 'System.Web.HttpUtility, Version=10.0.0.0, Culture=neutral, PublicKeyToken=cc7b13ffcd2ddd51'. Using the type defined in '/Users/vm/repos/rehost-webforms/src/Rehost.WebForms.Runtime/../System.Web.ReferenceSource/httpserverutility.cs'.
warning	CS0436	src/System.Web.ReferenceSource/ErrorFormatter.cs	917	31	root	warning	The type 'HttpUtility' in '/Users/vm/repos/rehost-webforms/src/Rehost.WebForms.Runtime/../System.Web.ReferenceSource/httpserverutility.cs' conflicts with the imported type 'HttpUtility' in 'System.Web.HttpUtility, Version=10.0.0.0, Culture=neutral, PublicKeyToken=cc7b13ffcd2ddd51'. Using the type defined in '/Users/vm/repos/rehost-webforms/src/Rehost.WebForms.Runtime/../System.Web.ReferenceSource/httpserverutility.cs'.
warning	CS0436	src/System.Web.ReferenceSource/ErrorFormatter.cs	923	31	root	warning	The type 'HttpUtility' in '/Users/vm/repos/rehost-webforms/src/Rehost.WebForms.Runtime/../System.Web.ReferenceSource/httpserverutility.cs' conflicts with the imported type 'HttpUtility' in 'System.Web.HttpUtility, Version=10.0.0.0, Culture=neutral, PublicKeyToken=cc7b13ffcd2ddd51'. Using the type defined in '/Users/vm/repos/rehost-webforms/src/Rehost.WebForms.Runtime/../System.Web.ReferenceSource/httpserverutility.cs'.
warning	CS0436	src/System.Web.ReferenceSource/ErrorFormatter.cs	986	27	root	warning	The type 'HttpUtility' in '/Users/vm/repos/rehost-webforms/src/Rehost.WebForms.Runtime/../System.Web.ReferenceSource/httpserverutility.cs' conflicts with the imported type 'HttpUtility' in 'System.Web.HttpUtility, Version=10.0.0.0, Culture=neutral, PublicKeyToken=cc7b13ffcd2ddd51'. Using the type defined in '/Users/vm/repos/rehost-webforms/src/Rehost.WebForms.Runtime/../System.Web.ReferenceSource/httpserverutility.cs'.
warning	CS0436	src/System.Web.ReferenceSource/ErrorFormatter.cs	1124	52	root	warning	The type 'HttpUtility' in '/Users/vm/repos/rehost-webforms/src/Rehost.WebForms.Runtime/../System.Web.ReferenceSource/httpserverutility.cs' conflicts with the imported type 'HttpUtility' in 'System.Web.HttpUtility, Version=10.0.0.0, Culture=neutral, PublicKeyToken=cc7b13ffcd2ddd51'. Using the type defined in '/Users/vm/repos/rehost-webforms/src/Rehost.WebForms.Runtime/../System.Web.ReferenceSource/httpserverutility.cs'.
warning	CS0436	src/System.Web.ReferenceSource/ErrorFormatter.cs	1134	42	root	warning	The type 'HttpUtility' in '/Users/vm/repos/rehost-webforms/src/Rehost.WebForms.Runtime/../System.Web.ReferenceSource/httpserverutility.cs' conflicts with the imported type 'HttpUtility' in 'System.Web.HttpUtility, Version=10.0.0.0, Culture=neutral, PublicKeyToken=cc7b13ffcd2ddd51'. Using the type defined in '/Users/vm/repos/rehost-webforms/src/Rehost.WebForms.Runtime/../System.Web.ReferenceSource/httpserverutility.cs'.
warning	CS0436	src/System.Web.ReferenceSource/ErrorFormatter.cs	1187	24	root	warning	The type 'HttpUtility' in '/Users/vm/repos/rehost-webforms/src/Rehost.WebForms.Runtime/../System.Web.ReferenceSource/httpserverutility.cs' conflicts with the imported type 'HttpUtility' in 'System.Web.HttpUtility, Version=10.0.0.0, Culture=neutral, PublicKeyToken=cc7b13ffcd2ddd51'. Using the type defined in '/Users/vm/repos/rehost-webforms/src/Rehost.WebForms.Runtime/../System.Web.ReferenceSource/httpserverutility.cs'.
warning	CS0436	src/System.Web.ReferenceSource/ErrorFormatter.cs	1200	31	root	warning	The type 'HttpUtility' in '/Users/vm/repos/rehost-webforms/src/Rehost.WebForms.Runtime/../System.Web.ReferenceSource/httpserverutility.cs' conflicts with the imported type 'HttpUtility' in 'System.Web.HttpUtility, Version=10.0.0.0, Culture=neutral, PublicKeyToken=cc7b13ffcd2ddd51'. Using the type defined in '/Users/vm/repos/rehost-webforms/src/Rehost.WebForms.Runtime/../System.Web.ReferenceSource/httpserverutility.cs'.
warning	CS0436	src/System.Web.ReferenceSource/ErrorFormatter.cs	1209	26	root	warning	The type 'HttpUtility' in '/Users/vm/repos/rehost-webforms/src/Rehost.WebForms.Runtime/../System.Web.ReferenceSource/httpserverutility.cs' conflicts with the imported type 'HttpUtility' in 'System.Web.HttpUtility, Version=10.0.0.0, Culture=neutral, PublicKeyToken=cc7b13ffcd2ddd51'. Using the type defined in '/Users/vm/repos/rehost-webforms/src/Rehost.WebForms.Runtime/../System.Web.ReferenceSource/httpserverutility.cs'.
warning	CS0436	src/System.Web.ReferenceSource/ErrorFormatter.cs	1245	31	root	warning	The type 'HttpUtility' in '/Users/vm/repos/rehost-webforms/src/Rehost.WebForms.Runtime/../System.Web.ReferenceSource/httpserverutility.cs' conflicts with the imported type 'HttpUtility' in 'System.Web.HttpUtility, Version=10.0.0.0, Culture=neutral, PublicKeyToken=cc7b13ffcd2ddd51'. Using the type defined in '/Users/vm/repos/rehost-webforms/src/Rehost.WebForms.Runtime/../System.Web.ReferenceSource/httpserverutility.cs'.
warning	CS0436	src/System.Web.ReferenceSource/ErrorFormatter.cs	1266	24	root	warning	The type 'HttpUtility' in '/Users/vm/repos/rehost-webforms/src/Rehost.WebForms.Runtime/../System.Web.ReferenceSource/httpserverutility.cs' conflicts with the imported type 'HttpUtility' in 'System.Web.HttpUtility, Version=10.0.0.0, Culture=neutral, PublicKeyToken=cc7b13ffcd2ddd51'. Using the type defined in '/Users/vm/repos/rehost-webforms/src/Rehost.WebForms.Runtime/../System.Web.ReferenceSource/httpserverutility.cs'.
warning	CS0436	src/System.Web.ReferenceSource/ErrorFormatter.cs	1341	31	root	warning	The type 'HttpUtility' in '/Users/vm/repos/rehost-webforms/src/Rehost.WebForms.Runtime/../System.Web.ReferenceSource/httpserverutility.cs' conflicts with the imported type 'HttpUtility' in 'System.Web.HttpUtility, Version=10.0.0.0, Culture=neutral, PublicKeyToken=cc7b13ffcd2ddd51'. Using the type defined in '/Users/vm/repos/rehost-webforms/src/Rehost.WebForms.Runtime/../System.Web.ReferenceSource/httpserverutility.cs'.
warning	CS0436	src/System.Web.ReferenceSource/ErrorFormatter.cs	1349	34	root	warning	The type 'HttpUtility' in '/Users/vm/repos/rehost-webforms/src/Rehost.WebForms.Runtime/../System.Web.ReferenceSource/httpserverutility.cs' conflicts with the imported type 'HttpUtility' in 'System.Web.HttpUtility, Version=10.0.0.0, Culture=neutral, PublicKeyToken=cc7b13ffcd2ddd51'. Using the type defined in '/Users/vm/repos/rehost-webforms/src/Rehost.WebForms.Runtime/../System.Web.ReferenceSource/httpserverutility.cs'.
warning	CS0436	src/System.Web.ReferenceSource/ErrorFormatter.cs	1368	29	root	warning	The type 'HttpUtility' in '/Users/vm/repos/rehost-webforms/src/Rehost.WebForms.Runtime/../System.Web.ReferenceSource/httpserverutility.cs' conflicts with the imported type 'HttpUtility' in 'System.Web.HttpUtility, Version=10.0.0.0, Culture=neutral, PublicKeyToken=cc7b13ffcd2ddd51'. Using the type defined in '/Users/vm/repos/rehost-webforms/src/Rehost.WebForms.Runtime/../System.Web.ReferenceSource/httpserverutility.cs'.
warning	CS0436	src/System.Web.ReferenceSource/ErrorFormatter.cs	1376	34	root	warning	The type 'HttpUtility' in '/Users/vm/repos/rehost-webforms/src/Rehost.WebForms.Runtime/../System.Web.ReferenceSource/httpserverutility.cs' conflicts with the imported type 'HttpUtility' in 'System.Web.HttpUtility, Version=10.0.0.0, Culture=neutral, PublicKeyToken=cc7b13ffcd2ddd51'. Using the type defined in '/Users/vm/repos/rehost-webforms/src/Rehost.WebForms.Runtime/../System.Web.ReferenceSource/httpserverutility.cs'.
warning	CS0436	src/System.Web.ReferenceSource/ErrorFormatter.cs	1405	26	root	warning	The type 'HttpUtility' in '/Users/vm/repos/rehost-webforms/src/Rehost.WebForms.Runtime/../System.Web.ReferenceSource/httpserverutility.cs' conflicts with the imported type 'HttpUtility' in 'System.Web.HttpUtility, Version=10.0.0.0, Culture=neutral, PublicKeyToken=cc7b13ffcd2ddd51'. Using the type defined in '/Users/vm/repos/rehost-webforms/src/Rehost.WebForms.Runtime/../System.Web.ReferenceSource/httpserverutility.cs'.
warning	CS0436	src/System.Web.ReferenceSource/ErrorFormatter.cs	1508	35	root	warning	The type 'HttpUtility' in '/Users/vm/repos/rehost-webforms/src/Rehost.WebForms.Runtime/../System.Web.ReferenceSource/httpserverutility.cs' conflicts with the imported type 'HttpUtility' in 'System.Web.HttpUtility, Version=10.0.0.0, Culture=neutral, PublicKeyToken=cc7b13ffcd2ddd51'. Using the type defined in '/Users/vm/repos/rehost-webforms/src/Rehost.WebForms.Runtime/../System.Web.ReferenceSource/httpserverutility.cs'.
warning	CS0436	src/System.Web.ReferenceSource/ErrorFormatter.cs	1652	50	root	warning	The type 'HttpUtility' in '/Users/vm/repos/rehost-webforms/src/Rehost.WebForms.Runtime/../System.Web.ReferenceSource/httpserverutility.cs' conflicts with the imported type 'HttpUtility' in 'System.Web.HttpUtility, Version=10.0.0.0, Culture=neutral, PublicKeyToken=cc7b13ffcd2ddd51'. Using the type defined in '/Users/vm/repos/rehost-webforms/src/Rehost.WebForms.Runtime/../System.Web.ReferenceSource/httpserverutility.cs'.
warning	CS0436	src/System.Web.ReferenceSource/ErrorFormatter.cs	1657	47	root	warning	The type 'HttpUtility' in '/Users/vm/repos/rehost-webforms/src/Rehost.WebForms.Runtime/../System.Web.ReferenceSource/httpserverutility.cs' conflicts with the imported type 'HttpUtility' in 'System.Web.HttpUtility, Version=10.0.0.0, Culture=neutral, PublicKeyToken=cc7b13ffcd2ddd51'. Using the type defined in '/Users/vm/repos/rehost-webforms/src/Rehost.WebForms.Runtime/../System.Web.ReferenceSource/httpserverutility.cs'.
warning	CS0436	src/System.Web.ReferenceSource/ErrorFormatter.cs	1687	35	root	warning	The type 'HttpUtility' in '/Users/vm/repos/rehost-webforms/src/Rehost.WebForms.Runtime/../System.Web.ReferenceSource/httpserverutility.cs' conflicts with the imported type 'HttpUtility' in 'System.Web.HttpUtility, Version=10.0.0.0, Culture=neutral, PublicKeyToken=cc7b13ffcd2ddd51'. Using the type defined in '/Users/vm/repos/rehost-webforms/src/Rehost.WebForms.Runtime/../System.Web.ReferenceSource/httpserverutility.cs'.
warning	CS0436	src/System.Web.ReferenceSource/ErrorFormatter.cs	1696	35	root	warning	The type 'HttpUtility' in '/Users/vm/repos/rehost-webforms/src/Rehost.WebForms.Runtime/../System.Web.ReferenceSource/httpserverutility.cs' conflicts with the imported type 'HttpUtility' in 'System.Web.HttpUtility, Version=10.0.0.0, Culture=neutral, PublicKeyToken=cc7b13ffcd2ddd51'. Using the type defined in '/Users/vm/repos/rehost-webforms/src/Rehost.WebForms.Runtime/../System.Web.ReferenceSource/httpserverutility.cs'.
warning	CS0436	src/System.Web.ReferenceSource/ErrorFormatter.cs	1712	39	root	warning	The type 'HttpUtility' in '/Users/vm/repos/rehost-webforms/src/Rehost.WebForms.Runtime/../System.Web.ReferenceSource/httpserverutility.cs' conflicts with the imported type 'HttpUtility' in 'System.Web.HttpUtility, Version=10.0.0.0, Culture=neutral, PublicKeyToken=cc7b13ffcd2ddd51'. Using the type defined in '/Users/vm/repos/rehost-webforms/src/Rehost.WebForms.Runtime/../System.Web.ReferenceSource/httpserverutility.cs'.
warning	CS0436	src/System.Web.ReferenceSource/ErrorFormatter.cs	1716	43	root	warning	The type 'HttpUtility' in '/Users/vm/repos/rehost-webforms/src/Rehost.WebForms.Runtime/../System.Web.ReferenceSource/httpserverutility.cs' conflicts with the imported type 'HttpUtility' in 'System.Web.HttpUtility, Version=10.0.0.0, Culture=neutral, PublicKeyToken=cc7b13ffcd2ddd51'. Using the type defined in '/Users/vm/repos/rehost-webforms/src/Rehost.WebForms.Runtime/../System.Web.ReferenceSource/httpserverutility.cs'.
warning	CS0436	src/System.Web.ReferenceSource/ErrorFormatter.cs	1726	39	root	warning	The type 'HttpUtility' in '/Users/vm/repos/rehost-webforms/src/Rehost.WebForms.Runtime/../System.Web.ReferenceSource/httpserverutility.cs' conflicts with the imported type 'HttpUtility' in 'System.Web.HttpUtility, Version=10.0.0.0, Culture=neutral, PublicKeyToken=cc7b13ffcd2ddd51'. Using the type defined in '/Users/vm/repos/rehost-webforms/src/Rehost.WebForms.Runtime/../System.Web.ReferenceSource/httpserverutility.cs'.
warning	CS0436	src/System.Web.ReferenceSource/ErrorFormatter.cs	1751	43	root	warning	The type 'HttpUtility' in '/Users/vm/repos/rehost-webforms/src/Rehost.WebForms.Runtime/../System.Web.ReferenceSource/httpserverutility.cs' conflicts with the imported type 'HttpUtility' in 'System.Web.HttpUtility, Version=10.0.0.0, Culture=neutral, PublicKeyToken=cc7b13ffcd2ddd51'. Using the type defined in '/Users/vm/repos/rehost-webforms/src/Rehost.WebForms.Runtime/../System.Web.ReferenceSource/httpserverutility.cs'.
warning	CS0436	src/System.Web.ReferenceSource/ErrorFormatter.cs	1778	39	root	warning	The type 'HttpUtility' in '/Users/vm/repos/rehost-webforms/src/Rehost.WebForms.Runtime/../System.Web.ReferenceSource/httpserverutility.cs' conflicts with the imported type 'HttpUtility' in 'System.Web.HttpUtility, Version=10.0.0.0, Culture=neutral, PublicKeyToken=cc7b13ffcd2ddd51'. Using the type defined in '/Users/vm/repos/rehost-webforms/src/Rehost.WebForms.Runtime/../System.Web.ReferenceSource/httpserverutility.cs'.
warning	CS0436	src/System.Web.ReferenceSource/ErrorFormatter.cs	1813	24	root	warning	The type 'HttpUtility' in '/Users/vm/repos/rehost-webforms/src/Rehost.WebForms.Runtime/../System.Web.ReferenceSource/httpserverutility.cs' conflicts with the imported type 'HttpUtility' in 'System.Web.HttpUtility, Version=10.0.0.0, Culture=neutral, PublicKeyToken=cc7b13ffcd2ddd51'. Using the type defined in '/Users/vm/repos/rehost-webforms/src/Rehost.WebForms.Runtime/../System.Web.ReferenceSource/httpserverutility.cs'.
warning	CS0436	src/System.Web.ReferenceSource/ErrorFormatter.cs	1860	24	root	warning	The type 'HttpUtility' in '/Users/vm/repos/rehost-webforms/src/Rehost.WebForms.Runtime/../System.Web.ReferenceSource/httpserverutility.cs' conflicts with the imported type 'HttpUtility' in 'System.Web.HttpUtility, Version=10.0.0.0, Culture=neutral, PublicKeyToken=cc7b13ffcd2ddd51'. Using the type defined in '/Users/vm/repos/rehost-webforms/src/Rehost.WebForms.Runtime/../System.Web.ReferenceSource/httpserverutility.cs'.
warning	SYSLIB0003	src/System.Web.ReferenceSource/FileChangesMonitor.cs	759	10	root	warning	'FileIOPermissionAttribute' is obsolete: 'Code Access Security is not supported or honored by the runtime.' (https://aka.ms/dotnet-warnings/SYSLIB0003)
warning	SYSLIB0003	src/System.Web.ReferenceSource/FileChangesMonitor.cs	759	27	root	warning	'SecurityAction' is obsolete: 'Code Access Security is not supported or honored by the runtime.' (https://aka.ms/dotnet-warnings/SYSLIB0003)
warning	SYSLIB0003	src/System.Web.ReferenceSource/FileChangesMonitor.cs	1491	21	root	warning	'FileIOPermission' is obsolete: 'Code Access Security is not supported or honored by the runtime.' (https://aka.ms/dotnet-warnings/SYSLIB0003)
warning	SYSLIB0003	src/System.Web.ReferenceSource/FileChangesMonitor.cs	1491	38	root	warning	'FileIOPermissionAccess' is obsolete: 'Code Access Security is not supported or honored by the runtime.' (https://aka.ms/dotnet-warnings/SYSLIB0003)
warning	SYSLIB0003	src/System.Web.ReferenceSource/Globalization/ResourceFileStringLocalizerProvider.cs	88	10	Globalization	warning	'PermissionSetAttribute' is obsolete: 'Code Access Security is not supported or honored by the runtime.' (https://aka.ms/dotnet-warnings/SYSLIB0003)
warning	SYSLIB0003	src/System.Web.ReferenceSource/Globalization/ResourceFileStringLocalizerProvider.cs	88	24	Globalization	warning	'SecurityAction' is obsolete: 'Code Access Security is not supported or honored by the runtime.' (https://aka.ms/dotnet-warnings/SYSLIB0003)
warning	SYSLIB0003	src/System.Web.ReferenceSource/Handlers/AssemblyResourceLoader.cs	149	10	Handlers	warning	'FileIOPermissionAttribute' is obsolete: 'Code Access Security is not supported or honored by the runtime.' (https://aka.ms/dotnet-warnings/SYSLIB0003)
warning	SYSLIB0003	src/System.Web.ReferenceSource/Handlers/AssemblyResourceLoader.cs	149	27	Handlers	warning	'SecurityAction' is obsolete: 'Code Access Security is not supported or honored by the runtime.' (https://aka.ms/dotnet-warnings/SYSLIB0003)
warning	SYSLIB0044	src/System.Web.ReferenceSource/Handlers/AssemblyResourceLoader.cs	152	63	Handlers	warning	'AssemblyName.CodeBase' is obsolete: 'AssemblyName.CodeBase and AssemblyName.EscapedCodeBase are obsolete. Using them for loading an assembly is not supported.' (https://aka.ms/dotnet-warnings/SYSLIB0044)
warning	SYSLIB0003	src/System.Web.ReferenceSource/Handlers/AssemblyResourceLoader.cs	162	10	Handlers	warning	'FileIOPermissionAttribute' is obsolete: 'Code Access Security is not supported or honored by the runtime.' (https://aka.ms/dotnet-warnings/SYSLIB0003)
warning	SYSLIB0003	src/System.Web.ReferenceSource/Handlers/AssemblyResourceLoader.cs	162	27	Handlers	warning	'SecurityAction' is obsolete: 'Code Access Security is not supported or honored by the runtime.' (https://aka.ms/dotnet-warnings/SYSLIB0003)
warning	CS0436	src/System.Web.ReferenceSource/Handlers/AssemblyResourceLoader.cs	260	17	Handlers	warning	The type 'HttpUtility' in '/Users/vm/repos/rehost-webforms/src/Rehost.WebForms.Runtime/../System.Web.ReferenceSource/httpserverutility.cs' conflicts with the imported type 'HttpUtility' in 'System.Web.HttpUtility, Version=10.0.0.0, Culture=neutral, PublicKeyToken=cc7b13ffcd2ddd51'. Using the type defined in '/Users/vm/repos/rehost-webforms/src/Rehost.WebForms.Runtime/../System.Web.ReferenceSource/httpserverutility.cs'.
warning	CS0436	src/System.Web.ReferenceSource/Handlers/AssemblyResourceLoader.cs	261	17	Handlers	warning	The type 'HttpUtility' in '/Users/vm/repos/rehost-webforms/src/Rehost.WebForms.Runtime/../System.Web.ReferenceSource/httpserverutility.cs' conflicts with the imported type 'HttpUtility' in 'System.Web.HttpUtility, Version=10.0.0.0, Culture=neutral, PublicKeyToken=cc7b13ffcd2ddd51'. Using the type defined in '/Users/vm/repos/rehost-webforms/src/Rehost.WebForms.Runtime/../System.Web.ReferenceSource/httpserverutility.cs'.
warning	CS0436	src/System.Web.ReferenceSource/Handlers/AssemblyResourceLoader.cs	262	17	Handlers	warning	The type 'HttpUtility' in '/Users/vm/repos/rehost-webforms/src/Rehost.WebForms.Runtime/../System.Web.ReferenceSource/httpserverutility.cs' conflicts with the imported type 'HttpUtility' in 'System.Web.HttpUtility, Version=10.0.0.0, Culture=neutral, PublicKeyToken=cc7b13ffcd2ddd51'. Using the type defined in '/Users/vm/repos/rehost-webforms/src/Rehost.WebForms.Runtime/../System.Web.ReferenceSource/httpserverutility.cs'.
warning	CS0436	src/System.Web.ReferenceSource/Handlers/AssemblyResourceLoader.cs	412	31	Handlers	warning	The type 'HttpUtility' in '/Users/vm/repos/rehost-webforms/src/Rehost.WebForms.Runtime/../System.Web.ReferenceSource/httpserverutility.cs' conflicts with the imported type 'HttpUtility' in 'System.Web.HttpUtility, Version=10.0.0.0, Culture=neutral, PublicKeyToken=cc7b13ffcd2ddd51'. Using the type defined in '/Users/vm/repos/rehost-webforms/src/Rehost.WebForms.Runtime/../System.Web.ReferenceSource/httpserverutility.cs'.
warning	SYSLIB0005	src/System.Web.ReferenceSource/Handlers/AssemblyResourceLoader.cs	422	25	Handlers	warning	'Assembly.GlobalAssemblyCache' is obsolete: 'The Global Assembly Cache is not supported.' (https://aka.ms/dotnet-warnings/SYSLIB0005)
warning	SYSLIB0003	src/System.Web.ReferenceSource/Handlers/TraceHandler.cs	69	10	Handlers	warning	'SecurityPermissionAttribute' is obsolete: 'Code Access Security is not supported or honored by the runtime.' (https://aka.ms/dotnet-warnings/SYSLIB0003)
warning	SYSLIB0003	src/System.Web.ReferenceSource/Handlers/TraceHandler.cs	69	29	Handlers	warning	'SecurityAction' is obsolete: 'Code Access Security is not supported or honored by the runtime.' (https://aka.ms/dotnet-warnings/SYSLIB0003)
warning	CS0436	src/System.Web.ReferenceSource/Handlers/TraceHandler.cs	234	36	Handlers	warning	The type 'HttpUtility' in '/Users/vm/repos/rehost-webforms/src/Rehost.WebForms.Runtime/../System.Web.ReferenceSource/httpserverutility.cs' conflicts with the imported type 'HttpUtility' in 'System.Web.HttpUtility, Version=10.0.0.0, Culture=neutral, PublicKeyToken=cc7b13ffcd2ddd51'. Using the type defined in '/Users/vm/repos/rehost-webforms/src/Rehost.WebForms.Runtime/../System.Web.ReferenceSource/httpserverutility.cs'.
warning	CS0436	src/System.Web.ReferenceSource/Handlers/TraceHandler.cs	289	31	Handlers	warning	The type 'HttpUtility' in '/Users/vm/repos/rehost-webforms/src/Rehost.WebForms.Runtime/../System.Web.ReferenceSource/httpserverutility.cs' conflicts with the imported type 'HttpUtility' in 'System.Web.HttpUtility, Version=10.0.0.0, Culture=neutral, PublicKeyToken=cc7b13ffcd2ddd51'. Using the type defined in '/Users/vm/repos/rehost-webforms/src/Rehost.WebForms.Runtime/../System.Web.ReferenceSource/httpserverutility.cs'.
warning	CS0436	src/System.Web.ReferenceSource/Handlers/TraceHandler.cs	373	26	Handlers	warning	The type 'HttpUtility' in '/Users/vm/repos/rehost-webforms/src/Rehost.WebForms.Runtime/../System.Web.ReferenceSource/httpserverutility.cs' conflicts with the imported type 'HttpUtility' in 'System.Web.HttpUtility, Version=10.0.0.0, Culture=neutral, PublicKeyToken=cc7b13ffcd2ddd51'. Using the type defined in '/Users/vm/repos/rehost-webforms/src/Rehost.WebForms.Runtime/../System.Web.ReferenceSource/httpserverutility.cs'.
warning	CS0436	src/System.Web.ReferenceSource/Handlers/TraceHandler.cs	374	27	Handlers	warning	The type 'HttpUtility' in '/Users/vm/repos/rehost-webforms/src/Rehost.WebForms.Runtime/../System.Web.ReferenceSource/httpserverutility.cs' conflicts with the imported type 'HttpUtility' in 'System.Web.HttpUtility, Version=10.0.0.0, Culture=neutral, PublicKeyToken=cc7b13ffcd2ddd51'. Using the type defined in '/Users/vm/repos/rehost-webforms/src/Rehost.WebForms.Runtime/../System.Web.ReferenceSource/httpserverutility.cs'.
warning	CS0436	src/System.Web.ReferenceSource/Handlers/TraceHandler.cs	464	39	Handlers	warning	The type 'HttpUtility' in '/Users/vm/repos/rehost-webforms/src/Rehost.WebForms.Runtime/../System.Web.ReferenceSource/httpserverutility.cs' conflicts with the imported type 'HttpUtility' in 'System.Web.HttpUtility, Version=10.0.0.0, Culture=neutral, PublicKeyToken=cc7b13ffcd2ddd51'. Using the type defined in '/Users/vm/repos/rehost-webforms/src/Rehost.WebForms.Runtime/../System.Web.ReferenceSource/httpserverutility.cs'.
warning	CS0436	src/System.Web.ReferenceSource/Handlers/TraceHandler.cs	467	59	Handlers	warning	The type 'HttpUtility' in '/Users/vm/repos/rehost-webforms/src/Rehost.WebForms.Runtime/../System.Web.ReferenceSource/httpserverutility.cs' conflicts with the imported type 'HttpUtility' in 'System.Web.HttpUtility, Version=10.0.0.0, Culture=neutral, PublicKeyToken=cc7b13ffcd2ddd51'. Using the type defined in '/Users/vm/repos/rehost-webforms/src/Rehost.WebForms.Runtime/../System.Web.ReferenceSource/httpserverutility.cs'.
warning	CS0436	src/System.Web.ReferenceSource/Handlers/TraceHandler.cs	472	45	Handlers	warning	The type 'HttpUtility' in '/Users/vm/repos/rehost-webforms/src/Rehost.WebForms.Runtime/../System.Web.ReferenceSource/httpserverutility.cs' conflicts with the imported type 'HttpUtility' in 'System.Web.HttpUtility, Version=10.0.0.0, Culture=neutral, PublicKeyToken=cc7b13ffcd2ddd51'. Using the type defined in '/Users/vm/repos/rehost-webforms/src/Rehost.WebForms.Runtime/../System.Web.ReferenceSource/httpserverutility.cs'.
warning	CS0436	src/System.Web.ReferenceSource/Handlers/TraceHandler.cs	474	45	Handlers	warning	The type 'HttpUtility' in '/Users/vm/repos/rehost-webforms/src/Rehost.WebForms.Runtime/../System.Web.ReferenceSource/httpserverutility.cs' conflicts with the imported type 'HttpUtility' in 'System.Web.HttpUtility, Version=10.0.0.0, Culture=neutral, PublicKeyToken=cc7b13ffcd2ddd51'. Using the type defined in '/Users/vm/repos/rehost-webforms/src/Rehost.WebForms.Runtime/../System.Web.ReferenceSource/httpserverutility.cs'.
warning	CS0436	src/System.Web.ReferenceSource/Handlers/TraceHandler.cs	543	32	Handlers	warning	The type 'HttpUtility' in '/Users/vm/repos/rehost-webforms/src/Rehost.WebForms.Runtime/../System.Web.ReferenceSource/httpserverutility.cs' conflicts with the imported type 'HttpUtility' in 'System.Web.HttpUtility, Version=10.0.0.0, Culture=neutral, PublicKeyToken=cc7b13ffcd2ddd51'. Using the type defined in '/Users/vm/repos/rehost-webforms/src/Rehost.WebForms.Runtime/../System.Web.ReferenceSource/httpserverutility.cs'.
warning	CS0436	src/System.Web.ReferenceSource/Handlers/TraceHandler.cs	543	72	Handlers	warning	The type 'HttpUtility' in '/Users/vm/repos/rehost-webforms/src/Rehost.WebForms.Runtime/../System.Web.ReferenceSource/httpserverutility.cs' conflicts with the imported type 'HttpUtility' in 'System.Web.HttpUtility, Version=10.0.0.0, Culture=neutral, PublicKeyToken=cc7b13ffcd2ddd51'. Using the type defined in '/Users/vm/repos/rehost-webforms/src/Rehost.WebForms.Runtime/../System.Web.ReferenceSource/httpserverutility.cs'.
warning	CS0436	src/System.Web.ReferenceSource/Handlers/TraceHandler.cs	545	32	Handlers	warning	The type 'HttpUtility' in '/Users/vm/repos/rehost-webforms/src/Rehost.WebForms.Runtime/../System.Web.ReferenceSource/httpserverutility.cs' conflicts with the imported type 'HttpUtility' in 'System.Web.HttpUtility, Version=10.0.0.0, Culture=neutral, PublicKeyToken=cc7b13ffcd2ddd51'. Using the type defined in '/Users/vm/repos/rehost-webforms/src/Rehost.WebForms.Runtime/../System.Web.ReferenceSource/httpserverutility.cs'.
warning	CS0436	src/System.Web.ReferenceSource/Handlers/TraceHandler.cs	576	27	Handlers	warning	The type 'HttpUtility' in '/Users/vm/repos/rehost-webforms/src/Rehost.WebForms.Runtime/../System.Web.ReferenceSource/httpserverutility.cs' conflicts with the imported type 'HttpUtility' in 'System.Web.HttpUtility, Version=10.0.0.0, Culture=neutral, PublicKeyToken=cc7b13ffcd2ddd51'. Using the type defined in '/Users/vm/repos/rehost-webforms/src/Rehost.WebForms.Runtime/../System.Web.ReferenceSource/httpserverutility.cs'.
warning	CS0436	src/System.Web.ReferenceSource/Handlers/TraceHandlerErrorFormatter.cs	24	28	Handlers	warning	The type 'HttpUtility' in '/Users/vm/repos/rehost-webforms/src/Rehost.WebForms.Runtime/../System.Web.ReferenceSource/httpserverutility.cs' conflicts with the imported type 'HttpUtility' in 'System.Web.HttpUtility, Version=10.0.0.0, Culture=neutral, PublicKeyToken=cc7b13ffcd2ddd51'. Using the type defined in '/Users/vm/repos/rehost-webforms/src/Rehost.WebForms.Runtime/../System.Web.ReferenceSource/httpserverutility.cs'.
warning	CS0436	src/System.Web.ReferenceSource/Handlers/TraceHandlerErrorFormatter.cs	48	35	Handlers	warning	The type 'HttpUtility' in '/Users/vm/repos/rehost-webforms/src/Rehost.WebForms.Runtime/../System.Web.ReferenceSource/httpserverutility.cs' conflicts with the imported type 'HttpUtility' in 'System.Web.HttpUtility, Version=10.0.0.0, Culture=neutral, PublicKeyToken=cc7b13ffcd2ddd51'. Using the type defined in '/Users/vm/repos/rehost-webforms/src/Rehost.WebForms.Runtime/../System.Web.ReferenceSource/httpserverutility.cs'.
warning	CS0436	src/System.Web.ReferenceSource/Handlers/TraceHandlerErrorFormatter.cs	50	35	Handlers	warning	The type 'HttpUtility' in '/Users/vm/repos/rehost-webforms/src/Rehost.WebForms.Runtime/../System.Web.ReferenceSource/httpserverutility.cs' conflicts with the imported type 'HttpUtility' in 'System.Web.HttpUtility, Version=10.0.0.0, Culture=neutral, PublicKeyToken=cc7b13ffcd2ddd51'. Using the type defined in '/Users/vm/repos/rehost-webforms/src/Rehost.WebForms.Runtime/../System.Web.ReferenceSource/httpserverutility.cs'.
warning	CS0436	src/System.Web.ReferenceSource/Handlers/TraceHandlerErrorFormatter.cs	61	31	Handlers	warning	The type 'HttpUtility' in '/Users/vm/repos/rehost-webforms/src/Rehost.WebForms.Runtime/../System.Web.ReferenceSource/httpserverutility.cs' conflicts with the imported type 'HttpUtility' in 'System.Web.HttpUtility, Version=10.0.0.0, Culture=neutral, PublicKeyToken=cc7b13ffcd2ddd51'. Using the type defined in '/Users/vm/repos/rehost-webforms/src/Rehost.WebForms.Runtime/../System.Web.ReferenceSource/httpserverutility.cs'.
warning	CS0436	src/System.Web.ReferenceSource/Handlers/TraceHandlerErrorFormatter.cs	63	31	Handlers	warning	The type 'HttpUtility' in '/Users/vm/repos/rehost-webforms/src/Rehost.WebForms.Runtime/../System.Web.ReferenceSource/httpserverutility.cs' conflicts with the imported type 'HttpUtility' in 'System.Web.HttpUtility, Version=10.0.0.0, Culture=neutral, PublicKeyToken=cc7b13ffcd2ddd51'. Using the type defined in '/Users/vm/repos/rehost-webforms/src/Rehost.WebForms.Runtime/../System.Web.ReferenceSource/httpserverutility.cs'.
warning	SYSLIB0003	src/System.Web.ReferenceSource/Hosting/AppDomainFactory.cs	40	10	Hosting	warning	'SecurityPermissionAttribute' is obsolete: 'Code Access Security is not supported or honored by the runtime.' (https://aka.ms/dotnet-warnings/SYSLIB0003)
warning	SYSLIB0003	src/System.Web.ReferenceSource/Hosting/AppDomainFactory.cs	40	29	Hosting	warning	'SecurityAction' is obsolete: 'Code Access Security is not supported or honored by the runtime.' (https://aka.ms/dotnet-warnings/SYSLIB0003)
warning	SYSLIB0003	src/System.Web.ReferenceSource/Hosting/AppDomainFactory.cs	80	6	Hosting	warning	'SecurityPermissionAttribute' is obsolete: 'Code Access Security is not supported or honored by the runtime.' (https://aka.ms/dotnet-warnings/SYSLIB0003)
warning	SYSLIB0003	src/System.Web.ReferenceSource/Hosting/AppDomainFactory.cs	80	25	Hosting	warning	'SecurityAction' is obsolete: 'Code Access Security is not supported or honored by the runtime.' (https://aka.ms/dotnet-warnings/SYSLIB0003)
warning	SYSLIB0003	src/System.Web.ReferenceSource/Hosting/AppDomainFactory.cs	116	10	Hosting	warning	'SecurityPermissionAttribute' is obsolete: 'Code Access Security is not supported or honored by the runtime.' (https://aka.ms/dotnet-warnings/SYSLIB0003)
warning	SYSLIB0003	src/System.Web.ReferenceSource/Hosting/AppDomainFactory.cs	116	29	Hosting	warning	'SecurityAction' is obsolete: 'Code Access Security is not supported or honored by the runtime.' (https://aka.ms/dotnet-warnings/SYSLIB0003)
warning	SYSLIB0003	src/System.Web.ReferenceSource/Hosting/AppDomainFactory.cs	120	10	Hosting	warning	'SecurityPermissionAttribute' is obsolete: 'Code Access Security is not supported or honored by the runtime.' (https://aka.ms/dotnet-warnings/SYSLIB0003)
warning	SYSLIB0003	src/System.Web.ReferenceSource/Hosting/AppDomainFactory.cs	120	29	Hosting	warning	'SecurityAction' is obsolete: 'Code Access Security is not supported or honored by the runtime.' (https://aka.ms/dotnet-warnings/SYSLIB0003)
warning	SYSLIB0003	src/System.Web.ReferenceSource/Hosting/AppDomainFactory.cs	126	6	Hosting	warning	'SecurityPermissionAttribute' is obsolete: 'Code Access Security is not supported or honored by the runtime.' (https://aka.ms/dotnet-warnings/SYSLIB0003)
warning	SYSLIB0003	src/System.Web.ReferenceSource/Hosting/AppDomainFactory.cs	126	25	Hosting	warning	'SecurityAction' is obsolete: 'Code Access Security is not supported or honored by the runtime.' (https://aka.ms/dotnet-warnings/SYSLIB0003)
warning	SYSLIB0003	src/System.Web.ReferenceSource/Hosting/AppDomainProtocolHandler.cs	18	10	Hosting	warning	'SecurityPermissionAttribute' is obsolete: 'Code Access Security is not supported or honored by the runtime.' (https://aka.ms/dotnet-warnings/SYSLIB0003)
warning	SYSLIB0003	src/System.Web.ReferenceSource/Hosting/AppDomainProtocolHandler.cs	18	38	Hosting	warning	'SecurityAction' is obsolete: 'Code Access Security is not supported or honored by the runtime.' (https://aka.ms/dotnet-warnings/SYSLIB0003)
warning	SYSLIB0003	src/System.Web.ReferenceSource/Hosting/AppDomainProtocolHandler.cs	18	71	Hosting	warning	'SecurityPermissionFlag' is obsolete: 'Code Access Security is not supported or honored by the runtime.' (https://aka.ms/dotnet-warnings/SYSLIB0003)
warning	CS0672	src/System.Web.ReferenceSource/Hosting/AppDomainProtocolHandler.cs	19	32	Hosting	warning	Member 'AppDomainProtocolHandler.InitializeLifetimeService()' overrides obsolete member 'MarshalByRefObject.InitializeLifetimeService()'. Add the Obsolete attribute to 'AppDomainProtocolHandler.InitializeLifetimeService()'.
warning	SYSLIB0003	src/System.Web.ReferenceSource/Hosting/ApplicationHost.cs	38	10	Hosting	warning	'SecurityPermissionAttribute' is obsolete: 'Code Access Security is not supported or honored by the runtime.' (https://aka.ms/dotnet-warnings/SYSLIB0003)
warning	SYSLIB0003	src/System.Web.ReferenceSource/Hosting/ApplicationHost.cs	38	29	Hosting	warning	'SecurityAction' is obsolete: 'Code Access Security is not supported or honored by the runtime.' (https://aka.ms/dotnet-warnings/SYSLIB0003)
warning	SYSLIB0003	src/System.Web.ReferenceSource/Hosting/ApplicationManager.cs	42	6	Hosting	warning	'PermissionSetAttribute' is obsolete: 'Code Access Security is not supported or honored by the runtime.' (https://aka.ms/dotnet-warnings/SYSLIB0003)
warning	SYSLIB0003	src/System.Web.ReferenceSource/Hosting/ApplicationManager.cs	42	20	Hosting	warning	'SecurityAction' is obsolete: 'Code Access Security is not supported or honored by the runtime.' (https://aka.ms/dotnet-warnings/SYSLIB0003)
warning	SYSLIB0003	src/System.Web.ReferenceSource/Hosting/ApplicationManager.cs	65	33	Hosting	warning	'StrongName' is obsolete: 'Code Access Security is not supported or honored by the runtime.' (https://aka.ms/dotnet-warnings/SYSLIB0003)
warning	CS0672	src/System.Web.ReferenceSource/Hosting/ApplicationManager.cs	166	32	Hosting	warning	Member 'ApplicationManager.InitializeLifetimeService()' overrides obsolete member 'MarshalByRefObject.InitializeLifetimeService()'. Add the Obsolete attribute to 'ApplicationManager.InitializeLifetimeService()'.
warning	SYSLIB0003	src/System.Web.ReferenceSource/Hosting/ApplicationManager.cs	192	10	Hosting	warning	'SecurityPermissionAttribute' is obsolete: 'Code Access Security is not supported or honored by the runtime.' (https://aka.ms/dotnet-warnings/SYSLIB0003)
warning	SYSLIB0003	src/System.Web.ReferenceSource/Hosting/ApplicationManager.cs	192	29	Hosting	warning	'SecurityAction' is obsolete: 'Code Access Security is not supported or honored by the runtime.' (https://aka.ms/dotnet-warnings/SYSLIB0003)
warning	SYSLIB0003	src/System.Web.ReferenceSource/Hosting/ApplicationManager.cs	198	10	Hosting	warning	'SecurityPermissionAttribute' is obsolete: 'Code Access Security is not supported or honored by the runtime.' (https://aka.ms/dotnet-warnings/SYSLIB0003)
warning	SYSLIB0003	src/System.Web.ReferenceSource/Hosting/ApplicationManager.cs	198	29	Hosting	warning	'SecurityAction' is obsolete: 'Code Access Security is not supported or honored by the runtime.' (https://aka.ms/dotnet-warnings/SYSLIB0003)
warning	SYSLIB0003	src/System.Web.ReferenceSource/Hosting/ApplicationManager.cs	218	10	Hosting	warning	'SecurityPermissionAttribute' is obsolete: 'Code Access Security is not supported or honored by the runtime.' (https://aka.ms/dotnet-warnings/SYSLIB0003)
warning	SYSLIB0003	src/System.Web.ReferenceSource/Hosting/ApplicationManager.cs	218	29	Hosting	warning	'SecurityAction' is obsolete: 'Code Access Security is not supported or honored by the runtime.' (https://aka.ms/dotnet-warnings/SYSLIB0003)
warning	SYSLIB0003	src/System.Web.ReferenceSource/Hosting/ApplicationManager.cs	231	10	Hosting	warning	'SecurityPermissionAttribute' is obsolete: 'Code Access Security is not supported or honored by the runtime.' (https://aka.ms/dotnet-warnings/SYSLIB0003)
warning	SYSLIB0003	src/System.Web.ReferenceSource/Hosting/ApplicationManager.cs	231	29	Hosting	warning	'SecurityAction' is obsolete: 'Code Access Security is not supported or honored by the runtime.' (https://aka.ms/dotnet-warnings/SYSLIB0003)
warning	SYSLIB0003	src/System.Web.ReferenceSource/Hosting/ApplicationManager.cs	236	10	Hosting	warning	'SecurityPermissionAttribute' is obsolete: 'Code Access Security is not supported or honored by the runtime.' (https://aka.ms/dotnet-warnings/SYSLIB0003)
warning	SYSLIB0003	src/System.Web.ReferenceSource/Hosting/ApplicationManager.cs	236	29	Hosting	warning	'SecurityAction' is obsolete: 'Code Access Security is not supported or honored by the runtime.' (https://aka.ms/dotnet-warnings/SYSLIB0003)
warning	SYSLIB0003	src/System.Web.ReferenceSource/Hosting/ApplicationManager.cs	258	10	Hosting	warning	'SecurityPermissionAttribute' is obsolete: 'Code Access Security is not supported or honored by the runtime.' (https://aka.ms/dotnet-warnings/SYSLIB0003)
warning	SYSLIB0003	src/System.Web.ReferenceSource/Hosting/ApplicationManager.cs	258	29	Hosting	warning	'SecurityAction' is obsolete: 'Code Access Security is not supported or honored by the runtime.' (https://aka.ms/dotnet-warnings/SYSLIB0003)
warning	SYSLIB0003	src/System.Web.ReferenceSource/Hosting/ApplicationManager.cs	274	10	Hosting	warning	'PermissionSetAttribute' is obsolete: 'Code Access Security is not supported or honored by the runtime.' (https://aka.ms/dotnet-warnings/SYSLIB0003)
warning	SYSLIB0003	src/System.Web.ReferenceSource/Hosting/ApplicationManager.cs	274	24	Hosting	warning	'SecurityAction' is obsolete: 'Code Access Security is not supported or honored by the runtime.' (https://aka.ms/dotnet-warnings/SYSLIB0003)
warning	SYSLIB0003	src/System.Web.ReferenceSource/Hosting/ApplicationManager.cs	378	10	Hosting	warning	'SecurityPermissionAttribute' is obsolete: 'Code Access Security is not supported or honored by the runtime.' (https://aka.ms/dotnet-warnings/SYSLIB0003)
warning	SYSLIB0003	src/System.Web.ReferenceSource/Hosting/ApplicationManager.cs	378	29	Hosting	warning	'SecurityAction' is obsolete: 'Code Access Security is not supported or honored by the runtime.' (https://aka.ms/dotnet-warnings/SYSLIB0003)
warning	SYSLIB0003	src/System.Web.ReferenceSource/Hosting/ApplicationManager.cs	400	10	Hosting	warning	'SecurityPermissionAttribute' is obsolete: 'Code Access Security is not supported or honored by the runtime.' (https://aka.ms/dotnet-warnings/SYSLIB0003)
warning	SYSLIB0003	src/System.Web.ReferenceSource/Hosting/ApplicationManager.cs	400	29	Hosting	warning	'SecurityAction' is obsolete: 'Code Access Security is not supported or honored by the runtime.' (https://aka.ms/dotnet-warnings/SYSLIB0003)
warning	SYSLIB0003	src/System.Web.ReferenceSource/Hosting/ApplicationManager.cs	470	10	Hosting	warning	'SecurityPermissionAttribute' is obsolete: 'Code Access Security is not supported or honored by the runtime.' (https://aka.ms/dotnet-warnings/SYSLIB0003)
warning	SYSLIB0003	src/System.Web.ReferenceSource/Hosting/ApplicationManager.cs	470	29	Hosting	warning	'SecurityAction' is obsolete: 'Code Access Security is not supported or honored by the runtime.' (https://aka.ms/dotnet-warnings/SYSLIB0003)
warning	SYSLIB0003	src/System.Web.ReferenceSource/Hosting/ApplicationManager.cs	507	10	Hosting	warning	'SecurityPermissionAttribute' is obsolete: 'Code Access Security is not supported or honored by the runtime.' (https://aka.ms/dotnet-warnings/SYSLIB0003)
warning	SYSLIB0003	src/System.Web.ReferenceSource/Hosting/ApplicationManager.cs	507	29	Hosting	warning	'SecurityAction' is obsolete: 'Code Access Security is not supported or honored by the runtime.' (https://aka.ms/dotnet-warnings/SYSLIB0003)
warning	SYSLIB0003	src/System.Web.ReferenceSource/Hosting/ApplicationManager.cs	521	10	Hosting	warning	'SecurityPermissionAttribute' is obsolete: 'Code Access Security is not supported or honored by the runtime.' (https://aka.ms/dotnet-warnings/SYSLIB0003)
warning	SYSLIB0003	src/System.Web.ReferenceSource/Hosting/ApplicationManager.cs	521	29	Hosting	warning	'SecurityAction' is obsolete: 'Code Access Security is not supported or honored by the runtime.' (https://aka.ms/dotnet-warnings/SYSLIB0003)
warning	SYSLIB0003	src/System.Web.ReferenceSource/Hosting/ApplicationManager.cs	548	10	Hosting	warning	'SecurityPermissionAttribute' is obsolete: 'Code Access Security is not supported or honored by the runtime.' (https://aka.ms/dotnet-warnings/SYSLIB0003)
warning	SYSLIB0003	src/System.Web.ReferenceSource/Hosting/ApplicationManager.cs	548	29	Hosting	warning	'SecurityAction' is obsolete: 'Code Access Security is not supported or honored by the runtime.' (https://aka.ms/dotnet-warnings/SYSLIB0003)
warning	SYSLIB0003	src/System.Web.ReferenceSource/Hosting/ApplicationManager.cs	917	13	Hosting	warning	'PermissionSet' is obsolete: 'Code Access Security is not supported or honored by the runtime.' (https://aka.ms/dotnet-warnings/SYSLIB0003)
warning	SYSLIB0003	src/System.Web.ReferenceSource/Hosting/ApplicationManager.cs	918	18	Hosting	warning	'StrongName' is obsolete: 'Code Access Security is not supported or honored by the runtime.' (https://aka.ms/dotnet-warnings/SYSLIB0003)
warning	SYSLIB0003	src/System.Web.ReferenceSource/Hosting/ApplicationManager.cs	918	61	Hosting	warning	'StrongName' is obsolete: 'Code Access Security is not supported or honored by the runtime.' (https://aka.ms/dotnet-warnings/SYSLIB0003)
warning	SYSLIB0003	src/System.Web.ReferenceSource/Hosting/ApplicationManager.cs	968	45	Hosting	warning	'PermissionSet' is obsolete: 'Code Access Security is not supported or honored by the runtime.' (https://aka.ms/dotnet-warnings/SYSLIB0003)
warning	SYSLIB0003	src/System.Web.ReferenceSource/Hosting/ApplicationManager.cs	968	59	Hosting	warning	'PermissionState' is obsolete: 'Code Access Security is not supported or honored by the runtime.' (https://aka.ms/dotnet-warnings/SYSLIB0003)
warning	SYSLIB0003	src/System.Web.ReferenceSource/Hosting/ApplicationManager.cs	1121	49	Hosting	warning	'PermissionSet' is obsolete: 'Code Access Security is not supported or honored by the runtime.' (https://aka.ms/dotnet-warnings/SYSLIB0003)
warning	SYSLIB0003	src/System.Web.ReferenceSource/Hosting/ApplicationManager.cs	1121	63	Hosting	warning	'PermissionState' is obsolete: 'Code Access Security is not supported or honored by the runtime.' (https://aka.ms/dotnet-warnings/SYSLIB0003)
warning	SYSLIB0003	src/System.Web.ReferenceSource/Hosting/ApplicationManager.cs	1127	57	Hosting	warning	'PermissionSet' is obsolete: 'Code Access Security is not supported or honored by the runtime.' (https://aka.ms/dotnet-warnings/SYSLIB0003)
warning	SYSLIB0003	src/System.Web.ReferenceSource/Hosting/ApplicationManager.cs	1127	71	Hosting	warning	'PermissionState' is obsolete: 'Code Access Security is not supported or honored by the runtime.' (https://aka.ms/dotnet-warnings/SYSLIB0003)
warning	SYSLIB0003	src/System.Web.ReferenceSource/Hosting/ApplicationManager.cs	1135	53	Hosting	warning	'PolicyLevel.GetNamedPermissionSet(string)' is obsolete: 'Code Access Security is not supported or honored by the runtime.' (https://aka.ms/dotnet-warnings/SYSLIB0003)
warning	SYSLIB0003	src/System.Web.ReferenceSource/Hosting/ApplicationManager.cs	1184	41	Hosting	warning	'PermissionSet' is obsolete: 'Code Access Security is not supported or honored by the runtime.' (https://aka.ms/dotnet-warnings/SYSLIB0003)
warning	SYSLIB0003	src/System.Web.ReferenceSource/Hosting/ApplicationManager.cs	1184	55	Hosting	warning	'PermissionState' is obsolete: 'Code Access Security is not supported or honored by the runtime.' (https://aka.ms/dotnet-warnings/SYSLIB0003)
warning	SYSLIB0024	src/System.Web.ReferenceSource/Hosting/ApplicationManager.cs	1307	21	Hosting	warning	'AppDomain.Unload(AppDomain)' is obsolete: 'Creating and unloading AppDomains is not supported and throws an exception.' (https://aka.ms/dotnet-warnings/SYSLIB0024)
warning	SYSLIB0003	src/System.Web.ReferenceSource/Hosting/ApplicationManager.cs	1338	24	Hosting	warning	'StrongName' is obsolete: 'Code Access Security is not supported or honored by the runtime.' (https://aka.ms/dotnet-warnings/SYSLIB0003)
warning	SYSLIB0003	src/System.Web.ReferenceSource/Hosting/ApplicationManager.cs	1340	13	Hosting	warning	'StrongName' is obsolete: 'Code Access Security is not supported or honored by the runtime.' (https://aka.ms/dotnet-warnings/SYSLIB0003)
warning	SYSLIB0003	src/System.Web.ReferenceSource/Hosting/ApplicationManager.cs	1347	13	Hosting	warning	'StrongNamePublicKeyBlob' is obsolete: 'Code Access Security is not supported or honored by the runtime.' (https://aka.ms/dotnet-warnings/SYSLIB0003)
warning	SYSLIB0003	src/System.Web.ReferenceSource/Hosting/ApplicationManager.cs	1347	51	Hosting	warning	'StrongNamePublicKeyBlob' is obsolete: 'Code Access Security is not supported or honored by the runtime.' (https://aka.ms/dotnet-warnings/SYSLIB0003)
warning	SYSLIB0003	src/System.Web.ReferenceSource/Hosting/ApplicationManager.cs	1348	30	Hosting	warning	'StrongName' is obsolete: 'Code Access Security is not supported or honored by the runtime.' (https://aka.ms/dotnet-warnings/SYSLIB0003)
warning	SYSLIB0003	src/System.Web.ReferenceSource/Hosting/ApplicationManager.cs	1358	24	Hosting	warning	'StrongName' is obsolete: 'Code Access Security is not supported or honored by the runtime.' (https://aka.ms/dotnet-warnings/SYSLIB0003)
warning	SYSLIB0003	src/System.Web.ReferenceSource/Hosting/ApplicationManager.cs	1365	36	Hosting	warning	'StrongName' is obsolete: 'Code Access Security is not supported or honored by the runtime.' (https://aka.ms/dotnet-warnings/SYSLIB0003)
warning	SYSLIB0003	src/System.Web.ReferenceSource/Hosting/ApplicationManager.cs	1367	13	Hosting	warning	'StrongNamePublicKeyBlob' is obsolete: 'Code Access Security is not supported or honored by the runtime.' (https://aka.ms/dotnet-warnings/SYSLIB0003)
warning	SYSLIB0003	src/System.Web.ReferenceSource/Hosting/ApplicationManager.cs	1369	34	Hosting	warning	'StrongName' is obsolete: 'Code Access Security is not supported or honored by the runtime.' (https://aka.ms/dotnet-warnings/SYSLIB0003)
warning	CS0612	src/System.Web.ReferenceSource/Hosting/ApplicationManager.cs	1477	27	Hosting	warning	'SecurityManager.LoadPolicyLevelFromString(string, PolicyLevelType)' is obsolete
warning	SYSLIB0003	src/System.Web.ReferenceSource/Hosting/ApplicationManager.cs	1477	27	Hosting	warning	'SecurityManager' is obsolete: 'Code Access Security is not supported or honored by the runtime.' (https://aka.ms/dotnet-warnings/SYSLIB0003)
warning	SYSLIB0003	src/System.Web.ReferenceSource/Hosting/ApplicationManager.cs	1505	29	Hosting	warning	'PermissionSet' is obsolete: 'Code Access Security is not supported or honored by the runtime.' (https://aka.ms/dotnet-warnings/SYSLIB0003)
warning	SYSLIB0003	src/System.Web.ReferenceSource/Hosting/ApplicationManager.cs	1505	59	Hosting	warning	'PermissionSet' is obsolete: 'Code Access Security is not supported or honored by the runtime.' (https://aka.ms/dotnet-warnings/SYSLIB0003)
warning	SYSLIB0003	src/System.Web.ReferenceSource/Hosting/ApplicationManager.cs	1505	73	Hosting	warning	'PermissionState' is obsolete: 'Code Access Security is not supported or honored by the runtime.' (https://aka.ms/dotnet-warnings/SYSLIB0003)
warning	SYSLIB0003	src/System.Web.ReferenceSource/Hosting/ApplicationManager.cs	1507	69	Hosting	warning	'PolicyStatement.PolicyStatement(PermissionSet)' is obsolete: 'Code Access Security is not supported or honored by the runtime.' (https://aka.ms/dotnet-warnings/SYSLIB0003)
warning	SYSLIB0003	src/System.Web.ReferenceSource/Hosting/ApplicationManager.cs	1516	37	Hosting	warning	'PolicyStatement.PermissionSet' is obsolete: 'Code Access Security is not supported or honored by the runtime.' (https://aka.ms/dotnet-warnings/SYSLIB0003)
warning	SYSLIB0003	src/System.Web.ReferenceSource/Hosting/ApplicationManager.cs	1564	10	Hosting	warning	'SecurityPermissionAttribute' is obsolete: 'Code Access Security is not supported or honored by the runtime.' (https://aka.ms/dotnet-warnings/SYSLIB0003)
warning	SYSLIB0003	src/System.Web.ReferenceSource/Hosting/ApplicationManager.cs	1564	29	Hosting	warning	'SecurityAction' is obsolete: 'Code Access Security is not supported or honored by the runtime.' (https://aka.ms/dotnet-warnings/SYSLIB0003)
warning	SYSLIB0003	src/System.Web.ReferenceSource/Hosting/ApplicationManager.cs	1623	25	Hosting	warning	'PermissionSet' is obsolete: 'Code Access Security is not supported or honored by the runtime.' (https://aka.ms/dotnet-warnings/SYSLIB0003)
warning	SYSLIB0003	src/System.Web.ReferenceSource/Hosting/ApplicationManager.cs	1623	53	Hosting	warning	'PermissionSet' is obsolete: 'Code Access Security is not supported or honored by the runtime.' (https://aka.ms/dotnet-warnings/SYSLIB0003)
warning	SYSLIB0003	src/System.Web.ReferenceSource/Hosting/ApplicationManager.cs	1623	67	Hosting	warning	'PermissionState' is obsolete: 'Code Access Security is not supported or honored by the runtime.' (https://aka.ms/dotnet-warnings/SYSLIB0003)
warning	SYSLIB0003	src/System.Web.ReferenceSource/Hosting/ApplicationManager.cs	1624	25	Hosting	warning	'PermissionSet' is obsolete: 'Code Access Security is not supported or honored by the runtime.' (https://aka.ms/dotnet-warnings/SYSLIB0003)
warning	SYSLIB0003	src/System.Web.ReferenceSource/Hosting/ApplicationManager.cs	1624	55	Hosting	warning	'PermissionSet' is obsolete: 'Code Access Security is not supported or honored by the runtime.' (https://aka.ms/dotnet-warnings/SYSLIB0003)
warning	SYSLIB0003	src/System.Web.ReferenceSource/Hosting/ApplicationManager.cs	1624	69	Hosting	warning	'PermissionState' is obsolete: 'Code Access Security is not supported or honored by the runtime.' (https://aka.ms/dotnet-warnings/SYSLIB0003)
warning	SYSLIB0003	src/System.Web.ReferenceSource/Hosting/ApplicationManager.cs	1633	18	Hosting	warning	'SecurityPermissionAttribute' is obsolete: 'Code Access Security is not supported or honored by the runtime.' (https://aka.ms/dotnet-warnings/SYSLIB0003)
warning	SYSLIB0003	src/System.Web.ReferenceSource/Hosting/ApplicationManager.cs	1633	37	Hosting	warning	'SecurityAction' is obsolete: 'Code Access Security is not supported or honored by the runtime.' (https://aka.ms/dotnet-warnings/SYSLIB0003)
warning	SYSLIB0003	src/System.Web.ReferenceSource/Hosting/ApplicationManager.cs	1633	68	Hosting	warning	'SecurityPermissionFlag' is obsolete: 'Code Access Security is not supported or honored by the runtime.' (https://aka.ms/dotnet-warnings/SYSLIB0003)
warning	SYSLIB0003	src/System.Web.ReferenceSource/Hosting/ApplicationManager.cs	1634	33	Hosting	warning	'PermissionSet' is obsolete: 'Code Access Security is not supported or honored by the runtime.' (https://aka.ms/dotnet-warnings/SYSLIB0003)
warning	CS0672	src/System.Web.ReferenceSource/Hosting/ApplicationManager.cs	1634	47	Hosting	warning	Member 'ApplicationManager.AspNetAppDomainManager.AspNetHostSecurityManager.ResolvePolicy(Evidence)' overrides obsolete member 'HostSecurityManager.ResolvePolicy(Evidence)'. Add the Obsolete attribute to 'ApplicationManager.AspNetAppDomainManager.AspNetHostSecurityManager.ResolvePolicy(Evidence)'.
warning	CS0612	src/System.Web.ReferenceSource/Hosting/ApplicationManager.cs	1635	25	Hosting	warning	'HostSecurityManager.ResolvePolicy(Evidence)' is obsolete
warning	SYSLIB0003	src/System.Web.ReferenceSource/Hosting/ApplicationManager.cs	1657	60	Hosting	warning	'PolicyStatement.PermissionSet' is obsolete: 'Code Access Security is not supported or honored by the runtime.' (https://aka.ms/dotnet-warnings/SYSLIB0003)
warning	SYSLIB0003	src/System.Web.ReferenceSource/Hosting/ApplicationManager.cs	1659	30	Hosting	warning	'PolicyStatement.PermissionSet' is obsolete: 'Code Access Security is not supported or honored by the runtime.' (https://aka.ms/dotnet-warnings/SYSLIB0003)
warning	SYSLIB0003	src/System.Web.ReferenceSource/Hosting/ApplicationManager.cs	1692	53	Hosting	warning	'Zone' is obsolete: 'Code Access Security is not supported or honored by the runtime.' (https://aka.ms/dotnet-warnings/SYSLIB0003)
warning	SYSLIB0003	src/System.Web.ReferenceSource/Hosting/ApplicationManager.cs	1693	52	Hosting	warning	'Url' is obsolete: 'Code Access Security is not supported or honored by the runtime.' (https://aka.ms/dotnet-warnings/SYSLIB0003)
warning	SYSLIB0003	src/System.Web.ReferenceSource/Hosting/ApplicationManager.cs	1696	46	Hosting	warning	'Zone' is obsolete: 'Code Access Security is not supported or honored by the runtime.' (https://aka.ms/dotnet-warnings/SYSLIB0003)
warning	SYSLIB0003	src/System.Web.ReferenceSource/Hosting/ApplicationManager.cs	1699	46	Hosting	warning	'Url' is obsolete: 'Code Access Security is not supported or honored by the runtime.' (https://aka.ms/dotnet-warnings/SYSLIB0003)
warning	SYSLIB0003	src/System.Web.ReferenceSource/Hosting/AspNetHostExecutionContextManager.cs	24	6	Hosting	warning	'SecurityPermissionAttribute' is obsolete: 'Code Access Security is not supported or honored by the runtime.' (https://aka.ms/dotnet-warnings/SYSLIB0003)
warning	SYSLIB0003	src/System.Web.ReferenceSource/Hosting/AspNetHostExecutionContextManager.cs	24	25	Hosting	warning	'SecurityAction' is obsolete: 'Code Access Security is not supported or honored by the runtime.' (https://aka.ms/dotnet-warnings/SYSLIB0003)
warning	SYSLIB0003	src/System.Web.ReferenceSource/Hosting/ContextBase.cs	21	14	Hosting	warning	'SecurityPermissionAttribute' is obsolete: 'Code Access Security is not supported or honored by the runtime.' (https://aka.ms/dotnet-warnings/SYSLIB0003)
warning	SYSLIB0003	src/System.Web.ReferenceSource/Hosting/ContextBase.cs	21	33	Hosting	warning	'SecurityAction' is obsolete: 'Code Access Security is not supported or honored by the runtime.' (https://aka.ms/dotnet-warnings/SYSLIB0003)
warning	CS0672	src/System.Web.ReferenceSource/Hosting/HostingEnvironment.cs	175	32	Hosting	warning	Member 'HostingEnvironment.InitializeLifetimeService()' overrides obsolete member 'MarshalByRefObject.InitializeLifetimeService()'. Add the Obsolete attribute to 'HostingEnvironment.InitializeLifetimeService()'.
warning	SYSLIB0003	src/System.Web.ReferenceSource/Hosting/HostingEnvironment.cs	180	10	Hosting	warning	'SecurityPermissionAttribute' is obsolete: 'Code Access Security is not supported or honored by the runtime.' (https://aka.ms/dotnet-warnings/SYSLIB0003)
warning	SYSLIB0003	src/System.Web.ReferenceSource/Hosting/HostingEnvironment.cs	180	29	Hosting	warning	'SecurityAction' is obsolete: 'Code Access Security is not supported or honored by the runtime.' (https://aka.ms/dotnet-warnings/SYSLIB0003)
warning	SYSLIB0003	src/System.Web.ReferenceSource/Hosting/HostingEnvironment.cs	283	10	Hosting	warning	'PermissionSetAttribute' is obsolete: 'Code Access Security is not supported or honored by the runtime.' (https://aka.ms/dotnet-warnings/SYSLIB0003)
warning	SYSLIB0003	src/System.Web.ReferenceSource/Hosting/HostingEnvironment.cs	283	24	Hosting	warning	'SecurityAction' is obsolete: 'Code Access Security is not supported or honored by the runtime.' (https://aka.ms/dotnet-warnings/SYSLIB0003)
warning	SYSLIB0003	src/System.Web.ReferenceSource/Hosting/HostingEnvironment.cs	514	10	Hosting	warning	'PermissionSetAttribute' is obsolete: 'Code Access Security is not supported or honored by the runtime.' (https://aka.ms/dotnet-warnings/SYSLIB0003)
warning	SYSLIB0003	src/System.Web.ReferenceSource/Hosting/HostingEnvironment.cs	514	24	Hosting	warning	'SecurityAction' is obsolete: 'Code Access Security is not supported or honored by the runtime.' (https://aka.ms/dotnet-warnings/SYSLIB0003)
warning	SYSLIB0003	src/System.Web.ReferenceSource/Hosting/HostingEnvironment.cs	621	21	Hosting	warning	'EnvironmentPermission' is obsolete: 'Code Access Security is not supported or honored by the runtime.' (https://aka.ms/dotnet-warnings/SYSLIB0003)
warning	SYSLIB0003	src/System.Web.ReferenceSource/Hosting/HostingEnvironment.cs	621	43	Hosting	warning	'PermissionState' is obsolete: 'Code Access Security is not supported or honored by the runtime.' (https://aka.ms/dotnet-warnings/SYSLIB0003)
warning	SYSLIB0003	src/System.Web.ReferenceSource/Hosting/HostingEnvironment.cs	626	21	Hosting	warning	'CodeAccessPermission' is obsolete: 'Code Access Security is not supported or honored by the runtime.' (https://aka.ms/dotnet-warnings/SYSLIB0003)
warning	SYSLIB0003	src/System.Web.ReferenceSource/Hosting/HostingEnvironment.cs	741	10	Hosting	warning	'PermissionSetAttribute' is obsolete: 'Code Access Security is not supported or honored by the runtime.' (https://aka.ms/dotnet-warnings/SYSLIB0003)
warning	SYSLIB0003	src/System.Web.ReferenceSource/Hosting/HostingEnvironment.cs	741	24	Hosting	warning	'SecurityAction' is obsolete: 'Code Access Security is not supported or honored by the runtime.' (https://aka.ms/dotnet-warnings/SYSLIB0003)
warning	SYSLIB0003	src/System.Web.ReferenceSource/Hosting/HostingEnvironment.cs	748	10	Hosting	warning	'PermissionSetAttribute' is obsolete: 'Code Access Security is not supported or honored by the runtime.' (https://aka.ms/dotnet-warnings/SYSLIB0003)
warning	SYSLIB0003	src/System.Web.ReferenceSource/Hosting/HostingEnvironment.cs	748	24	Hosting	warning	'SecurityAction' is obsolete: 'Code Access Security is not supported or honored by the runtime.' (https://aka.ms/dotnet-warnings/SYSLIB0003)
warning	SYSLIB0003	src/System.Web.ReferenceSource/Hosting/HostingEnvironment.cs	802	10	Hosting	warning	'PermissionSetAttribute' is obsolete: 'Code Access Security is not supported or honored by the runtime.' (https://aka.ms/dotnet-warnings/SYSLIB0003)
warning	SYSLIB0003	src/System.Web.ReferenceSource/Hosting/HostingEnvironment.cs	802	24	Hosting	warning	'SecurityAction' is obsolete: 'Code Access Security is not supported or honored by the runtime.' (https://aka.ms/dotnet-warnings/SYSLIB0003)
warning	SYSLIB0003	src/System.Web.ReferenceSource/Hosting/HostingEnvironment.cs	941	33	Hosting	warning	'CodeAccessPermission' is obsolete: 'Code Access Security is not supported or honored by the runtime.' (https://aka.ms/dotnet-warnings/SYSLIB0003)
warning	SYSLIB0003	src/System.Web.ReferenceSource/Hosting/HostingEnvironment.cs	971	33	Hosting	warning	'CodeAccessPermission' is obsolete: 'Code Access Security is not supported or honored by the runtime.' (https://aka.ms/dotnet-warnings/SYSLIB0003)
warning	SYSLIB0003	src/System.Web.ReferenceSource/Hosting/HostingEnvironment.cs	1127	10	Hosting	warning	'SecurityPermissionAttribute' is obsolete: 'Code Access Security is not supported or honored by the runtime.' (https://aka.ms/dotnet-warnings/SYSLIB0003)
warning	SYSLIB0003	src/System.Web.ReferenceSource/Hosting/HostingEnvironment.cs	1127	29	Hosting	warning	'SecurityAction' is obsolete: 'Code Access Security is not supported or honored by the runtime.' (https://aka.ms/dotnet-warnings/SYSLIB0003)
warning	SYSLIB0003	src/System.Web.ReferenceSource/Hosting/HostingEnvironment.cs	1135	10	Hosting	warning	'SecurityPermissionAttribute' is obsolete: 'Code Access Security is not supported or honored by the runtime.' (https://aka.ms/dotnet-warnings/SYSLIB0003)
warning	SYSLIB0003	src/System.Web.ReferenceSource/Hosting/HostingEnvironment.cs	1135	29	Hosting	warning	'SecurityAction' is obsolete: 'Code Access Security is not supported or honored by the runtime.' (https://aka.ms/dotnet-warnings/SYSLIB0003)
warning	SYSLIB0003	src/System.Web.ReferenceSource/Hosting/HostingEnvironment.cs	1160	10	Hosting	warning	'SecurityPermissionAttribute' is obsolete: 'Code Access Security is not supported or honored by the runtime.' (https://aka.ms/dotnet-warnings/SYSLIB0003)
warning	SYSLIB0003	src/System.Web.ReferenceSource/Hosting/HostingEnvironment.cs	1160	29	Hosting	warning	'SecurityAction' is obsolete: 'Code Access Security is not supported or honored by the runtime.' (https://aka.ms/dotnet-warnings/SYSLIB0003)
warning	SYSLIB0003	src/System.Web.ReferenceSource/Hosting/HostingEnvironment.cs	1174	10	Hosting	warning	'SecurityPermissionAttribute' is obsolete: 'Code Access Security is not supported or honored by the runtime.' (https://aka.ms/dotnet-warnings/SYSLIB0003)
warning	SYSLIB0003	src/System.Web.ReferenceSource/Hosting/HostingEnvironment.cs	1174	29	Hosting	warning	'SecurityAction' is obsolete: 'Code Access Security is not supported or honored by the runtime.' (https://aka.ms/dotnet-warnings/SYSLIB0003)
warning	SYSLIB0003	src/System.Web.ReferenceSource/Hosting/HostingEnvironment.cs	1266	14	Hosting	warning	'SecurityPermissionAttribute' is obsolete: 'Code Access Security is not supported or honored by the runtime.' (https://aka.ms/dotnet-warnings/SYSLIB0003)
warning	SYSLIB0003	src/System.Web.ReferenceSource/Hosting/HostingEnvironment.cs	1266	33	Hosting	warning	'SecurityAction' is obsolete: 'Code Access Security is not supported or honored by the runtime.' (https://aka.ms/dotnet-warnings/SYSLIB0003)
warning	SYSLIB0003	src/System.Web.ReferenceSource/Hosting/HostingEnvironment.cs	1581	10	Hosting	warning	'SecurityPermissionAttribute' is obsolete: 'Code Access Security is not supported or honored by the runtime.' (https://aka.ms/dotnet-warnings/SYSLIB0003)
warning	SYSLIB0003	src/System.Web.ReferenceSource/Hosting/HostingEnvironment.cs	1581	29	Hosting	warning	'SecurityAction' is obsolete: 'Code Access Security is not supported or honored by the runtime.' (https://aka.ms/dotnet-warnings/SYSLIB0003)
warning	SYSLIB0003	src/System.Web.ReferenceSource/Hosting/HostingEnvironment.cs	1724	10	Hosting	warning	'SecurityPermissionAttribute' is obsolete: 'Code Access Security is not supported or honored by the runtime.' (https://aka.ms/dotnet-warnings/SYSLIB0003)
warning	SYSLIB0003	src/System.Web.ReferenceSource/Hosting/HostingEnvironment.cs	1724	29	Hosting	warning	'SecurityAction' is obsolete: 'Code Access Security is not supported or honored by the runtime.' (https://aka.ms/dotnet-warnings/SYSLIB0003)
warning	SYSLIB0003	src/System.Web.ReferenceSource/Hosting/HostingEnvironment.cs	1730	10	Hosting	warning	'SecurityPermissionAttribute' is obsolete: 'Code Access Security is not supported or honored by the runtime.' (https://aka.ms/dotnet-warnings/SYSLIB0003)
warning	SYSLIB0003	src/System.Web.ReferenceSource/Hosting/HostingEnvironment.cs	1730	29	Hosting	warning	'SecurityAction' is obsolete: 'Code Access Security is not supported or honored by the runtime.' (https://aka.ms/dotnet-warnings/SYSLIB0003)
warning	SYSLIB0003	src/System.Web.ReferenceSource/Hosting/HostingEnvironment.cs	1741	10	Hosting	warning	'SecurityPermissionAttribute' is obsolete: 'Code Access Security is not supported or honored by the runtime.' (https://aka.ms/dotnet-warnings/SYSLIB0003)
warning	SYSLIB0003	src/System.Web.ReferenceSource/Hosting/HostingEnvironment.cs	1741	29	Hosting	warning	'SecurityAction' is obsolete: 'Code Access Security is not supported or honored by the runtime.' (https://aka.ms/dotnet-warnings/SYSLIB0003)
warning	SYSLIB0003	src/System.Web.ReferenceSource/Hosting/HostingEnvironment.cs	1927	14	Hosting	warning	'SecurityPermissionAttribute' is obsolete: 'Code Access Security is not supported or honored by the runtime.' (https://aka.ms/dotnet-warnings/SYSLIB0003)
warning	SYSLIB0003	src/System.Web.ReferenceSource/Hosting/HostingEnvironment.cs	1927	33	Hosting	warning	'SecurityAction' is obsolete: 'Code Access Security is not supported or honored by the runtime.' (https://aka.ms/dotnet-warnings/SYSLIB0003)
warning	SYSLIB0003	src/System.Web.ReferenceSource/Hosting/HostingEnvironment.cs	1954	14	Hosting	warning	'SecurityPermissionAttribute' is obsolete: 'Code Access Security is not supported or honored by the runtime.' (https://aka.ms/dotnet-warnings/SYSLIB0003)
warning	SYSLIB0003	src/System.Web.ReferenceSource/Hosting/HostingEnvironment.cs	1954	33	Hosting	warning	'SecurityAction' is obsolete: 'Code Access Security is not supported or honored by the runtime.' (https://aka.ms/dotnet-warnings/SYSLIB0003)
warning	SYSLIB0051	src/System.Web.ReferenceSource/Hosting/HostingEnvironmentException.cs	17	97	Hosting	warning	'Exception.Exception(SerializationInfo, StreamingContext)' is obsolete: 'This API supports obsolete formatter-based serialization. It should not be called or extended by application code.' (https://aka.ms/dotnet-warnings/SYSLIB0051)
warning	SYSLIB0003	src/System.Web.ReferenceSource/Hosting/HostingEnvironmentException.cs	21	10	Hosting	warning	'SecurityPermissionAttribute' is obsolete: 'Code Access Security is not supported or honored by the runtime.' (https://aka.ms/dotnet-warnings/SYSLIB0003)
warning	SYSLIB0003	src/System.Web.ReferenceSource/Hosting/HostingEnvironmentException.cs	21	38	Hosting	warning	'SecurityAction' is obsolete: 'Code Access Security is not supported or honored by the runtime.' (https://aka.ms/dotnet-warnings/SYSLIB0003)
warning	CS0672	src/System.Web.ReferenceSource/Hosting/HostingEnvironmentException.cs	22	30	Hosting	warning	Member 'HostingEnvironmentException.GetObjectData(SerializationInfo, StreamingContext)' overrides obsolete member 'Exception.GetObjectData(SerializationInfo, StreamingContext)'. Add the Obsolete attribute to 'HostingEnvironmentException.GetObjectData(SerializationInfo, StreamingContext)'.
warning	SYSLIB0051	src/System.Web.ReferenceSource/Hosting/HostingEnvironmentException.cs	23	13	Hosting	warning	'Exception.GetObjectData(SerializationInfo, StreamingContext)' is obsolete: 'This API supports obsolete formatter-based serialization. It should not be called or extended by application code.' (https://aka.ms/dotnet-warnings/SYSLIB0051)
warning	SYSLIB0003	src/System.Web.ReferenceSource/Hosting/IApplicationHost.cs	19	10	Hosting	warning	'SecurityPermissionAttribute' is obsolete: 'Code Access Security is not supported or honored by the runtime.' (https://aka.ms/dotnet-warnings/SYSLIB0003)
warning	SYSLIB0003	src/System.Web.ReferenceSource/Hosting/IApplicationHost.cs	19	29	Hosting	warning	'SecurityAction' is obsolete: 'Code Access Security is not supported or honored by the runtime.' (https://aka.ms/dotnet-warnings/SYSLIB0003)
warning	SYSLIB0003	src/System.Web.ReferenceSource/Hosting/IApplicationHost.cs	20	10	Hosting	warning	'SecurityPermissionAttribute' is obsolete: 'Code Access Security is not supported or honored by the runtime.' (https://aka.ms/dotnet-warnings/SYSLIB0003)
warning	SYSLIB0003	src/System.Web.ReferenceSource/Hosting/IApplicationHost.cs	20	29	Hosting	warning	'SecurityAction' is obsolete: 'Code Access Security is not supported or honored by the runtime.' (https://aka.ms/dotnet-warnings/SYSLIB0003)
warning	SYSLIB0003	src/System.Web.ReferenceSource/Hosting/IApplicationHost.cs	23	10	Hosting	warning	'SecurityPermissionAttribute' is obsolete: 'Code Access Security is not supported or honored by the runtime.' (https://aka.ms/dotnet-warnings/SYSLIB0003)
warning	SYSLIB0003	src/System.Web.ReferenceSource/Hosting/IApplicationHost.cs	23	29	Hosting	warning	'SecurityAction' is obsolete: 'Code Access Security is not supported or honored by the runtime.' (https://aka.ms/dotnet-warnings/SYSLIB0003)
warning	SYSLIB0003	src/System.Web.ReferenceSource/Hosting/IApplicationHost.cs	24	10	Hosting	warning	'SecurityPermissionAttribute' is obsolete: 'Code Access Security is not supported or honored by the runtime.' (https://aka.ms/dotnet-warnings/SYSLIB0003)
warning	SYSLIB0003	src/System.Web.ReferenceSource/Hosting/IApplicationHost.cs	24	29	Hosting	warning	'SecurityAction' is obsolete: 'Code Access Security is not supported or honored by the runtime.' (https://aka.ms/dotnet-warnings/SYSLIB0003)
warning	SYSLIB0003	src/System.Web.ReferenceSource/Hosting/IApplicationHost.cs	27	10	Hosting	warning	'SecurityPermissionAttribute' is obsolete: 'Code Access Security is not supported or honored by the runtime.' (https://aka.ms/dotnet-warnings/SYSLIB0003)
warning	SYSLIB0003	src/System.Web.ReferenceSource/Hosting/IApplicationHost.cs	27	29	Hosting	warning	'SecurityAction' is obsolete: 'Code Access Security is not supported or honored by the runtime.' (https://aka.ms/dotnet-warnings/SYSLIB0003)
warning	SYSLIB0003	src/System.Web.ReferenceSource/Hosting/IApplicationHost.cs	28	10	Hosting	warning	'SecurityPermissionAttribute' is obsolete: 'Code Access Security is not supported or honored by the runtime.' (https://aka.ms/dotnet-warnings/SYSLIB0003)
warning	SYSLIB0003	src/System.Web.ReferenceSource/Hosting/IApplicationHost.cs	28	29	Hosting	warning	'SecurityAction' is obsolete: 'Code Access Security is not supported or honored by the runtime.' (https://aka.ms/dotnet-warnings/SYSLIB0003)
warning	SYSLIB0003	src/System.Web.ReferenceSource/Hosting/IApplicationHost.cs	31	10	Hosting	warning	'SecurityPermissionAttribute' is obsolete: 'Code Access Security is not supported or honored by the runtime.' (https://aka.ms/dotnet-warnings/SYSLIB0003)
warning	SYSLIB0003	src/System.Web.ReferenceSource/Hosting/IApplicationHost.cs	31	29	Hosting	warning	'SecurityAction' is obsolete: 'Code Access Security is not supported or honored by the runtime.' (https://aka.ms/dotnet-warnings/SYSLIB0003)
warning	SYSLIB0003	src/System.Web.ReferenceSource/Hosting/IApplicationHost.cs	32	10	Hosting	warning	'SecurityPermissionAttribute' is obsolete: 'Code Access Security is not supported or honored by the runtime.' (https://aka.ms/dotnet-warnings/SYSLIB0003)
warning	SYSLIB0003	src/System.Web.ReferenceSource/Hosting/IApplicationHost.cs	32	29	Hosting	warning	'SecurityAction' is obsolete: 'Code Access Security is not supported or honored by the runtime.' (https://aka.ms/dotnet-warnings/SYSLIB0003)
warning	SYSLIB0003	src/System.Web.ReferenceSource/Hosting/IApplicationHost.cs	35	10	Hosting	warning	'SecurityPermissionAttribute' is obsolete: 'Code Access Security is not supported or honored by the runtime.' (https://aka.ms/dotnet-warnings/SYSLIB0003)
warning	SYSLIB0003	src/System.Web.ReferenceSource/Hosting/IApplicationHost.cs	35	29	Hosting	warning	'SecurityAction' is obsolete: 'Code Access Security is not supported or honored by the runtime.' (https://aka.ms/dotnet-warnings/SYSLIB0003)
warning	SYSLIB0003	src/System.Web.ReferenceSource/Hosting/IApplicationHost.cs	36	10	Hosting	warning	'SecurityPermissionAttribute' is obsolete: 'Code Access Security is not supported or honored by the runtime.' (https://aka.ms/dotnet-warnings/SYSLIB0003)
warning	SYSLIB0003	src/System.Web.ReferenceSource/Hosting/IApplicationHost.cs	36	29	Hosting	warning	'SecurityAction' is obsolete: 'Code Access Security is not supported or honored by the runtime.' (https://aka.ms/dotnet-warnings/SYSLIB0003)
warning	SYSLIB0003	src/System.Web.ReferenceSource/Hosting/IApplicationHost.cs	39	10	Hosting	warning	'SecurityPermissionAttribute' is obsolete: 'Code Access Security is not supported or honored by the runtime.' (https://aka.ms/dotnet-warnings/SYSLIB0003)
warning	SYSLIB0003	src/System.Web.ReferenceSource/Hosting/IApplicationHost.cs	39	29	Hosting	warning	'SecurityAction' is obsolete: 'Code Access Security is not supported or honored by the runtime.' (https://aka.ms/dotnet-warnings/SYSLIB0003)
warning	SYSLIB0003	src/System.Web.ReferenceSource/Hosting/IApplicationHost.cs	40	10	Hosting	warning	'SecurityPermissionAttribute' is obsolete: 'Code Access Security is not supported or honored by the runtime.' (https://aka.ms/dotnet-warnings/SYSLIB0003)
warning	SYSLIB0003	src/System.Web.ReferenceSource/Hosting/IApplicationHost.cs	40	29	Hosting	warning	'SecurityAction' is obsolete: 'Code Access Security is not supported or honored by the runtime.' (https://aka.ms/dotnet-warnings/SYSLIB0003)
warning	SYSLIB0003	src/System.Web.ReferenceSource/Hosting/IApplicationHost.cs	43	10	Hosting	warning	'SecurityPermissionAttribute' is obsolete: 'Code Access Security is not supported or honored by the runtime.' (https://aka.ms/dotnet-warnings/SYSLIB0003)
warning	SYSLIB0003	src/System.Web.ReferenceSource/Hosting/IApplicationHost.cs	43	29	Hosting	warning	'SecurityAction' is obsolete: 'Code Access Security is not supported or honored by the runtime.' (https://aka.ms/dotnet-warnings/SYSLIB0003)
warning	SYSLIB0003	src/System.Web.ReferenceSource/Hosting/IApplicationHost.cs	44	10	Hosting	warning	'SecurityPermissionAttribute' is obsolete: 'Code Access Security is not supported or honored by the runtime.' (https://aka.ms/dotnet-warnings/SYSLIB0003)
warning	SYSLIB0003	src/System.Web.ReferenceSource/Hosting/IApplicationHost.cs	44	29	Hosting	warning	'SecurityAction' is obsolete: 'Code Access Security is not supported or honored by the runtime.' (https://aka.ms/dotnet-warnings/SYSLIB0003)
warning	SYSLIB0003	src/System.Web.ReferenceSource/Hosting/IIS7WorkerRequest.cs	1916	10	Hosting	warning	'PermissionSetAttribute' is obsolete: 'Code Access Security is not supported or honored by the runtime.' (https://aka.ms/dotnet-warnings/SYSLIB0003)
warning	SYSLIB0003	src/System.Web.ReferenceSource/Hosting/IIS7WorkerRequest.cs	1916	24	Hosting	warning	'SecurityAction' is obsolete: 'Code Access Security is not supported or honored by the runtime.' (https://aka.ms/dotnet-warnings/SYSLIB0003)
warning	CA1416	src/System.Web.ReferenceSource/Hosting/IIS7WorkerRequest.cs	1929	33	Hosting	warning	This call site is reachable on all platforms. 'WindowsIdentity.Token' is only supported on: 'windows'. (https://learn.microsoft.com/dotnet/fundamentals/code-analysis/quality-rules/ca1416)
warning	SYSLIB0003	src/System.Web.ReferenceSource/Hosting/IIS7WorkerRequest.cs	2017	10	Hosting	warning	'AspNetHostingPermissionAttribute' is obsolete: 'Code Access Security is not supported or honored by the runtime.' (https://aka.ms/dotnet-warnings/SYSLIB0003)
warning	SYSLIB0003	src/System.Web.ReferenceSource/Hosting/IIS7WorkerRequest.cs	2017	34	Hosting	warning	'SecurityAction' is obsolete: 'Code Access Security is not supported or honored by the runtime.' (https://aka.ms/dotnet-warnings/SYSLIB0003)
warning	SYSLIB0003	src/System.Web.ReferenceSource/Hosting/IIS7WorkerRequest.cs	2030	10	Hosting	warning	'AspNetHostingPermissionAttribute' is obsolete: 'Code Access Security is not supported or honored by the runtime.' (https://aka.ms/dotnet-warnings/SYSLIB0003)
warning	SYSLIB0003	src/System.Web.ReferenceSource/Hosting/IIS7WorkerRequest.cs	2030	34	Hosting	warning	'SecurityAction' is obsolete: 'Code Access Security is not supported or honored by the runtime.' (https://aka.ms/dotnet-warnings/SYSLIB0003)
warning	CA1416	src/System.Web.ReferenceSource/Hosting/IIS7WorkerRequest.cs	2295	28	Hosting	warning	This call site is reachable on all platforms. 'WindowsIdentity' is only supported on: 'windows'. (https://learn.microsoft.com/dotnet/fundamentals/code-analysis/quality-rules/ca1416)
warning	CA1416	src/System.Web.ReferenceSource/Hosting/IIS7WorkerRequest.cs	2295	66	Hosting	warning	This call site is reachable on all platforms. 'WindowsAccountType.Normal' is only supported on: 'windows'. (https://learn.microsoft.com/dotnet/fundamentals/code-analysis/quality-rules/ca1416)
warning	CA1416	src/System.Web.ReferenceSource/Hosting/IIS7WorkerRequest.cs	2296	24	Hosting	warning	This call site is reachable on all platforms. 'WindowsPrincipal' is only supported on: 'windows'. (https://learn.microsoft.com/dotnet/fundamentals/code-analysis/quality-rules/ca1416)
warning	SYSLIB0003	src/System.Web.ReferenceSource/Hosting/IIS7WorkerRequest.cs	2336	10	Hosting	warning	'PermissionSetAttribute' is obsolete: 'Code Access Security is not supported or honored by the runtime.' (https://aka.ms/dotnet-warnings/SYSLIB0003)
warning	SYSLIB0003	src/System.Web.ReferenceSource/Hosting/IIS7WorkerRequest.cs	2336	24	Hosting	warning	'SecurityAction' is obsolete: 'Code Access Security is not supported or honored by the runtime.' (https://aka.ms/dotnet-warnings/SYSLIB0003)
warning	SYSLIB0003	src/System.Web.ReferenceSource/Hosting/IIS7WorkerRequest.cs	2364	10	Hosting	warning	'PermissionSetAttribute' is obsolete: 'Code Access Security is not supported or honored by the runtime.' (https://aka.ms/dotnet-warnings/SYSLIB0003)
warning	SYSLIB0003	src/System.Web.ReferenceSource/Hosting/IIS7WorkerRequest.cs	2364	24	Hosting	warning	'SecurityAction' is obsolete: 'Code Access Security is not supported or honored by the runtime.' (https://aka.ms/dotnet-warnings/SYSLIB0003)
warning	SYSLIB0003	src/System.Web.ReferenceSource/Hosting/IPipelineRuntime.cs	235	10	Hosting	warning	'SecurityPermissionAttribute' is obsolete: 'Code Access Security is not supported or honored by the runtime.' (https://aka.ms/dotnet-warnings/SYSLIB0003)
warning	SYSLIB0003	src/System.Web.ReferenceSource/Hosting/IPipelineRuntime.cs	235	29	Hosting	warning	'SecurityAction' is obsolete: 'Code Access Security is not supported or honored by the runtime.' (https://aka.ms/dotnet-warnings/SYSLIB0003)
warning	SYSLIB0003	src/System.Web.ReferenceSource/Hosting/IPipelineRuntime.cs	241	10	Hosting	warning	'SecurityPermissionAttribute' is obsolete: 'Code Access Security is not supported or honored by the runtime.' (https://aka.ms/dotnet-warnings/SYSLIB0003)
warning	SYSLIB0003	src/System.Web.ReferenceSource/Hosting/IPipelineRuntime.cs	241	38	Hosting	warning	'SecurityAction' is obsolete: 'Code Access Security is not supported or honored by the runtime.' (https://aka.ms/dotnet-warnings/SYSLIB0003)
warning	SYSLIB0003	src/System.Web.ReferenceSource/Hosting/IPipelineRuntime.cs	241	71	Hosting	warning	'SecurityPermissionFlag' is obsolete: 'Code Access Security is not supported or honored by the runtime.' (https://aka.ms/dotnet-warnings/SYSLIB0003)
warning	CS0672	src/System.Web.ReferenceSource/Hosting/IPipelineRuntime.cs	242	32	Hosting	warning	Member 'PipelineRuntime.InitializeLifetimeService()' overrides obsolete member 'MarshalByRefObject.InitializeLifetimeService()'. Add the Obsolete attribute to 'PipelineRuntime.InitializeLifetimeService()'.
warning	SYSLIB0003	src/System.Web.ReferenceSource/Hosting/IPipelineRuntime.cs	251	10	Hosting	warning	'EnvironmentPermissionAttribute' is obsolete: 'Code Access Security is not supported or honored by the runtime.' (https://aka.ms/dotnet-warnings/SYSLIB0003)
warning	SYSLIB0003	src/System.Web.ReferenceSource/Hosting/IPipelineRuntime.cs	251	32	Hosting	warning	'SecurityAction' is obsolete: 'Code Access Security is not supported or honored by the runtime.' (https://aka.ms/dotnet-warnings/SYSLIB0003)
warning	SYSLIB0003	src/System.Web.ReferenceSource/Hosting/IProcessHostSupportFunctions.cs	22	10	Hosting	warning	'SecurityPermissionAttribute' is obsolete: 'Code Access Security is not supported or honored by the runtime.' (https://aka.ms/dotnet-warnings/SYSLIB0003)
warning	SYSLIB0003	src/System.Web.ReferenceSource/Hosting/IProcessHostSupportFunctions.cs	22	29	Hosting	warning	'SecurityAction' is obsolete: 'Code Access Security is not supported or honored by the runtime.' (https://aka.ms/dotnet-warnings/SYSLIB0003)
warning	SYSLIB0003	src/System.Web.ReferenceSource/Hosting/IProcessHostSupportFunctions.cs	23	10	Hosting	warning	'SecurityPermissionAttribute' is obsolete: 'Code Access Security is not supported or honored by the runtime.' (https://aka.ms/dotnet-warnings/SYSLIB0003)
warning	SYSLIB0003	src/System.Web.ReferenceSource/Hosting/IProcessHostSupportFunctions.cs	23	29	Hosting	warning	'SecurityAction' is obsolete: 'Code Access Security is not supported or honored by the runtime.' (https://aka.ms/dotnet-warnings/SYSLIB0003)
warning	SYSLIB0003	src/System.Web.ReferenceSource/Hosting/IProcessHostSupportFunctions.cs	31	10	Hosting	warning	'SecurityPermissionAttribute' is obsolete: 'Code Access Security is not supported or honored by the runtime.' (https://aka.ms/dotnet-warnings/SYSLIB0003)
warning	SYSLIB0003	src/System.Web.ReferenceSource/Hosting/IProcessHostSupportFunctions.cs	31	29	Hosting	warning	'SecurityAction' is obsolete: 'Code Access Security is not supported or honored by the runtime.' (https://aka.ms/dotnet-warnings/SYSLIB0003)
warning	SYSLIB0003	src/System.Web.ReferenceSource/Hosting/IProcessHostSupportFunctions.cs	32	10	Hosting	warning	'SecurityPermissionAttribute' is obsolete: 'Code Access Security is not supported or honored by the runtime.' (https://aka.ms/dotnet-warnings/SYSLIB0003)
warning	SYSLIB0003	src/System.Web.ReferenceSource/Hosting/IProcessHostSupportFunctions.cs	32	29	Hosting	warning	'SecurityAction' is obsolete: 'Code Access Security is not supported or honored by the runtime.' (https://aka.ms/dotnet-warnings/SYSLIB0003)
warning	SYSLIB0003	src/System.Web.ReferenceSource/Hosting/IProcessHostSupportFunctions.cs	38	10	Hosting	warning	'SecurityPermissionAttribute' is obsolete: 'Code Access Security is not supported or honored by the runtime.' (https://aka.ms/dotnet-warnings/SYSLIB0003)
warning	SYSLIB0003	src/System.Web.ReferenceSource/Hosting/IProcessHostSupportFunctions.cs	38	29	Hosting	warning	'SecurityAction' is obsolete: 'Code Access Security is not supported or honored by the runtime.' (https://aka.ms/dotnet-warnings/SYSLIB0003)
warning	SYSLIB0003	src/System.Web.ReferenceSource/Hosting/IProcessHostSupportFunctions.cs	39	10	Hosting	warning	'SecurityPermissionAttribute' is obsolete: 'Code Access Security is not supported or honored by the runtime.' (https://aka.ms/dotnet-warnings/SYSLIB0003)
warning	SYSLIB0003	src/System.Web.ReferenceSource/Hosting/IProcessHostSupportFunctions.cs	39	29	Hosting	warning	'SecurityAction' is obsolete: 'Code Access Security is not supported or honored by the runtime.' (https://aka.ms/dotnet-warnings/SYSLIB0003)
warning	SYSLIB0003	src/System.Web.ReferenceSource/Hosting/IProcessHostSupportFunctions.cs	44	10	Hosting	warning	'SecurityPermissionAttribute' is obsolete: 'Code Access Security is not supported or honored by the runtime.' (https://aka.ms/dotnet-warnings/SYSLIB0003)
warning	SYSLIB0003	src/System.Web.ReferenceSource/Hosting/IProcessHostSupportFunctions.cs	44	29	Hosting	warning	'SecurityAction' is obsolete: 'Code Access Security is not supported or honored by the runtime.' (https://aka.ms/dotnet-warnings/SYSLIB0003)
warning	SYSLIB0003	src/System.Web.ReferenceSource/Hosting/IProcessHostSupportFunctions.cs	45	10	Hosting	warning	'SecurityPermissionAttribute' is obsolete: 'Code Access Security is not supported or honored by the runtime.' (https://aka.ms/dotnet-warnings/SYSLIB0003)
warning	SYSLIB0003	src/System.Web.ReferenceSource/Hosting/IProcessHostSupportFunctions.cs	45	29	Hosting	warning	'SecurityAction' is obsolete: 'Code Access Security is not supported or honored by the runtime.' (https://aka.ms/dotnet-warnings/SYSLIB0003)
warning	SYSLIB0003	src/System.Web.ReferenceSource/Hosting/IProcessHostSupportFunctions.cs	49	10	Hosting	warning	'SecurityPermissionAttribute' is obsolete: 'Code Access Security is not supported or honored by the runtime.' (https://aka.ms/dotnet-warnings/SYSLIB0003)
warning	SYSLIB0003	src/System.Web.ReferenceSource/Hosting/IProcessHostSupportFunctions.cs	49	29	Hosting	warning	'SecurityAction' is obsolete: 'Code Access Security is not supported or honored by the runtime.' (https://aka.ms/dotnet-warnings/SYSLIB0003)
warning	SYSLIB0003	src/System.Web.ReferenceSource/Hosting/IProcessHostSupportFunctions.cs	50	10	Hosting	warning	'SecurityPermissionAttribute' is obsolete: 'Code Access Security is not supported or honored by the runtime.' (https://aka.ms/dotnet-warnings/SYSLIB0003)
warning	SYSLIB0003	src/System.Web.ReferenceSource/Hosting/IProcessHostSupportFunctions.cs	50	29	Hosting	warning	'SecurityAction' is obsolete: 'Code Access Security is not supported or honored by the runtime.' (https://aka.ms/dotnet-warnings/SYSLIB0003)
warning	SYSLIB0003	src/System.Web.ReferenceSource/Hosting/IProcessHostSupportFunctions.cs	54	10	Hosting	warning	'SecurityPermissionAttribute' is obsolete: 'Code Access Security is not supported or honored by the runtime.' (https://aka.ms/dotnet-warnings/SYSLIB0003)
warning	SYSLIB0003	src/System.Web.ReferenceSource/Hosting/IProcessHostSupportFunctions.cs	54	29	Hosting	warning	'SecurityAction' is obsolete: 'Code Access Security is not supported or honored by the runtime.' (https://aka.ms/dotnet-warnings/SYSLIB0003)
warning	SYSLIB0003	src/System.Web.ReferenceSource/Hosting/IProcessHostSupportFunctions.cs	55	10	Hosting	warning	'SecurityPermissionAttribute' is obsolete: 'Code Access Security is not supported or honored by the runtime.' (https://aka.ms/dotnet-warnings/SYSLIB0003)
warning	SYSLIB0003	src/System.Web.ReferenceSource/Hosting/IProcessHostSupportFunctions.cs	55	29	Hosting	warning	'SecurityAction' is obsolete: 'Code Access Security is not supported or honored by the runtime.' (https://aka.ms/dotnet-warnings/SYSLIB0003)
warning	CS0672	src/System.Web.ReferenceSource/Hosting/ISAPIApplicationHost.cs	93	32	Hosting	warning	Member 'ISAPIApplicationHost.InitializeLifetimeService()' overrides obsolete member 'MarshalByRefObject.InitializeLifetimeService()'. Add the Obsolete attribute to 'ISAPIApplicationHost.InitializeLifetimeService()'.
warning	SYSLIB0003	src/System.Web.ReferenceSource/Hosting/ISAPIRuntime.cs	35	10	Hosting	warning	'SecurityPermissionAttribute' is obsolete: 'Code Access Security is not supported or honored by the runtime.' (https://aka.ms/dotnet-warnings/SYSLIB0003)
warning	SYSLIB0003	src/System.Web.ReferenceSource/Hosting/ISAPIRuntime.cs	35	29	Hosting	warning	'SecurityAction' is obsolete: 'Code Access Security is not supported or honored by the runtime.' (https://aka.ms/dotnet-warnings/SYSLIB0003)
warning	SYSLIB0003	src/System.Web.ReferenceSource/Hosting/ISAPIRuntime.cs	36	10	Hosting	warning	'SecurityPermissionAttribute' is obsolete: 'Code Access Security is not supported or honored by the runtime.' (https://aka.ms/dotnet-warnings/SYSLIB0003)
warning	SYSLIB0003	src/System.Web.ReferenceSource/Hosting/ISAPIRuntime.cs	36	29	Hosting	warning	'SecurityAction' is obsolete: 'Code Access Security is not supported or honored by the runtime.' (https://aka.ms/dotnet-warnings/SYSLIB0003)
warning	SYSLIB0003	src/System.Web.ReferenceSource/Hosting/ISAPIRuntime.cs	42	10	Hosting	warning	'SecurityPermissionAttribute' is obsolete: 'Code Access Security is not supported or honored by the runtime.' (https://aka.ms/dotnet-warnings/SYSLIB0003)
warning	SYSLIB0003	src/System.Web.ReferenceSource/Hosting/ISAPIRuntime.cs	42	29	Hosting	warning	'SecurityAction' is obsolete: 'Code Access Security is not supported or honored by the runtime.' (https://aka.ms/dotnet-warnings/SYSLIB0003)
warning	SYSLIB0003	src/System.Web.ReferenceSource/Hosting/ISAPIRuntime.cs	43	10	Hosting	warning	'SecurityPermissionAttribute' is obsolete: 'Code Access Security is not supported or honored by the runtime.' (https://aka.ms/dotnet-warnings/SYSLIB0003)
warning	SYSLIB0003	src/System.Web.ReferenceSource/Hosting/ISAPIRuntime.cs	43	29	Hosting	warning	'SecurityAction' is obsolete: 'Code Access Security is not supported or honored by the runtime.' (https://aka.ms/dotnet-warnings/SYSLIB0003)
warning	SYSLIB0003	src/System.Web.ReferenceSource/Hosting/ISAPIRuntime.cs	50	10	Hosting	warning	'SecurityPermissionAttribute' is obsolete: 'Code Access Security is not supported or honored by the runtime.' (https://aka.ms/dotnet-warnings/SYSLIB0003)
warning	SYSLIB0003	src/System.Web.ReferenceSource/Hosting/ISAPIRuntime.cs	50	29	Hosting	warning	'SecurityAction' is obsolete: 'Code Access Security is not supported or honored by the runtime.' (https://aka.ms/dotnet-warnings/SYSLIB0003)
warning	SYSLIB0003	src/System.Web.ReferenceSource/Hosting/ISAPIRuntime.cs	51	10	Hosting	warning	'SecurityPermissionAttribute' is obsolete: 'Code Access Security is not supported or honored by the runtime.' (https://aka.ms/dotnet-warnings/SYSLIB0003)
warning	SYSLIB0003	src/System.Web.ReferenceSource/Hosting/ISAPIRuntime.cs	51	29	Hosting	warning	'SecurityAction' is obsolete: 'Code Access Security is not supported or honored by the runtime.' (https://aka.ms/dotnet-warnings/SYSLIB0003)
warning	SYSLIB0003	src/System.Web.ReferenceSource/Hosting/ISAPIRuntime.cs	62	10	Hosting	warning	'SecurityPermissionAttribute' is obsolete: 'Code Access Security is not supported or honored by the runtime.' (https://aka.ms/dotnet-warnings/SYSLIB0003)
warning	SYSLIB0003	src/System.Web.ReferenceSource/Hosting/ISAPIRuntime.cs	62	29	Hosting	warning	'SecurityAction' is obsolete: 'Code Access Security is not supported or honored by the runtime.' (https://aka.ms/dotnet-warnings/SYSLIB0003)
warning	SYSLIB0003	src/System.Web.ReferenceSource/Hosting/ISAPIRuntime.cs	63	10	Hosting	warning	'SecurityPermissionAttribute' is obsolete: 'Code Access Security is not supported or honored by the runtime.' (https://aka.ms/dotnet-warnings/SYSLIB0003)
warning	SYSLIB0003	src/System.Web.ReferenceSource/Hosting/ISAPIRuntime.cs	63	29	Hosting	warning	'SecurityAction' is obsolete: 'Code Access Security is not supported or honored by the runtime.' (https://aka.ms/dotnet-warnings/SYSLIB0003)
warning	SYSLIB0003	src/System.Web.ReferenceSource/Hosting/ISAPIRuntime.cs	101	10	Hosting	warning	'SecurityPermissionAttribute' is obsolete: 'Code Access Security is not supported or honored by the runtime.' (https://aka.ms/dotnet-warnings/SYSLIB0003)
warning	SYSLIB0003	src/System.Web.ReferenceSource/Hosting/ISAPIRuntime.cs	101	29	Hosting	warning	'SecurityAction' is obsolete: 'Code Access Security is not supported or honored by the runtime.' (https://aka.ms/dotnet-warnings/SYSLIB0003)
warning	CS0672	src/System.Web.ReferenceSource/Hosting/ISAPIRuntime.cs	107	32	Hosting	warning	Member 'ISAPIRuntime.InitializeLifetimeService()' overrides obsolete member 'MarshalByRefObject.InitializeLifetimeService()'. Add the Obsolete attribute to 'ISAPIRuntime.InitializeLifetimeService()'.
warning	SYSLIB0003	src/System.Web.ReferenceSource/Hosting/ISAPIRuntime.cs	115	10	Hosting	warning	'SecurityPermissionAttribute' is obsolete: 'Code Access Security is not supported or honored by the runtime.' (https://aka.ms/dotnet-warnings/SYSLIB0003)
warning	SYSLIB0003	src/System.Web.ReferenceSource/Hosting/ISAPIRuntime.cs	115	29	Hosting	warning	'SecurityAction' is obsolete: 'Code Access Security is not supported or honored by the runtime.' (https://aka.ms/dotnet-warnings/SYSLIB0003)
warning	SYSLIB0003	src/System.Web.ReferenceSource/Hosting/ISAPIRuntime.cs	128	10	Hosting	warning	'SecurityPermissionAttribute' is obsolete: 'Code Access Security is not supported or honored by the runtime.' (https://aka.ms/dotnet-warnings/SYSLIB0003)
warning	SYSLIB0003	src/System.Web.ReferenceSource/Hosting/ISAPIRuntime.cs	128	29	Hosting	warning	'SecurityAction' is obsolete: 'Code Access Security is not supported or honored by the runtime.' (https://aka.ms/dotnet-warnings/SYSLIB0003)
warning	SYSLIB0003	src/System.Web.ReferenceSource/Hosting/ISAPIRuntime.cs	148	10	Hosting	warning	'SecurityPermissionAttribute' is obsolete: 'Code Access Security is not supported or honored by the runtime.' (https://aka.ms/dotnet-warnings/SYSLIB0003)
warning	SYSLIB0003	src/System.Web.ReferenceSource/Hosting/ISAPIRuntime.cs	148	29	Hosting	warning	'SecurityAction' is obsolete: 'Code Access Security is not supported or honored by the runtime.' (https://aka.ms/dotnet-warnings/SYSLIB0003)
warning	SYSLIB0006	src/System.Web.ReferenceSource/Hosting/ISAPIRuntime.cs	192	25	Hosting	warning	'Thread.ResetAbort()' is obsolete: 'Thread.ResetAbort is not supported and throws PlatformNotSupportedException.' (https://aka.ms/dotnet-warnings/SYSLIB0006)
warning	SYSLIB0003	src/System.Web.ReferenceSource/Hosting/ISAPIRuntime.cs	213	10	Hosting	warning	'SecurityPermissionAttribute' is obsolete: 'Code Access Security is not supported or honored by the runtime.' (https://aka.ms/dotnet-warnings/SYSLIB0003)
warning	SYSLIB0003	src/System.Web.ReferenceSource/Hosting/ISAPIRuntime.cs	213	29	Hosting	warning	'SecurityAction' is obsolete: 'Code Access Security is not supported or honored by the runtime.' (https://aka.ms/dotnet-warnings/SYSLIB0003)
warning	CS0672	src/System.Web.ReferenceSource/Hosting/MapPathBasedVirtualPathProvider.cs	242	28	Hosting	warning	Member 'MapPathBasedVirtualPathCollection.InitializeLifetimeService()' overrides obsolete member 'MarshalByRefObject.InitializeLifetimeService()'. Add the Obsolete attribute to 'MapPathBasedVirtualPathCollection.InitializeLifetimeService()'.
warning	CS0672	src/System.Web.ReferenceSource/Hosting/MapPathBasedVirtualPathProvider.cs	320	28	Hosting	warning	Member 'MapPathBasedVirtualPathEnumerator.InitializeLifetimeService()' overrides obsolete member 'MarshalByRefObject.InitializeLifetimeService()'. Add the Obsolete attribute to 'MapPathBasedVirtualPathEnumerator.InitializeLifetimeService()'.
warning	CS0672	src/System.Web.ReferenceSource/Hosting/PreloadHost.cs	50	32	Hosting	warning	Member 'PreloadHost.InitializeLifetimeService()' overrides obsolete member 'MarshalByRefObject.InitializeLifetimeService()'. Add the Obsolete attribute to 'PreloadHost.InitializeLifetimeService()'.
warning	SYSLIB0003	src/System.Web.ReferenceSource/Hosting/ProcessHost.cs	421	10	Hosting	warning	'SecurityPermissionAttribute' is obsolete: 'Code Access Security is not supported or honored by the runtime.' (https://aka.ms/dotnet-warnings/SYSLIB0003)
warning	SYSLIB0003	src/System.Web.ReferenceSource/Hosting/ProcessHost.cs	421	38	Hosting	warning	'SecurityAction' is obsolete: 'Code Access Security is not supported or honored by the runtime.' (https://aka.ms/dotnet-warnings/SYSLIB0003)
warning	SYSLIB0003	src/System.Web.ReferenceSource/Hosting/ProcessHost.cs	421	71	Hosting	warning	'SecurityPermissionFlag' is obsolete: 'Code Access Security is not supported or honored by the runtime.' (https://aka.ms/dotnet-warnings/SYSLIB0003)
warning	CS0672	src/System.Web.ReferenceSource/Hosting/ProcessHost.cs	422	32	Hosting	warning	Member 'ProcessHost.InitializeLifetimeService()' overrides obsolete member 'MarshalByRefObject.InitializeLifetimeService()'. Add the Obsolete attribute to 'ProcessHost.InitializeLifetimeService()'.
warning	CA1416	src/System.Web.ReferenceSource/Hosting/ProcessHost.cs	809	32	Hosting	warning	This call site is reachable on all platforms. 'Marshal.ReleaseComObject(object)' is only supported on: 'windows'. (https://learn.microsoft.com/dotnet/fundamentals/code-analysis/quality-rules/ca1416)
warning	SYSLIB0003	src/System.Web.ReferenceSource/Hosting/ProcessHost.cs	1147	10	Hosting	warning	'PermissionSetAttribute' is obsolete: 'Code Access Security is not supported or honored by the runtime.' (https://aka.ms/dotnet-warnings/SYSLIB0003)
warning	SYSLIB0003	src/System.Web.ReferenceSource/Hosting/ProcessHost.cs	1147	24	Hosting	warning	'SecurityAction' is obsolete: 'Code Access Security is not supported or honored by the runtime.' (https://aka.ms/dotnet-warnings/SYSLIB0003)
warning	SYSLIB0003	src/System.Web.ReferenceSource/Hosting/ProcessHost.cs	1153	10	Hosting	warning	'PermissionSetAttribute' is obsolete: 'Code Access Security is not supported or honored by the runtime.' (https://aka.ms/dotnet-warnings/SYSLIB0003)
warning	SYSLIB0003	src/System.Web.ReferenceSource/Hosting/ProcessHost.cs	1153	24	Hosting	warning	'SecurityAction' is obsolete: 'Code Access Security is not supported or honored by the runtime.' (https://aka.ms/dotnet-warnings/SYSLIB0003)
warning	SYSLIB0024	src/System.Web.ReferenceSource/Hosting/ProcessHost.cs	1240	21	Hosting	warning	'AppDomain.Unload(AppDomain)' is obsolete: 'Creating and unloading AppDomains is not supported and throws an exception.' (https://aka.ms/dotnet-warnings/SYSLIB0024)
warning	CA1416	src/System.Web.ReferenceSource/Hosting/ProcessHost.cs	1340	27	Hosting	warning	This call site is reachable on all platforms. 'Marshal.GetIUnknownForObject(object)' is only supported on: 'windows'. (https://learn.microsoft.com/dotnet/fundamentals/code-analysis/quality-rules/ca1416)
warning	CS9191	src/System.Web.ReferenceSource/Hosting/ProcessHost.cs	1352	64	Hosting	warning	The 'ref' modifier for argument 2 corresponding to 'in' parameter is equivalent to 'in'. Consider using 'in' instead.
warning	CA1416	src/System.Web.ReferenceSource/Hosting/ProcessHost.cs	1359	56	Hosting	warning	This call site is reachable on all platforms. 'Marshal.GetObjectForIUnknown(nint)' is only supported on: 'windows'. (https://learn.microsoft.com/dotnet/fundamentals/code-analysis/quality-rules/ca1416)
warning	SYSLIB0003	src/System.Web.ReferenceSource/Hosting/ProcessHostFactoryHelper.cs	36	10	Hosting	warning	'SecurityPermissionAttribute' is obsolete: 'Code Access Security is not supported or honored by the runtime.' (https://aka.ms/dotnet-warnings/SYSLIB0003)
warning	SYSLIB0003	src/System.Web.ReferenceSource/Hosting/ProcessHostFactoryHelper.cs	36	38	Hosting	warning	'SecurityAction' is obsolete: 'Code Access Security is not supported or honored by the runtime.' (https://aka.ms/dotnet-warnings/SYSLIB0003)
warning	SYSLIB0003	src/System.Web.ReferenceSource/Hosting/ProcessHostFactoryHelper.cs	36	71	Hosting	warning	'SecurityPermissionFlag' is obsolete: 'Code Access Security is not supported or honored by the runtime.' (https://aka.ms/dotnet-warnings/SYSLIB0003)
warning	CS0672	src/System.Web.ReferenceSource/Hosting/ProcessHostFactoryHelper.cs	37	32	Hosting	warning	Member 'ProcessHostFactoryHelper.InitializeLifetimeService()' overrides obsolete member 'MarshalByRefObject.InitializeLifetimeService()'. Add the Obsolete attribute to 'ProcessHostFactoryHelper.InitializeLifetimeService()'.
warning	SYSLIB0003	src/System.Web.ReferenceSource/Hosting/ProcessProtocolHandler.cs	17	10	Hosting	warning	'SecurityPermissionAttribute' is obsolete: 'Code Access Security is not supported or honored by the runtime.' (https://aka.ms/dotnet-warnings/SYSLIB0003)
warning	SYSLIB0003	src/System.Web.ReferenceSource/Hosting/ProcessProtocolHandler.cs	17	38	Hosting	warning	'SecurityAction' is obsolete: 'Code Access Security is not supported or honored by the runtime.' (https://aka.ms/dotnet-warnings/SYSLIB0003)
warning	SYSLIB0003	src/System.Web.ReferenceSource/Hosting/ProcessProtocolHandler.cs	17	71	Hosting	warning	'SecurityPermissionFlag' is obsolete: 'Code Access Security is not supported or honored by the runtime.' (https://aka.ms/dotnet-warnings/SYSLIB0003)
warning	CS0672	src/System.Web.ReferenceSource/Hosting/ProcessProtocolHandler.cs	18	32	Hosting	warning	Member 'ProcessProtocolHandler.InitializeLifetimeService()' overrides obsolete member 'MarshalByRefObject.InitializeLifetimeService()'. Add the Obsolete attribute to 'ProcessProtocolHandler.InitializeLifetimeService()'.
warning	CS0672	src/System.Web.ReferenceSource/Hosting/RecycleLimitMonitor.cs	162	32	Hosting	warning	Member 'RecycleLimitMonitor.InitializeLifetimeService()' overrides obsolete member 'MarshalByRefObject.InitializeLifetimeService()'. Add the Obsolete attribute to 'RecycleLimitMonitor.InitializeLifetimeService()'.
warning	CS0672	src/System.Web.ReferenceSource/Hosting/RecycleLimitMonitor.cs	624	36	Hosting	warning	Member 'RecycleLimitMonitor.RecycleLimitMonitorSingleton.InitializeLifetimeService()' overrides obsolete member 'MarshalByRefObject.InitializeLifetimeService()'. Add the Obsolete attribute to 'RecycleLimitMonitor.RecycleLimitMonitorSingleton.InitializeLifetimeService()'.
warning	CS0672	src/System.Web.ReferenceSource/Hosting/SimpleApplicationHost.cs	42	32	Hosting	warning	Member 'SimpleApplicationHost.InitializeLifetimeService()' overrides obsolete member 'MarshalByRefObject.InitializeLifetimeService()'. Add the Obsolete attribute to 'SimpleApplicationHost.InitializeLifetimeService()'.
warning	CS0672	src/System.Web.ReferenceSource/Hosting/VirtualPathProvider.cs	28	28	Hosting	warning	Member 'VirtualPathProvider.InitializeLifetimeService()' overrides obsolete member 'MarshalByRefObject.InitializeLifetimeService()'. Add the Obsolete attribute to 'VirtualPathProvider.InitializeLifetimeService()'.
warning	CS0672	src/System.Web.ReferenceSource/Hosting/VirtualPathProvider.cs	313	28	Hosting	warning	Member 'VirtualFileBase.InitializeLifetimeService()' overrides obsolete member 'MarshalByRefObject.InitializeLifetimeService()'. Add the Obsolete attribute to 'VirtualFileBase.InitializeLifetimeService()'.
warning	CS0436	src/System.Web.ReferenceSource/HtmlString.cs	10	30	root	warning	The type 'IHtmlString' in '/Users/vm/repos/rehost-webforms/src/Rehost.WebForms.Runtime/../System.Web.ReferenceSource/IHtmlString.cs' conflicts with the imported type 'IHtmlString' in 'System.Web.HttpUtility, Version=10.0.0.0, Culture=neutral, PublicKeyToken=cc7b13ffcd2ddd51'. Using the type defined in '/Users/vm/repos/rehost-webforms/src/Rehost.WebForms.Runtime/../System.Web.ReferenceSource/IHtmlString.cs'.
warning	SYSLIB0003	src/System.Web.ReferenceSource/HttpApplication.cs	481	14	root	warning	'AspNetHostingPermissionAttribute' is obsolete: 'Code Access Security is not supported or honored by the runtime.' (https://aka.ms/dotnet-warnings/SYSLIB0003)
warning	SYSLIB0003	src/System.Web.ReferenceSource/HttpApplication.cs	481	38	root	warning	'SecurityAction' is obsolete: 'Code Access Security is not supported or honored by the runtime.' (https://aka.ms/dotnet-warnings/SYSLIB0003)
warning	SYSLIB0003	src/System.Web.ReferenceSource/HttpApplication.cs	1234	10	root	warning	'SecurityPermissionAttribute' is obsolete: 'Code Access Security is not supported or honored by the runtime.' (https://aka.ms/dotnet-warnings/SYSLIB0003)
warning	SYSLIB0003	src/System.Web.ReferenceSource/HttpApplication.cs	1234	29	root	warning	'SecurityAction' is obsolete: 'Code Access Security is not supported or honored by the runtime.' (https://aka.ms/dotnet-warnings/SYSLIB0003)
warning	SYSLIB0003	src/System.Web.ReferenceSource/HttpApplication.cs	1239	10	root	warning	'SecurityPermissionAttribute' is obsolete: 'Code Access Security is not supported or honored by the runtime.' (https://aka.ms/dotnet-warnings/SYSLIB0003)
warning	SYSLIB0003	src/System.Web.ReferenceSource/HttpApplication.cs	1239	29	root	warning	'SecurityAction' is obsolete: 'Code Access Security is not supported or honored by the runtime.' (https://aka.ms/dotnet-warnings/SYSLIB0003)
warning	CA1416	src/System.Web.ReferenceSource/HttpApplication.cs	1241	20	root	warning	This call site is reachable on all platforms. 'WindowsIdentity.GetCurrent()' is only supported on: 'windows'. (https://learn.microsoft.com/dotnet/fundamentals/code-analysis/quality-rules/ca1416)
warning	SYSLIB0003	src/System.Web.ReferenceSource/HttpApplication.cs	1521	10	root	warning	'ReflectionPermissionAttribute' is obsolete: 'Code Access Security is not supported or honored by the runtime.' (https://aka.ms/dotnet-warnings/SYSLIB0003)
warning	SYSLIB0003	src/System.Web.ReferenceSource/HttpApplication.cs	1521	31	root	warning	'SecurityAction' is obsolete: 'Code Access Security is not supported or honored by the runtime.' (https://aka.ms/dotnet-warnings/SYSLIB0003)
warning	SYSLIB0003	src/System.Web.ReferenceSource/HttpApplication.cs	1521	60	root	warning	'ReflectionPermissionFlag' is obsolete: 'Code Access Security is not supported or honored by the runtime.' (https://aka.ms/dotnet-warnings/SYSLIB0003)
warning	SYSLIB0006	src/System.Web.ReferenceSource/HttpApplication.cs	2270	21	root	warning	'Thread.ResetAbort()' is obsolete: 'Thread.ResetAbort is not supported and throws PlatformNotSupportedException.' (https://aka.ms/dotnet-warnings/SYSLIB0006)
warning	SYSLIB0003	src/System.Web.ReferenceSource/HttpApplication.cs	3184	14	root	warning	'PermissionSetAttribute' is obsolete: 'Code Access Security is not supported or honored by the runtime.' (https://aka.ms/dotnet-warnings/SYSLIB0003)
warning	SYSLIB0003	src/System.Web.ReferenceSource/HttpApplication.cs	3184	28	root	warning	'SecurityAction' is obsolete: 'Code Access Security is not supported or honored by the runtime.' (https://aka.ms/dotnet-warnings/SYSLIB0003)
warning	SYSLIB0003	src/System.Web.ReferenceSource/HttpApplication.cs	3502	14	root	warning	'PermissionSetAttribute' is obsolete: 'Code Access Security is not supported or honored by the runtime.' (https://aka.ms/dotnet-warnings/SYSLIB0003)
warning	SYSLIB0003	src/System.Web.ReferenceSource/HttpApplication.cs	3502	28	root	warning	'SecurityAction' is obsolete: 'Code Access Security is not supported or honored by the runtime.' (https://aka.ms/dotnet-warnings/SYSLIB0003)
warning	CS0436	src/System.Web.ReferenceSource/HttpCachePolicy.cs	907	38	root	warning	The type 'HttpUtility' in '/Users/vm/repos/rehost-webforms/src/Rehost.WebForms.Runtime/../System.Web.ReferenceSource/httpserverutility.cs' conflicts with the imported type 'HttpUtility' in 'System.Web.HttpUtility, Version=10.0.0.0, Culture=neutral, PublicKeyToken=cc7b13ffcd2ddd51'. Using the type defined in '/Users/vm/repos/rehost-webforms/src/Rehost.WebForms.Runtime/../System.Web.ReferenceSource/httpserverutility.cs'.
warning	CS0436	src/System.Web.ReferenceSource/HttpCachePolicy.cs	915	40	root	warning	The type 'HttpUtility' in '/Users/vm/repos/rehost-webforms/src/Rehost.WebForms.Runtime/../System.Web.ReferenceSource/httpserverutility.cs' conflicts with the imported type 'HttpUtility' in 'System.Web.HttpUtility, Version=10.0.0.0, Culture=neutral, PublicKeyToken=cc7b13ffcd2ddd51'. Using the type defined in '/Users/vm/repos/rehost-webforms/src/Rehost.WebForms.Runtime/../System.Web.ReferenceSource/httpserverutility.cs'.
warning	CS0436	src/System.Web.ReferenceSource/HttpCachePolicy.cs	997	42	root	warning	The type 'HttpUtility' in '/Users/vm/repos/rehost-webforms/src/Rehost.WebForms.Runtime/../System.Web.ReferenceSource/httpserverutility.cs' conflicts with the imported type 'HttpUtility' in 'System.Web.HttpUtility, Version=10.0.0.0, Culture=neutral, PublicKeyToken=cc7b13ffcd2ddd51'. Using the type defined in '/Users/vm/repos/rehost-webforms/src/Rehost.WebForms.Runtime/../System.Web.ReferenceSource/httpserverutility.cs'.
warning	CS0436	src/System.Web.ReferenceSource/HttpClientCertificate.cs	233	28	root	warning	The type 'HttpUtility' in '/Users/vm/repos/rehost-webforms/src/Rehost.WebForms.Runtime/../System.Web.ReferenceSource/httpserverutility.cs' conflicts with the imported type 'HttpUtility' in 'System.Web.HttpUtility, Version=10.0.0.0, Culture=neutral, PublicKeyToken=cc7b13ffcd2ddd51'. Using the type defined in '/Users/vm/repos/rehost-webforms/src/Rehost.WebForms.Runtime/../System.Web.ReferenceSource/httpserverutility.cs'.
warning	CS0436	src/System.Web.ReferenceSource/HttpClientCertificate.cs	236	28	root	warning	The type 'HttpUtility' in '/Users/vm/repos/rehost-webforms/src/Rehost.WebForms.Runtime/../System.Web.ReferenceSource/httpserverutility.cs' conflicts with the imported type 'HttpUtility' in 'System.Web.HttpUtility, Version=10.0.0.0, Culture=neutral, PublicKeyToken=cc7b13ffcd2ddd51'. Using the type defined in '/Users/vm/repos/rehost-webforms/src/Rehost.WebForms.Runtime/../System.Web.ReferenceSource/httpserverutility.cs'.
warning	SYSLIB0003	src/System.Web.ReferenceSource/HttpContext.cs	1240	14	root	warning	'SecurityPermissionAttribute' is obsolete: 'Code Access Security is not supported or honored by the runtime.' (https://aka.ms/dotnet-warnings/SYSLIB0003)
warning	SYSLIB0003	src/System.Web.ReferenceSource/HttpContext.cs	1240	33	root	warning	'SecurityAction' is obsolete: 'Code Access Security is not supported or honored by the runtime.' (https://aka.ms/dotnet-warnings/SYSLIB0003)
warning	SYSLIB0003	src/System.Web.ReferenceSource/HttpContext.cs	1299	14	root	warning	'SecurityPermissionAttribute' is obsolete: 'Code Access Security is not supported or honored by the runtime.' (https://aka.ms/dotnet-warnings/SYSLIB0003)
warning	SYSLIB0003	src/System.Web.ReferenceSource/HttpContext.cs	1299	33	root	warning	'SecurityAction' is obsolete: 'Code Access Security is not supported or honored by the runtime.' (https://aka.ms/dotnet-warnings/SYSLIB0003)
warning	SYSLIB0006	src/System.Web.ReferenceSource/HttpContext.cs	1864	21	root	warning	'Thread.ResetAbort()' is obsolete: 'Thread.ResetAbort is not supported and throws PlatformNotSupportedException.' (https://aka.ms/dotnet-warnings/SYSLIB0006)
warning	CS0436	src/System.Web.ReferenceSource/HttpCookie.cs	468	26	root	warning	The type 'HttpUtility' in '/Users/vm/repos/rehost-webforms/src/Rehost.WebForms.Runtime/../System.Web.ReferenceSource/httpserverutility.cs' conflicts with the imported type 'HttpUtility' in 'System.Web.HttpUtility, Version=10.0.0.0, Culture=neutral, PublicKeyToken=cc7b13ffcd2ddd51'. Using the type defined in '/Users/vm/repos/rehost-webforms/src/Rehost.WebForms.Runtime/../System.Web.ReferenceSource/httpserverutility.cs'.
warning	SYSLIB0051	src/System.Web.ReferenceSource/HttpException.cs	150	12	root	warning	'ExternalException.ExternalException(SerializationInfo, StreamingContext)' is obsolete: 'This API supports obsolete formatter-based serialization. It should not be called or extended by application code.' (https://aka.ms/dotnet-warnings/SYSLIB0051)
warning	CS0672	src/System.Web.ReferenceSource/HttpException.cs	160	30	root	warning	Member 'HttpException.GetObjectData(SerializationInfo, StreamingContext)' overrides obsolete member 'Exception.GetObjectData(SerializationInfo, StreamingContext)'. Add the Obsolete attribute to 'HttpException.GetObjectData(SerializationInfo, StreamingContext)'.
warning	SYSLIB0051	src/System.Web.ReferenceSource/HttpException.cs	162	13	root	warning	'Exception.GetObjectData(SerializationInfo, StreamingContext)' is obsolete: 'This API supports obsolete formatter-based serialization. It should not be called or extended by application code.' (https://aka.ms/dotnet-warnings/SYSLIB0051)
warning	SYSLIB0003	src/System.Web.ReferenceSource/HttpException.cs	357	10	root	warning	'SecurityPermissionAttribute' is obsolete: 'Code Access Security is not supported or honored by the runtime.' (https://aka.ms/dotnet-warnings/SYSLIB0003)
warning	SYSLIB0003	src/System.Web.ReferenceSource/HttpException.cs	357	38	root	warning	'SecurityAction' is obsolete: 'Code Access Security is not supported or honored by the runtime.' (https://aka.ms/dotnet-warnings/SYSLIB0003)
warning	CS0672	src/System.Web.ReferenceSource/HttpException.cs	358	30	root	warning	Member 'HttpCompileException.GetObjectData(SerializationInfo, StreamingContext)' overrides obsolete member 'Exception.GetObjectData(SerializationInfo, StreamingContext)'. Add the Obsolete attribute to 'HttpCompileException.GetObjectData(SerializationInfo, StreamingContext)'.
warning	SYSLIB0051	src/System.Web.ReferenceSource/HttpException.cs	360	13	root	warning	'Exception.GetObjectData(SerializationInfo, StreamingContext)' is obsolete: 'This API supports obsolete formatter-based serialization. It should not be called or extended by application code.' (https://aka.ms/dotnet-warnings/SYSLIB0051)
warning	SYSLIB0003	src/System.Web.ReferenceSource/HttpException.cs	391	14	root	warning	'AspNetHostingPermissionAttribute' is obsolete: 'Code Access Security is not supported or honored by the runtime.' (https://aka.ms/dotnet-warnings/SYSLIB0003)
warning	SYSLIB0003	src/System.Web.ReferenceSource/HttpException.cs	391	38	root	warning	'SecurityAction' is obsolete: 'Code Access Security is not supported or honored by the runtime.' (https://aka.ms/dotnet-warnings/SYSLIB0003)
warning	SYSLIB0003	src/System.Web.ReferenceSource/HttpException.cs	407	14	root	warning	'AspNetHostingPermissionAttribute' is obsolete: 'Code Access Security is not supported or honored by the runtime.' (https://aka.ms/dotnet-warnings/SYSLIB0003)
warning	SYSLIB0003	src/System.Web.ReferenceSource/HttpException.cs	407	38	root	warning	'SecurityAction' is obsolete: 'Code Access Security is not supported or honored by the runtime.' (https://aka.ms/dotnet-warnings/SYSLIB0003)
warning	SYSLIB0003	src/System.Web.ReferenceSource/HttpException.cs	507	10	root	warning	'SecurityPermissionAttribute' is obsolete: 'Code Access Security is not supported or honored by the runtime.' (https://aka.ms/dotnet-warnings/SYSLIB0003)
warning	SYSLIB0003	src/System.Web.ReferenceSource/HttpException.cs	507	38	root	warning	'SecurityAction' is obsolete: 'Code Access Security is not supported or honored by the runtime.' (https://aka.ms/dotnet-warnings/SYSLIB0003)
warning	CS0672	src/System.Web.ReferenceSource/HttpException.cs	508	30	root	warning	Member 'HttpParseException.GetObjectData(SerializationInfo, StreamingContext)' overrides obsolete member 'Exception.GetObjectData(SerializationInfo, StreamingContext)'. Add the Obsolete attribute to 'HttpParseException.GetObjectData(SerializationInfo, StreamingContext)'.
warning	SYSLIB0051	src/System.Web.ReferenceSource/HttpException.cs	510	13	root	warning	'Exception.GetObjectData(SerializationInfo, StreamingContext)' is obsolete: 'This API supports obsolete formatter-based serialization. It should not be called or extended by application code.' (https://aka.ms/dotnet-warnings/SYSLIB0051)
warning	SYSLIB0003	src/System.Web.ReferenceSource/HttpHeaderCollection.cs	63	10	root	warning	'SecurityPermissionAttribute' is obsolete: 'Code Access Security is not supported or honored by the runtime.' (https://aka.ms/dotnet-warnings/SYSLIB0003)
warning	SYSLIB0003	src/System.Web.ReferenceSource/HttpHeaderCollection.cs	63	38	root	warning	'SecurityAction' is obsolete: 'Code Access Security is not supported or honored by the runtime.' (https://aka.ms/dotnet-warnings/SYSLIB0003)
warning	SYSLIB0003	src/System.Web.ReferenceSource/HttpHeaderCollection.cs	63	71	root	warning	'SecurityPermissionFlag' is obsolete: 'Code Access Security is not supported or honored by the runtime.' (https://aka.ms/dotnet-warnings/SYSLIB0003)
warning	CS0672	src/System.Web.ReferenceSource/HttpHeaderCollection.cs	64	30	root	warning	Member 'HttpHeaderCollection.GetObjectData(SerializationInfo, StreamingContext)' overrides obsolete member 'NameObjectCollectionBase.GetObjectData(SerializationInfo, StreamingContext)'. Add the Obsolete attribute to 'HttpHeaderCollection.GetObjectData(SerializationInfo, StreamingContext)'.
warning	SYSLIB0051	src/System.Web.ReferenceSource/HttpHeaderCollection.cs	66	13	root	warning	'NameObjectCollectionBase.GetObjectData(SerializationInfo, StreamingContext)' is obsolete: 'This API supports obsolete formatter-based serialization. It should not be called or extended by application code.' (https://aka.ms/dotnet-warnings/SYSLIB0051)
warning	SYSLIB0003	src/System.Web.ReferenceSource/HttpInputStream.cs	223	25	root	warning	'FileIOPermission' is obsolete: 'Code Access Security is not supported or honored by the runtime.' (https://aka.ms/dotnet-warnings/SYSLIB0003)
warning	SYSLIB0003	src/System.Web.ReferenceSource/HttpInputStream.cs	223	42	root	warning	'FileIOPermissionAccess' is obsolete: 'Code Access Security is not supported or honored by the runtime.' (https://aka.ms/dotnet-warnings/SYSLIB0003)
warning	SYSLIB0003	src/System.Web.ReferenceSource/HttpRequest.cs	2033	10	root	warning	'AspNetHostingPermissionAttribute' is obsolete: 'Code Access Security is not supported or honored by the runtime.' (https://aka.ms/dotnet-warnings/SYSLIB0003)
warning	SYSLIB0003	src/System.Web.ReferenceSource/HttpRequest.cs	2033	34	root	warning	'SecurityAction' is obsolete: 'Code Access Security is not supported or honored by the runtime.' (https://aka.ms/dotnet-warnings/SYSLIB0003)
warning	SYSLIB0003	src/System.Web.ReferenceSource/HttpRequest.cs	2284	10	root	warning	'AspNetHostingPermissionAttribute' is obsolete: 'Code Access Security is not supported or honored by the runtime.' (https://aka.ms/dotnet-warnings/SYSLIB0003)
warning	SYSLIB0003	src/System.Web.ReferenceSource/HttpRequest.cs	2284	34	root	warning	'SecurityAction' is obsolete: 'Code Access Security is not supported or honored by the runtime.' (https://aka.ms/dotnet-warnings/SYSLIB0003)
warning	SYSLIB0003	src/System.Web.ReferenceSource/HttpRequest.cs	2514	14	root	warning	'AspNetHostingPermissionAttribute' is obsolete: 'Code Access Security is not supported or honored by the runtime.' (https://aka.ms/dotnet-warnings/SYSLIB0003)
warning	SYSLIB0003	src/System.Web.ReferenceSource/HttpRequest.cs	2514	38	root	warning	'SecurityAction' is obsolete: 'Code Access Security is not supported or honored by the runtime.' (https://aka.ms/dotnet-warnings/SYSLIB0003)
warning	SYSLIB0003	src/System.Web.ReferenceSource/HttpRequest.cs	2524	10	root	warning	'PermissionSetAttribute' is obsolete: 'Code Access Security is not supported or honored by the runtime.' (https://aka.ms/dotnet-warnings/SYSLIB0003)
warning	SYSLIB0003	src/System.Web.ReferenceSource/HttpRequest.cs	2524	24	root	warning	'SecurityAction' is obsolete: 'Code Access Security is not supported or honored by the runtime.' (https://aka.ms/dotnet-warnings/SYSLIB0003)
warning	SYSLIB0003	src/System.Web.ReferenceSource/HttpRequest.cs	2532	14	root	warning	'AspNetHostingPermissionAttribute' is obsolete: 'Code Access Security is not supported or honored by the runtime.' (https://aka.ms/dotnet-warnings/SYSLIB0003)
warning	SYSLIB0003	src/System.Web.ReferenceSource/HttpRequest.cs	2532	38	root	warning	'SecurityAction' is obsolete: 'Code Access Security is not supported or honored by the runtime.' (https://aka.ms/dotnet-warnings/SYSLIB0003)
warning	CS0436	src/System.Web.ReferenceSource/HttpRequest.cs	2879	47	root	warning	The type 'HttpUtility' in '/Users/vm/repos/rehost-webforms/src/Rehost.WebForms.Runtime/../System.Web.ReferenceSource/httpserverutility.cs' conflicts with the imported type 'HttpUtility' in 'System.Web.HttpUtility, Version=10.0.0.0, Culture=neutral, PublicKeyToken=cc7b13ffcd2ddd51'. Using the type defined in '/Users/vm/repos/rehost-webforms/src/Rehost.WebForms.Runtime/../System.Web.ReferenceSource/httpserverutility.cs'.
warning	CS0436	src/System.Web.ReferenceSource/HttpRequest.cs	2879	95	root	warning	The type 'HttpUtility' in '/Users/vm/repos/rehost-webforms/src/Rehost.WebForms.Runtime/../System.Web.ReferenceSource/httpserverutility.cs' conflicts with the imported type 'HttpUtility' in 'System.Web.HttpUtility, Version=10.0.0.0, Culture=neutral, PublicKeyToken=cc7b13ffcd2ddd51'. Using the type defined in '/Users/vm/repos/rehost-webforms/src/Rehost.WebForms.Runtime/../System.Web.ReferenceSource/httpserverutility.cs'.
warning	SYSLIB0003	src/System.Web.ReferenceSource/HttpRequest.cs	3153	14	root	warning	'PermissionSetAttribute' is obsolete: 'Code Access Security is not supported or honored by the runtime.' (https://aka.ms/dotnet-warnings/SYSLIB0003)
warning	SYSLIB0003	src/System.Web.ReferenceSource/HttpRequest.cs	3153	28	root	warning	'SecurityAction' is obsolete: 'Code Access Security is not supported or honored by the runtime.' (https://aka.ms/dotnet-warnings/SYSLIB0003)
warning	SYSLIB0003	src/System.Web.ReferenceSource/HttpRequest.cs	3192	10	root	warning	'AspNetHostingPermissionAttribute' is obsolete: 'Code Access Security is not supported or honored by the runtime.' (https://aka.ms/dotnet-warnings/SYSLIB0003)
warning	SYSLIB0003	src/System.Web.ReferenceSource/HttpRequest.cs	3192	34	root	warning	'SecurityAction' is obsolete: 'Code Access Security is not supported or honored by the runtime.' (https://aka.ms/dotnet-warnings/SYSLIB0003)
warning	CS0436	src/System.Web.ReferenceSource/HttpResponse.cs	1294	33	root	warning	The type 'HttpUtility' in '/Users/vm/repos/rehost-webforms/src/Rehost.WebForms.Runtime/../System.Web.ReferenceSource/httpserverutility.cs' conflicts with the imported type 'HttpUtility' in 'System.Web.HttpUtility, Version=10.0.0.0, Culture=neutral, PublicKeyToken=cc7b13ffcd2ddd51'. Using the type defined in '/Users/vm/repos/rehost-webforms/src/Rehost.WebForms.Runtime/../System.Web.ReferenceSource/httpserverutility.cs'.
warning	SYSLIB0003	src/System.Web.ReferenceSource/HttpResponse.cs	2275	10	root	warning	'AspNetHostingPermissionAttribute' is obsolete: 'Code Access Security is not supported or honored by the runtime.' (https://aka.ms/dotnet-warnings/SYSLIB0003)
warning	SYSLIB0003	src/System.Web.ReferenceSource/HttpResponse.cs	2275	34	root	warning	'SecurityAction' is obsolete: 'Code Access Security is not supported or honored by the runtime.' (https://aka.ms/dotnet-warnings/SYSLIB0003)
warning	CS0436	src/System.Web.ReferenceSource/HttpResponse.cs	2406	23	root	warning	The type 'HttpUtility' in '/Users/vm/repos/rehost-webforms/src/Rehost.WebForms.Runtime/../System.Web.ReferenceSource/httpserverutility.cs' conflicts with the imported type 'HttpUtility' in 'System.Web.HttpUtility, Version=10.0.0.0, Culture=neutral, PublicKeyToken=cc7b13ffcd2ddd51'. Using the type defined in '/Users/vm/repos/rehost-webforms/src/Rehost.WebForms.Runtime/../System.Web.ReferenceSource/httpserverutility.cs'.
warning	CS0436	src/System.Web.ReferenceSource/HttpResponse.cs	2424	27	root	warning	The type 'HttpUtility' in '/Users/vm/repos/rehost-webforms/src/Rehost.WebForms.Runtime/../System.Web.ReferenceSource/httpserverutility.cs' conflicts with the imported type 'HttpUtility' in 'System.Web.HttpUtility, Version=10.0.0.0, Culture=neutral, PublicKeyToken=cc7b13ffcd2ddd51'. Using the type defined in '/Users/vm/repos/rehost-webforms/src/Rehost.WebForms.Runtime/../System.Web.ReferenceSource/httpserverutility.cs'.
warning	CS0436	src/System.Web.ReferenceSource/HttpResponse.cs	2427	27	root	warning	The type 'HttpUtility' in '/Users/vm/repos/rehost-webforms/src/Rehost.WebForms.Runtime/../System.Web.ReferenceSource/httpserverutility.cs' conflicts with the imported type 'HttpUtility' in 'System.Web.HttpUtility, Version=10.0.0.0, Culture=neutral, PublicKeyToken=cc7b13ffcd2ddd51'. Using the type defined in '/Users/vm/repos/rehost-webforms/src/Rehost.WebForms.Runtime/../System.Web.ReferenceSource/httpserverutility.cs'.
warning	CS0436	src/System.Web.ReferenceSource/HttpResponse.cs	2427	59	root	warning	The type 'HttpUtility' in '/Users/vm/repos/rehost-webforms/src/Rehost.WebForms.Runtime/../System.Web.ReferenceSource/httpserverutility.cs' conflicts with the imported type 'HttpUtility' in 'System.Web.HttpUtility, Version=10.0.0.0, Culture=neutral, PublicKeyToken=cc7b13ffcd2ddd51'. Using the type defined in '/Users/vm/repos/rehost-webforms/src/Rehost.WebForms.Runtime/../System.Web.ReferenceSource/httpserverutility.cs'.
warning	SYSLIB0003	src/System.Web.ReferenceSource/HttpResponse.cs	2916	10	root	warning	'SecurityPermissionAttribute' is obsolete: 'Code Access Security is not supported or honored by the runtime.' (https://aka.ms/dotnet-warnings/SYSLIB0003)
warning	SYSLIB0003	src/System.Web.ReferenceSource/HttpResponse.cs	2916	29	root	warning	'SecurityAction' is obsolete: 'Code Access Security is not supported or honored by the runtime.' (https://aka.ms/dotnet-warnings/SYSLIB0003)
warning	SYSLIB0003	src/System.Web.ReferenceSource/HttpResponse.cs	3113	10	root	warning	'SecurityPermissionAttribute' is obsolete: 'Code Access Security is not supported or honored by the runtime.' (https://aka.ms/dotnet-warnings/SYSLIB0003)
warning	SYSLIB0003	src/System.Web.ReferenceSource/HttpResponse.cs	3113	29	root	warning	'SecurityAction' is obsolete: 'Code Access Security is not supported or honored by the runtime.' (https://aka.ms/dotnet-warnings/SYSLIB0003)
warning	SYSLIB0006	src/System.Web.ReferenceSource/HttpResponse.cs	3115	13	root	warning	'Thread.Abort(object?)' is obsolete: 'Thread.Abort is not supported and throws PlatformNotSupportedException.' (https://aka.ms/dotnet-warnings/SYSLIB0006)
warning	CS0436	src/System.Web.ReferenceSource/HttpResponse.cs	3329	80	root	warning	The type 'HttpUtility' in '/Users/vm/repos/rehost-webforms/src/Rehost.WebForms.Runtime/../System.Web.ReferenceSource/httpserverutility.cs' conflicts with the imported type 'HttpUtility' in 'System.Web.HttpUtility, Version=10.0.0.0, Culture=neutral, PublicKeyToken=cc7b13ffcd2ddd51'. Using the type defined in '/Users/vm/repos/rehost-webforms/src/Rehost.WebForms.Runtime/../System.Web.ReferenceSource/httpserverutility.cs'.
warning	CS0436	src/System.Web.ReferenceSource/HttpResponse.cs	3333	59	root	warning	The type 'HttpUtility' in '/Users/vm/repos/rehost-webforms/src/Rehost.WebForms.Runtime/../System.Web.ReferenceSource/httpserverutility.cs' conflicts with the imported type 'HttpUtility' in 'System.Web.HttpUtility, Version=10.0.0.0, Culture=neutral, PublicKeyToken=cc7b13ffcd2ddd51'. Using the type defined in '/Users/vm/repos/rehost-webforms/src/Rehost.WebForms.Runtime/../System.Web.ReferenceSource/httpserverutility.cs'.
warning	CS0436	src/System.Web.ReferenceSource/HttpResponse.cs	3345	65	root	warning	The type 'HttpUtility' in '/Users/vm/repos/rehost-webforms/src/Rehost.WebForms.Runtime/../System.Web.ReferenceSource/httpserverutility.cs' conflicts with the imported type 'HttpUtility' in 'System.Web.HttpUtility, Version=10.0.0.0, Culture=neutral, PublicKeyToken=cc7b13ffcd2ddd51'. Using the type defined in '/Users/vm/repos/rehost-webforms/src/Rehost.WebForms.Runtime/../System.Web.ReferenceSource/httpserverutility.cs'.
warning	SYSLIB0003	src/System.Web.ReferenceSource/HttpRuntime.cs	111	10	root	warning	'SecurityPermissionAttribute' is obsolete: 'Code Access Security is not supported or honored by the runtime.' (https://aka.ms/dotnet-warnings/SYSLIB0003)
warning	SYSLIB0003	src/System.Web.ReferenceSource/HttpRuntime.cs	111	29	root	warning	'SecurityAction' is obsolete: 'Code Access Security is not supported or honored by the runtime.' (https://aka.ms/dotnet-warnings/SYSLIB0003)
warning	SYSLIB0003	src/System.Web.ReferenceSource/HttpRuntime.cs	184	17	root	warning	'NamedPermissionSet' is obsolete: 'Code Access Security is not supported or honored by the runtime.' (https://aka.ms/dotnet-warnings/SYSLIB0003)
warning	SYSLIB0003	src/System.Web.ReferenceSource/HttpRuntime.cs	351	25	root	warning	'FileIOPermission' is obsolete: 'Code Access Security is not supported or honored by the runtime.' (https://aka.ms/dotnet-warnings/SYSLIB0003)
warning	SYSLIB0003	src/System.Web.ReferenceSource/HttpRuntime.cs	351	42	root	warning	'FileIOPermissionAccess' is obsolete: 'Code Access Security is not supported or honored by the runtime.' (https://aka.ms/dotnet-warnings/SYSLIB0003)
warning	SYSLIB0003	src/System.Web.ReferenceSource/HttpRuntime.cs	704	10	root	warning	'SecurityPermissionAttribute' is obsolete: 'Code Access Security is not supported or honored by the runtime.' (https://aka.ms/dotnet-warnings/SYSLIB0003)
warning	SYSLIB0003	src/System.Web.ReferenceSource/HttpRuntime.cs	704	29	root	warning	'SecurityAction' is obsolete: 'Code Access Security is not supported or honored by the runtime.' (https://aka.ms/dotnet-warnings/SYSLIB0003)
warning	SYSLIB0003	src/System.Web.ReferenceSource/HttpRuntime.cs	1139	10	root	warning	'PermissionSetAttribute' is obsolete: 'Code Access Security is not supported or honored by the runtime.' (https://aka.ms/dotnet-warnings/SYSLIB0003)
warning	SYSLIB0003	src/System.Web.ReferenceSource/HttpRuntime.cs	1139	24	root	warning	'SecurityAction' is obsolete: 'Code Access Security is not supported or honored by the runtime.' (https://aka.ms/dotnet-warnings/SYSLIB0003)
warning	SYSLIB0014	src/System.Web.ReferenceSource/HttpRuntime.cs	1200	13	root	warning	'ServicePointManager' is obsolete: 'WebRequest, HttpWebRequest, ServicePoint, and WebClient are obsolete. Use HttpClient instead. Settings on ServicePointManager no longer affect SslStream or HttpClient.' (https://aka.ms/dotnet-warnings/SYSLIB0014)
warning	SYSLIB0003	src/System.Web.ReferenceSource/HttpRuntime.cs	1293	10	root	warning	'FileIOPermissionAttribute' is obsolete: 'Code Access Security is not supported or honored by the runtime.' (https://aka.ms/dotnet-warnings/SYSLIB0003)
warning	SYSLIB0003	src/System.Web.ReferenceSource/HttpRuntime.cs	1293	27	root	warning	'SecurityAction' is obsolete: 'Code Access Security is not supported or honored by the runtime.' (https://aka.ms/dotnet-warnings/SYSLIB0003)
warning	SYSLIB0023	src/System.Web.ReferenceSource/HttpRuntime.cs	1356	13	root	warning	'RNGCryptoServiceProvider' is obsolete: 'RNGCryptoServiceProvider is obsolete. To generate a random number, use one of the RandomNumberGenerator static methods instead.' (https://aka.ms/dotnet-warnings/SYSLIB0023)
warning	SYSLIB0023	src/System.Web.ReferenceSource/HttpRuntime.cs	1356	52	root	warning	'RNGCryptoServiceProvider' is obsolete: 'RNGCryptoServiceProvider is obsolete. To generate a random number, use one of the RandomNumberGenerator static methods instead.' (https://aka.ms/dotnet-warnings/SYSLIB0023)
warning	SYSLIB0003	src/System.Web.ReferenceSource/HttpRuntime.cs	1862	10	root	warning	'PermissionSetAttribute' is obsolete: 'Code Access Security is not supported or honored by the runtime.' (https://aka.ms/dotnet-warnings/SYSLIB0003)
warning	SYSLIB0003	src/System.Web.ReferenceSource/HttpRuntime.cs	1862	24	root	warning	'SecurityAction' is obsolete: 'Code Access Security is not supported or honored by the runtime.' (https://aka.ms/dotnet-warnings/SYSLIB0003)
warning	SYSLIB0024	src/System.Web.ReferenceSource/HttpRuntime.cs	1892	21	root	warning	'AppDomain.Unload(AppDomain)' is obsolete: 'Creating and unloading AppDomains is not supported and throws an exception.' (https://aka.ms/dotnet-warnings/SYSLIB0024)
warning	SYSLIB0003	src/System.Web.ReferenceSource/HttpRuntime.cs	2282	21	root	warning	'EnvironmentPermission' is obsolete: 'Code Access Security is not supported or honored by the runtime.' (https://aka.ms/dotnet-warnings/SYSLIB0003)
warning	SYSLIB0003	src/System.Web.ReferenceSource/HttpRuntime.cs	2282	43	root	warning	'PermissionState' is obsolete: 'Code Access Security is not supported or honored by the runtime.' (https://aka.ms/dotnet-warnings/SYSLIB0003)
warning	SYSLIB0003	src/System.Web.ReferenceSource/HttpRuntime.cs	2287	21	root	warning	'CodeAccessPermission' is obsolete: 'Code Access Security is not supported or honored by the runtime.' (https://aka.ms/dotnet-warnings/SYSLIB0003)
warning	SYSLIB0003	src/System.Web.ReferenceSource/HttpRuntime.cs	2367	10	root	warning	'AspNetHostingPermissionAttribute' is obsolete: 'Code Access Security is not supported or honored by the runtime.' (https://aka.ms/dotnet-warnings/SYSLIB0003)
warning	SYSLIB0003	src/System.Web.ReferenceSource/HttpRuntime.cs	2367	34	root	warning	'SecurityAction' is obsolete: 'Code Access Security is not supported or honored by the runtime.' (https://aka.ms/dotnet-warnings/SYSLIB0003)
warning	SYSLIB0003	src/System.Web.ReferenceSource/HttpRuntime.cs	2421	10	root	warning	'SecurityPermissionAttribute' is obsolete: 'Code Access Security is not supported or honored by the runtime.' (https://aka.ms/dotnet-warnings/SYSLIB0003)
warning	SYSLIB0003	src/System.Web.ReferenceSource/HttpRuntime.cs	2421	29	root	warning	'SecurityAction' is obsolete: 'Code Access Security is not supported or honored by the runtime.' (https://aka.ms/dotnet-warnings/SYSLIB0003)
warning	SYSLIB0003	src/System.Web.ReferenceSource/HttpRuntime.cs	2473	25	root	warning	'NamedPermissionSet' is obsolete: 'Code Access Security is not supported or honored by the runtime.' (https://aka.ms/dotnet-warnings/SYSLIB0003)
warning	SYSLIB0003	src/System.Web.ReferenceSource/HttpRuntime.cs	2495	10	root	warning	'AspNetHostingPermissionAttribute' is obsolete: 'Code Access Security is not supported or honored by the runtime.' (https://aka.ms/dotnet-warnings/SYSLIB0003)
warning	SYSLIB0003	src/System.Web.ReferenceSource/HttpRuntime.cs	2495	34	root	warning	'SecurityAction' is obsolete: 'Code Access Security is not supported or honored by the runtime.' (https://aka.ms/dotnet-warnings/SYSLIB0003)
warning	SYSLIB0003	src/System.Web.ReferenceSource/HttpRuntime.cs	2496	23	root	warning	'NamedPermissionSet' is obsolete: 'Code Access Security is not supported or honored by the runtime.' (https://aka.ms/dotnet-warnings/SYSLIB0003)
warning	SYSLIB0003	src/System.Web.ReferenceSource/HttpRuntime.cs	2497	13	root	warning	'NamedPermissionSet' is obsolete: 'Code Access Security is not supported or honored by the runtime.' (https://aka.ms/dotnet-warnings/SYSLIB0003)
warning	SYSLIB0003	src/System.Web.ReferenceSource/HttpRuntime.cs	2502	28	root	warning	'NamedPermissionSet' is obsolete: 'Code Access Security is not supported or honored by the runtime.' (https://aka.ms/dotnet-warnings/SYSLIB0003)
warning	SYSLIB0003	src/System.Web.ReferenceSource/HttpRuntime.cs	2558	13	root	warning	'IPermission' is obsolete: 'Code Access Security is not supported or honored by the runtime.' (https://aka.ms/dotnet-warnings/SYSLIB0003)
warning	SYSLIB0003	src/System.Web.ReferenceSource/HttpRuntime.cs	2558	85	root	warning	'FileIOPermission' is obsolete: 'Code Access Security is not supported or honored by the runtime.' (https://aka.ms/dotnet-warnings/SYSLIB0003)
warning	SYSLIB0003	src/System.Web.ReferenceSource/HttpRuntime.cs	2560	17	root	warning	'IPermission' is obsolete: 'Code Access Security is not supported or honored by the runtime.' (https://aka.ms/dotnet-warnings/SYSLIB0003)
warning	SYSLIB0003	src/System.Web.ReferenceSource/HttpRuntime.cs	2563	47	root	warning	'FileIOPermission' is obsolete: 'Code Access Security is not supported or honored by the runtime.' (https://aka.ms/dotnet-warnings/SYSLIB0003)
warning	SYSLIB0003	src/System.Web.ReferenceSource/HttpRuntime.cs	2563	64	root	warning	'FileIOPermissionAccess' is obsolete: 'Code Access Security is not supported or honored by the runtime.' (https://aka.ms/dotnet-warnings/SYSLIB0003)
warning	SYSLIB0003	src/System.Web.ReferenceSource/HttpRuntime.cs	2565	47	root	warning	'FileIOPermission' is obsolete: 'Code Access Security is not supported or honored by the runtime.' (https://aka.ms/dotnet-warnings/SYSLIB0003)
warning	SYSLIB0003	src/System.Web.ReferenceSource/HttpRuntime.cs	2565	64	root	warning	'FileIOPermissionAccess' is obsolete: 'Code Access Security is not supported or honored by the runtime.' (https://aka.ms/dotnet-warnings/SYSLIB0003)
warning	SYSLIB0003	src/System.Web.ReferenceSource/HttpRuntime.cs	2589	13	root	warning	'IPermission' is obsolete: 'Code Access Security is not supported or honored by the runtime.' (https://aka.ms/dotnet-warnings/SYSLIB0003)
warning	SYSLIB0003	src/System.Web.ReferenceSource/HttpRuntime.cs	2589	85	root	warning	'WebPermission' is obsolete: 'Code Access Security is not supported or honored by the runtime.' (https://aka.ms/dotnet-warnings/SYSLIB0003)
warning	SYSLIB0003	src/System.Web.ReferenceSource/HttpRuntime.cs	2591	17	root	warning	'IPermission' is obsolete: 'Code Access Security is not supported or honored by the runtime.' (https://aka.ms/dotnet-warnings/SYSLIB0003)
warning	SYSLIB0003	src/System.Web.ReferenceSource/HttpRuntime.cs	2593	43	root	warning	'WebPermission' is obsolete: 'Code Access Security is not supported or honored by the runtime.' (https://aka.ms/dotnet-warnings/SYSLIB0003)
warning	SYSLIB0003	src/System.Web.ReferenceSource/HttpRuntime.cs	2616	13	root	warning	'CodeAccessPermission' is obsolete: 'Code Access Security is not supported or honored by the runtime.' (https://aka.ms/dotnet-warnings/SYSLIB0003)
warning	SYSLIB0003	src/System.Web.ReferenceSource/HttpRuntime.cs	2616	77	root	warning	'PermissionState' is obsolete: 'Code Access Security is not supported or honored by the runtime.' (https://aka.ms/dotnet-warnings/SYSLIB0003)
warning	SYSLIB0003	src/System.Web.ReferenceSource/HttpRuntime.cs	2618	17	root	warning	'IPermission' is obsolete: 'Code Access Security is not supported or honored by the runtime.' (https://aka.ms/dotnet-warnings/SYSLIB0003)
warning	SYSLIB0003	src/System.Web.ReferenceSource/HttpRuntime.cs	2645	13	root	warning	'IPermission' is obsolete: 'Code Access Security is not supported or honored by the runtime.' (https://aka.ms/dotnet-warnings/SYSLIB0003)
warning	SYSLIB0003	src/System.Web.ReferenceSource/HttpRuntime.cs	2645	85	root	warning	'FileIOPermission' is obsolete: 'Code Access Security is not supported or honored by the runtime.' (https://aka.ms/dotnet-warnings/SYSLIB0003)
warning	SYSLIB0003	src/System.Web.ReferenceSource/HttpRuntime.cs	2647	17	root	warning	'IPermission' is obsolete: 'Code Access Security is not supported or honored by the runtime.' (https://aka.ms/dotnet-warnings/SYSLIB0003)
warning	SYSLIB0003	src/System.Web.ReferenceSource/HttpRuntime.cs	2647	51	root	warning	'FileIOPermission' is obsolete: 'Code Access Security is not supported or honored by the runtime.' (https://aka.ms/dotnet-warnings/SYSLIB0003)
warning	SYSLIB0003	src/System.Web.ReferenceSource/HttpRuntime.cs	2647	68	root	warning	'FileIOPermissionAccess' is obsolete: 'Code Access Security is not supported or honored by the runtime.' (https://aka.ms/dotnet-warnings/SYSLIB0003)
warning	SYSLIB0003	src/System.Web.ReferenceSource/HttpRuntime.cs	2685	13	root	warning	'SecurityPermission' is obsolete: 'Code Access Security is not supported or honored by the runtime.' (https://aka.ms/dotnet-warnings/SYSLIB0003)
warning	SYSLIB0003	src/System.Web.ReferenceSource/HttpRuntime.cs	2685	54	root	warning	'SecurityPermission' is obsolete: 'Code Access Security is not supported or honored by the runtime.' (https://aka.ms/dotnet-warnings/SYSLIB0003)
warning	SYSLIB0003	src/System.Web.ReferenceSource/HttpRuntime.cs	2686	24	root	warning	'SecurityPermission' is obsolete: 'Code Access Security is not supported or honored by the runtime.' (https://aka.ms/dotnet-warnings/SYSLIB0003)
warning	SYSLIB0003	src/System.Web.ReferenceSource/HttpRuntime.cs	2690	48	root	warning	'SecurityPermissionFlag' is obsolete: 'Code Access Security is not supported or honored by the runtime.' (https://aka.ms/dotnet-warnings/SYSLIB0003)
warning	SYSLIB0003	src/System.Web.ReferenceSource/HttpRuntime.cs	2704	13	root	warning	'AspNetHostingPermission' is obsolete: 'Code Access Security is not supported or honored by the runtime.' (https://aka.ms/dotnet-warnings/SYSLIB0003)
warning	SYSLIB0003	src/System.Web.ReferenceSource/HttpRuntime.cs	2704	51	root	warning	'AspNetHostingPermission' is obsolete: 'Code Access Security is not supported or honored by the runtime.' (https://aka.ms/dotnet-warnings/SYSLIB0003)
warning	SYSLIB0003	src/System.Web.ReferenceSource/HttpRuntime.cs	2705	24	root	warning	'AspNetHostingPermission' is obsolete: 'Code Access Security is not supported or honored by the runtime.' (https://aka.ms/dotnet-warnings/SYSLIB0003)
warning	SYSLIB0003	src/System.Web.ReferenceSource/HttpRuntime.cs	3008	14	root	warning	'AspNetHostingPermissionAttribute' is obsolete: 'Code Access Security is not supported or honored by the runtime.' (https://aka.ms/dotnet-warnings/SYSLIB0003)
warning	SYSLIB0003	src/System.Web.ReferenceSource/HttpRuntime.cs	3008	38	root	warning	'SecurityAction' is obsolete: 'Code Access Security is not supported or honored by the runtime.' (https://aka.ms/dotnet-warnings/SYSLIB0003)
warning	SYSLIB0003	src/System.Web.ReferenceSource/HttpRuntime.cs	3053	14	root	warning	'AspNetHostingPermissionAttribute' is obsolete: 'Code Access Security is not supported or honored by the runtime.' (https://aka.ms/dotnet-warnings/SYSLIB0003)
warning	SYSLIB0003	src/System.Web.ReferenceSource/HttpRuntime.cs	3053	38	root	warning	'SecurityAction' is obsolete: 'Code Access Security is not supported or honored by the runtime.' (https://aka.ms/dotnet-warnings/SYSLIB0003)
warning	SYSLIB0003	src/System.Web.ReferenceSource/HttpRuntime.cs	3191	29	root	warning	'PermissionSet' is obsolete: 'Code Access Security is not supported or honored by the runtime.' (https://aka.ms/dotnet-warnings/SYSLIB0003)
warning	SYSLIB0003	src/System.Web.ReferenceSource/HttpRuntime.cs	3191	59	root	warning	'PermissionSet' is obsolete: 'Code Access Security is not supported or honored by the runtime.' (https://aka.ms/dotnet-warnings/SYSLIB0003)
warning	SYSLIB0003	src/System.Web.ReferenceSource/HttpRuntime.cs	3191	73	root	warning	'PermissionState' is obsolete: 'Code Access Security is not supported or honored by the runtime.' (https://aka.ms/dotnet-warnings/SYSLIB0003)
warning	SYSLIB0003	src/System.Web.ReferenceSource/HttpRuntime.cs	3194	69	root	warning	'PolicyStatement.PolicyStatement(PermissionSet)' is obsolete: 'Code Access Security is not supported or honored by the runtime.' (https://aka.ms/dotnet-warnings/SYSLIB0003)
warning	SYSLIB0003	src/System.Web.ReferenceSource/HttpRuntime.cs	3208	36	root	warning	'PolicyStatement.PermissionSet' is obsolete: 'Code Access Security is not supported or honored by the runtime.' (https://aka.ms/dotnet-warnings/SYSLIB0003)
warning	SYSLIB0003	src/System.Web.ReferenceSource/HttpRuntime.cs	3232	35	root	warning	'PolicyLevel.GetNamedPermissionSet(string)' is obsolete: 'Code Access Security is not supported or honored by the runtime.' (https://aka.ms/dotnet-warnings/SYSLIB0003)
warning	CS0612	src/System.Web.ReferenceSource/HttpRuntime.cs	3278	20	root	warning	'SecurityManager.LoadPolicyLevelFromString(string, PolicyLevelType)' is obsolete
warning	SYSLIB0003	src/System.Web.ReferenceSource/HttpRuntime.cs	3278	20	root	warning	'SecurityManager' is obsolete: 'Code Access Security is not supported or honored by the runtime.' (https://aka.ms/dotnet-warnings/SYSLIB0003)
warning	SYSLIB0003	src/System.Web.ReferenceSource/HttpRuntime.cs	3288	39	root	warning	'PolicyLevel.GetNamedPermissionSet(string)' is obsolete: 'Code Access Security is not supported or honored by the runtime.' (https://aka.ms/dotnet-warnings/SYSLIB0003)
warning	SYSLIB0003	src/System.Web.ReferenceSource/HttpRuntime.cs	3412	10	root	warning	'PermissionSetAttribute' is obsolete: 'Code Access Security is not supported or honored by the runtime.' (https://aka.ms/dotnet-warnings/SYSLIB0003)
warning	SYSLIB0003	src/System.Web.ReferenceSource/HttpRuntime.cs	3412	24	root	warning	'SecurityAction' is obsolete: 'Code Access Security is not supported or honored by the runtime.' (https://aka.ms/dotnet-warnings/SYSLIB0003)
warning	SYSLIB0005	src/System.Web.ReferenceSource/HttpRuntime.cs	3451	18	root	warning	'Assembly.GlobalAssemblyCache' is obsolete: 'The Global Assembly Cache is not supported.' (https://aka.ms/dotnet-warnings/SYSLIB0005)
warning	CA1416	src/System.Web.ReferenceSource/HttpRuntime.cs	3498	24	root	warning	This call site is reachable on all platforms. 'WindowsIdentity.GetCurrent()' is only supported on: 'windows'. (https://learn.microsoft.com/dotnet/fundamentals/code-analysis/quality-rules/ca1416)
warning	CA1416	src/System.Web.ReferenceSource/HttpRuntime.cs	3498	24	root	warning	This call site is reachable on all platforms. 'WindowsIdentity.Name' is only supported on: 'windows'. (https://learn.microsoft.com/dotnet/fundamentals/code-analysis/quality-rules/ca1416)
warning	CS0672	src/System.Web.ReferenceSource/HttpServerVarsCollection.cs	44	30	root	warning	Member 'HttpServerVarsCollection.GetObjectData(SerializationInfo, StreamingContext)' overrides obsolete member 'NameObjectCollectionBase.GetObjectData(SerializationInfo, StreamingContext)'. Add the Obsolete attribute to 'HttpServerVarsCollection.GetObjectData(SerializationInfo, StreamingContext)'.
warning	SYSLIB0003	src/System.Web.ReferenceSource/HttpServerVarsCollection.cs	215	10	root	warning	'AspNetHostingPermissionAttribute' is obsolete: 'Code Access Security is not supported or honored by the runtime.' (https://aka.ms/dotnet-warnings/SYSLIB0003)
warning	SYSLIB0003	src/System.Web.ReferenceSource/HttpServerVarsCollection.cs	215	34	root	warning	'SecurityAction' is obsolete: 'Code Access Security is not supported or honored by the runtime.' (https://aka.ms/dotnet-warnings/SYSLIB0003)
warning	SYSLIB0003	src/System.Web.ReferenceSource/HttpServerVarsCollection.cs	302	10	root	warning	'AspNetHostingPermissionAttribute' is obsolete: 'Code Access Security is not supported or honored by the runtime.' (https://aka.ms/dotnet-warnings/SYSLIB0003)
warning	SYSLIB0003	src/System.Web.ReferenceSource/HttpServerVarsCollection.cs	302	34	root	warning	'SecurityAction' is obsolete: 'Code Access Security is not supported or honored by the runtime.' (https://aka.ms/dotnet-warnings/SYSLIB0003)
warning	SYSLIB0051	src/System.Web.ReferenceSource/HttpValueCollection.cs	65	89	root	warning	'NameValueCollection.NameValueCollection(SerializationInfo, StreamingContext)' is obsolete: 'This API supports obsolete formatter-based serialization. It should not be called or extended by application code.' (https://aka.ms/dotnet-warnings/SYSLIB0051)
warning	CS0436	src/System.Web.ReferenceSource/HttpValueCollection.cs	202	24	root	warning	The type 'HttpUtility' in '/Users/vm/repos/rehost-webforms/src/Rehost.WebForms.Runtime/../System.Web.ReferenceSource/httpserverutility.cs' conflicts with the imported type 'HttpUtility' in 'System.Web.HttpUtility, Version=10.0.0.0, Culture=neutral, PublicKeyToken=cc7b13ffcd2ddd51'. Using the type defined in '/Users/vm/repos/rehost-webforms/src/Rehost.WebForms.Runtime/../System.Web.ReferenceSource/httpserverutility.cs'.
warning	CS0436	src/System.Web.ReferenceSource/HttpValueCollection.cs	203	24	root	warning	The type 'HttpUtility' in '/Users/vm/repos/rehost-webforms/src/Rehost.WebForms.Runtime/../System.Web.ReferenceSource/httpserverutility.cs' conflicts with the imported type 'HttpUtility' in 'System.Web.HttpUtility, Version=10.0.0.0, Culture=neutral, PublicKeyToken=cc7b13ffcd2ddd51'. Using the type defined in '/Users/vm/repos/rehost-webforms/src/Rehost.WebForms.Runtime/../System.Web.ReferenceSource/httpserverutility.cs'.
warning	CS0436	src/System.Web.ReferenceSource/HttpValueCollection.cs	247	29	root	warning	The type 'HttpUtility' in '/Users/vm/repos/rehost-webforms/src/Rehost.WebForms.Runtime/../System.Web.ReferenceSource/httpserverutility.cs' conflicts with the imported type 'HttpUtility' in 'System.Web.HttpUtility, Version=10.0.0.0, Culture=neutral, PublicKeyToken=cc7b13ffcd2ddd51'. Using the type defined in '/Users/vm/repos/rehost-webforms/src/Rehost.WebForms.Runtime/../System.Web.ReferenceSource/httpserverutility.cs'.
warning	CS0436	src/System.Web.ReferenceSource/HttpValueCollection.cs	248	29	root	warning	The type 'HttpUtility' in '/Users/vm/repos/rehost-webforms/src/Rehost.WebForms.Runtime/../System.Web.ReferenceSource/httpserverutility.cs' conflicts with the imported type 'HttpUtility' in 'System.Web.HttpUtility, Version=10.0.0.0, Culture=neutral, PublicKeyToken=cc7b13ffcd2ddd51'. Using the type defined in '/Users/vm/repos/rehost-webforms/src/Rehost.WebForms.Runtime/../System.Web.ReferenceSource/httpserverutility.cs'.
warning	CS0436	src/System.Web.ReferenceSource/HttpValueCollection.cs	252	29	root	warning	The type 'HttpUtility' in '/Users/vm/repos/rehost-webforms/src/Rehost.WebForms.Runtime/../System.Web.ReferenceSource/httpserverutility.cs' conflicts with the imported type 'HttpUtility' in 'System.Web.HttpUtility, Version=10.0.0.0, Culture=neutral, PublicKeyToken=cc7b13ffcd2ddd51'. Using the type defined in '/Users/vm/repos/rehost-webforms/src/Rehost.WebForms.Runtime/../System.Web.ReferenceSource/httpserverutility.cs'.
warning	CS0436	src/System.Web.ReferenceSource/HttpValueCollection.cs	356	24	root	warning	The type 'HttpUtility' in '/Users/vm/repos/rehost-webforms/src/Rehost.WebForms.Runtime/../System.Web.ReferenceSource/httpserverutility.cs' conflicts with the imported type 'HttpUtility' in 'System.Web.HttpUtility, Version=10.0.0.0, Culture=neutral, PublicKeyToken=cc7b13ffcd2ddd51'. Using the type defined in '/Users/vm/repos/rehost-webforms/src/Rehost.WebForms.Runtime/../System.Web.ReferenceSource/httpserverutility.cs'.
warning	CS0436	src/System.Web.ReferenceSource/HttpValueCollection.cs	360	24	root	warning	The type 'HttpUtility' in '/Users/vm/repos/rehost-webforms/src/Rehost.WebForms.Runtime/../System.Web.ReferenceSource/httpserverutility.cs' conflicts with the imported type 'HttpUtility' in 'System.Web.HttpUtility, Version=10.0.0.0, Culture=neutral, PublicKeyToken=cc7b13ffcd2ddd51'. Using the type defined in '/Users/vm/repos/rehost-webforms/src/Rehost.WebForms.Runtime/../System.Web.ReferenceSource/httpserverutility.cs'.
warning	SYSLIB0003	src/System.Web.ReferenceSource/IisTraceListener.cs	18	6	root	warning	'HostProtectionAttribute' is obsolete: 'Code Access Security is not supported or honored by the runtime.' (https://aka.ms/dotnet-warnings/SYSLIB0003)
warning	SYSLIB0003	src/System.Web.ReferenceSource/IntSecurity.cs	9	24	root	warning	'IStackWalk' is obsolete: 'Code Access Security is not supported or honored by the runtime.' (https://aka.ms/dotnet-warnings/SYSLIB0003)
warning	SYSLIB0003	src/System.Web.ReferenceSource/IntSecurity.cs	10	24	root	warning	'IStackWalk' is obsolete: 'Code Access Security is not supported or honored by the runtime.' (https://aka.ms/dotnet-warnings/SYSLIB0003)
warning	SYSLIB0003	src/System.Web.ReferenceSource/IntSecurity.cs	11	24	root	warning	'IStackWalk' is obsolete: 'Code Access Security is not supported or honored by the runtime.' (https://aka.ms/dotnet-warnings/SYSLIB0003)
warning	SYSLIB0003	src/System.Web.ReferenceSource/IntSecurity.cs	12	24	root	warning	'IStackWalk' is obsolete: 'Code Access Security is not supported or honored by the runtime.' (https://aka.ms/dotnet-warnings/SYSLIB0003)
warning	SYSLIB0003	src/System.Web.ReferenceSource/IntSecurity.cs	13	24	root	warning	'IStackWalk' is obsolete: 'Code Access Security is not supported or honored by the runtime.' (https://aka.ms/dotnet-warnings/SYSLIB0003)
warning	SYSLIB0003	src/System.Web.ReferenceSource/IntSecurity.cs	14	24	root	warning	'IStackWalk' is obsolete: 'Code Access Security is not supported or honored by the runtime.' (https://aka.ms/dotnet-warnings/SYSLIB0003)
warning	SYSLIB0003	src/System.Web.ReferenceSource/IntSecurity.cs	15	24	root	warning	'IStackWalk' is obsolete: 'Code Access Security is not supported or honored by the runtime.' (https://aka.ms/dotnet-warnings/SYSLIB0003)
warning	SYSLIB0003	src/System.Web.ReferenceSource/IntSecurity.cs	16	24	root	warning	'IStackWalk' is obsolete: 'Code Access Security is not supported or honored by the runtime.' (https://aka.ms/dotnet-warnings/SYSLIB0003)
warning	SYSLIB0003	src/System.Web.ReferenceSource/IntSecurity.cs	17	24	root	warning	'IStackWalk' is obsolete: 'Code Access Security is not supported or honored by the runtime.' (https://aka.ms/dotnet-warnings/SYSLIB0003)
warning	SYSLIB0003	src/System.Web.ReferenceSource/IntSecurity.cs	23	25	root	warning	'IStackWalk' is obsolete: 'Code Access Security is not supported or honored by the runtime.' (https://aka.ms/dotnet-warnings/SYSLIB0003)
warning	SYSLIB0003	src/System.Web.ReferenceSource/IntSecurity.cs	26	41	root	warning	'PermissionSet' is obsolete: 'Code Access Security is not supported or honored by the runtime.' (https://aka.ms/dotnet-warnings/SYSLIB0003)
warning	SYSLIB0003	src/System.Web.ReferenceSource/IntSecurity.cs	26	55	root	warning	'PermissionState' is obsolete: 'Code Access Security is not supported or honored by the runtime.' (https://aka.ms/dotnet-warnings/SYSLIB0003)
warning	SYSLIB0003	src/System.Web.ReferenceSource/IntSecurity.cs	33	25	root	warning	'IStackWalk' is obsolete: 'Code Access Security is not supported or honored by the runtime.' (https://aka.ms/dotnet-warnings/SYSLIB0003)
warning	SYSLIB0003	src/System.Web.ReferenceSource/IntSecurity.cs	36	42	root	warning	'SecurityPermission' is obsolete: 'Code Access Security is not supported or honored by the runtime.' (https://aka.ms/dotnet-warnings/SYSLIB0003)
warning	SYSLIB0003	src/System.Web.ReferenceSource/IntSecurity.cs	36	61	root	warning	'SecurityPermissionFlag' is obsolete: 'Code Access Security is not supported or honored by the runtime.' (https://aka.ms/dotnet-warnings/SYSLIB0003)
warning	SYSLIB0003	src/System.Web.ReferenceSource/IntSecurity.cs	43	25	root	warning	'IStackWalk' is obsolete: 'Code Access Security is not supported or honored by the runtime.' (https://aka.ms/dotnet-warnings/SYSLIB0003)
warning	SYSLIB0003	src/System.Web.ReferenceSource/IntSecurity.cs	46	45	root	warning	'SecurityPermission' is obsolete: 'Code Access Security is not supported or honored by the runtime.' (https://aka.ms/dotnet-warnings/SYSLIB0003)
warning	SYSLIB0003	src/System.Web.ReferenceSource/IntSecurity.cs	46	64	root	warning	'SecurityPermissionFlag' is obsolete: 'Code Access Security is not supported or honored by the runtime.' (https://aka.ms/dotnet-warnings/SYSLIB0003)
warning	SYSLIB0003	src/System.Web.ReferenceSource/IntSecurity.cs	53	25	root	warning	'IStackWalk' is obsolete: 'Code Access Security is not supported or honored by the runtime.' (https://aka.ms/dotnet-warnings/SYSLIB0003)
warning	SYSLIB0003	src/System.Web.ReferenceSource/IntSecurity.cs	56	39	root	warning	'ReflectionPermission' is obsolete: 'Code Access Security is not supported or honored by the runtime.' (https://aka.ms/dotnet-warnings/SYSLIB0003)
warning	SYSLIB0003	src/System.Web.ReferenceSource/IntSecurity.cs	56	60	root	warning	'ReflectionPermissionFlag' is obsolete: 'Code Access Security is not supported or honored by the runtime.' (https://aka.ms/dotnet-warnings/SYSLIB0003)
warning	SYSLIB0003	src/System.Web.ReferenceSource/IntSecurity.cs	63	25	root	warning	'IStackWalk' is obsolete: 'Code Access Security is not supported or honored by the runtime.' (https://aka.ms/dotnet-warnings/SYSLIB0003)
warning	SYSLIB0003	src/System.Web.ReferenceSource/IntSecurity.cs	66	45	root	warning	'FileIOPermission' is obsolete: 'Code Access Security is not supported or honored by the runtime.' (https://aka.ms/dotnet-warnings/SYSLIB0003)
warning	SYSLIB0003	src/System.Web.ReferenceSource/IntSecurity.cs	66	62	root	warning	'FileIOPermissionAccess' is obsolete: 'Code Access Security is not supported or honored by the runtime.' (https://aka.ms/dotnet-warnings/SYSLIB0003)
warning	SYSLIB0003	src/System.Web.ReferenceSource/IntSecurity.cs	73	25	root	warning	'IStackWalk' is obsolete: 'Code Access Security is not supported or honored by the runtime.' (https://aka.ms/dotnet-warnings/SYSLIB0003)
warning	SYSLIB0003	src/System.Web.ReferenceSource/IntSecurity.cs	76	42	root	warning	'SecurityPermission' is obsolete: 'Code Access Security is not supported or honored by the runtime.' (https://aka.ms/dotnet-warnings/SYSLIB0003)
warning	SYSLIB0003	src/System.Web.ReferenceSource/IntSecurity.cs	76	61	root	warning	'SecurityPermissionFlag' is obsolete: 'Code Access Security is not supported or honored by the runtime.' (https://aka.ms/dotnet-warnings/SYSLIB0003)
warning	SYSLIB0003	src/System.Web.ReferenceSource/IntSecurity.cs	83	25	root	warning	'IStackWalk' is obsolete: 'Code Access Security is not supported or honored by the runtime.' (https://aka.ms/dotnet-warnings/SYSLIB0003)
warning	SYSLIB0003	src/System.Web.ReferenceSource/IntSecurity.cs	86	37	root	warning	'AspNetHostingPermission' is obsolete: 'Code Access Security is not supported or honored by the runtime.' (https://aka.ms/dotnet-warnings/SYSLIB0003)
warning	SYSLIB0003	src/System.Web.ReferenceSource/IntSecurity.cs	93	25	root	warning	'IStackWalk' is obsolete: 'Code Access Security is not supported or honored by the runtime.' (https://aka.ms/dotnet-warnings/SYSLIB0003)
warning	SYSLIB0003	src/System.Web.ReferenceSource/IntSecurity.cs	96	40	root	warning	'AspNetHostingPermission' is obsolete: 'Code Access Security is not supported or honored by the runtime.' (https://aka.ms/dotnet-warnings/SYSLIB0003)
warning	SYSLIB0003	src/System.Web.ReferenceSource/IntSecurity.cs	103	25	root	warning	'IStackWalk' is obsolete: 'Code Access Security is not supported or honored by the runtime.' (https://aka.ms/dotnet-warnings/SYSLIB0003)
warning	SYSLIB0003	src/System.Web.ReferenceSource/IntSecurity.cs	106	38	root	warning	'AspNetHostingPermission' is obsolete: 'Code Access Security is not supported or honored by the runtime.' (https://aka.ms/dotnet-warnings/SYSLIB0003)
warning	SYSLIB0003	src/System.Web.ReferenceSource/IntSecurity.cs	116	25	root	warning	'IStackWalk' is obsolete: 'Code Access Security is not supported or honored by the runtime.' (https://aka.ms/dotnet-warnings/SYSLIB0003)
warning	SYSLIB0003	src/System.Web.ReferenceSource/IntSecurity.cs	118	24	root	warning	'FileIOPermission' is obsolete: 'Code Access Security is not supported or honored by the runtime.' (https://aka.ms/dotnet-warnings/SYSLIB0003)
warning	SYSLIB0003	src/System.Web.ReferenceSource/IntSecurity.cs	118	41	root	warning	'FileIOPermissionAccess' is obsolete: 'Code Access Security is not supported or honored by the runtime.' (https://aka.ms/dotnet-warnings/SYSLIB0003)
warning	SYSLIB0003	src/System.Web.ReferenceSource/IntSecurity.cs	121	25	root	warning	'IStackWalk' is obsolete: 'Code Access Security is not supported or honored by the runtime.' (https://aka.ms/dotnet-warnings/SYSLIB0003)
warning	SYSLIB0003	src/System.Web.ReferenceSource/IntSecurity.cs	123	24	root	warning	'FileIOPermission' is obsolete: 'Code Access Security is not supported or honored by the runtime.' (https://aka.ms/dotnet-warnings/SYSLIB0003)
warning	SYSLIB0003	src/System.Web.ReferenceSource/IntSecurity.cs	123	41	root	warning	'FileIOPermissionAccess' is obsolete: 'Code Access Security is not supported or honored by the runtime.' (https://aka.ms/dotnet-warnings/SYSLIB0003)
warning	SYSLIB0003	src/System.Web.ReferenceSource/IntSecurity.cs	123	72	root	warning	'FileIOPermissionAccess' is obsolete: 'Code Access Security is not supported or honored by the runtime.' (https://aka.ms/dotnet-warnings/SYSLIB0003)
warning	SYSLIB0003	src/System.Web.ReferenceSource/IntSecurity.cs	126	25	root	warning	'IStackWalk' is obsolete: 'Code Access Security is not supported or honored by the runtime.' (https://aka.ms/dotnet-warnings/SYSLIB0003)
warning	SYSLIB0003	src/System.Web.ReferenceSource/IntSecurity.cs	128	24	root	warning	'FileIOPermission' is obsolete: 'Code Access Security is not supported or honored by the runtime.' (https://aka.ms/dotnet-warnings/SYSLIB0003)
warning	SYSLIB0003	src/System.Web.ReferenceSource/IntSecurity.cs	128	41	root	warning	'FileIOPermissionAccess' is obsolete: 'Code Access Security is not supported or honored by the runtime.' (https://aka.ms/dotnet-warnings/SYSLIB0003)
warning	SYSLIB0019	src/System.Web.ReferenceSource/InternalApis/NDP_Common/inc/StrongNameHelpers.cs	28	52	InternalApis	warning	'RuntimeEnvironment.GetRuntimeInterfaceAsObject(Guid, Guid)' is obsolete: 'RuntimeEnvironment members SystemConfigurationFile, GetRuntimeInterfaceAsIntPtr, and GetRuntimeInterfaceAsObject are not supported and throw PlatformNotSupportedException.' (https://aka.ms/dotnet-warnings/SYSLIB0019)
warning	CS0436	src/System.Web.ReferenceSource/Management/EventlogProvider.cs	96	28	Management	warning	The type 'HttpUtility' in '/Users/vm/repos/rehost-webforms/src/Rehost.WebForms.Runtime/../System.Web.ReferenceSource/httpserverutility.cs' conflicts with the imported type 'HttpUtility' in 'System.Web.HttpUtility, Version=10.0.0.0, Culture=neutral, PublicKeyToken=cc7b13ffcd2ddd51'. Using the type defined in '/Users/vm/repos/rehost-webforms/src/Rehost.WebForms.Runtime/../System.Web.ReferenceSource/httpserverutility.cs'.
warning	SYSLIB0003	src/System.Web.ReferenceSource/Management/MailWebEventProvider.cs	76	10	Management	warning	'SmtpPermissionAttribute' is obsolete: 'Code Access Security is not supported or honored by the runtime.' (https://aka.ms/dotnet-warnings/SYSLIB0003)
warning	SYSLIB0003	src/System.Web.ReferenceSource/Management/MailWebEventProvider.cs	76	25	Management	warning	'SecurityAction' is obsolete: 'Code Access Security is not supported or honored by the runtime.' (https://aka.ms/dotnet-warnings/SYSLIB0003)
warning	SYSLIB0003	src/System.Web.ReferenceSource/Management/MailWebEventProvider.cs	77	10	Management	warning	'EnvironmentPermissionAttribute' is obsolete: 'Code Access Security is not supported or honored by the runtime.' (https://aka.ms/dotnet-warnings/SYSLIB0003)
warning	SYSLIB0003	src/System.Web.ReferenceSource/Management/MailWebEventProvider.cs	77	32	Management	warning	'SecurityAction' is obsolete: 'Code Access Security is not supported or honored by the runtime.' (https://aka.ms/dotnet-warnings/SYSLIB0003)
warning	CS0436	src/System.Web.ReferenceSource/Management/MailWebEventProvider.cs	90	24	Management	warning	The type 'HttpUtility' in '/Users/vm/repos/rehost-webforms/src/Rehost.WebForms.Runtime/../System.Web.ReferenceSource/httpserverutility.cs' conflicts with the imported type 'HttpUtility' in 'System.Web.HttpUtility, Version=10.0.0.0, Culture=neutral, PublicKeyToken=cc7b13ffcd2ddd51'. Using the type defined in '/Users/vm/repos/rehost-webforms/src/Rehost.WebForms.Runtime/../System.Web.ReferenceSource/httpserverutility.cs'.
warning	CS0436	src/System.Web.ReferenceSource/Management/MailWebEventProvider.cs	100	24	Management	warning	The type 'HttpUtility' in '/Users/vm/repos/rehost-webforms/src/Rehost.WebForms.Runtime/../System.Web.ReferenceSource/httpserverutility.cs' conflicts with the imported type 'HttpUtility' in 'System.Web.HttpUtility, Version=10.0.0.0, Culture=neutral, PublicKeyToken=cc7b13ffcd2ddd51'. Using the type defined in '/Users/vm/repos/rehost-webforms/src/Rehost.WebForms.Runtime/../System.Web.ReferenceSource/httpserverutility.cs'.
warning	SYSLIB0003	src/System.Web.ReferenceSource/Management/MailWebEventProvider.cs	125	10	Management	warning	'SmtpPermissionAttribute' is obsolete: 'Code Access Security is not supported or honored by the runtime.' (https://aka.ms/dotnet-warnings/SYSLIB0003)
warning	SYSLIB0003	src/System.Web.ReferenceSource/Management/MailWebEventProvider.cs	125	25	Management	warning	'SecurityAction' is obsolete: 'Code Access Security is not supported or honored by the runtime.' (https://aka.ms/dotnet-warnings/SYSLIB0003)
warning	CS0618	src/System.Web.ReferenceSource/Management/SqlServices.cs	51	9	Management	warning	'SqlException' is obsolete: 'Use the Microsoft.Data.SqlClient package instead.'
warning	CS0618	src/System.Web.ReferenceSource/Management/SqlServices.cs	54	54	Management	warning	'SqlException' is obsolete: 'Use the Microsoft.Data.SqlClient package instead.'
warning	SYSLIB0051	src/System.Web.ReferenceSource/Management/SqlServices.cs	75	12	Management	warning	'SystemException.SystemException(SerializationInfo, StreamingContext)' is obsolete: 'This API supports obsolete formatter-based serialization. It should not be called or extended by application code.' (https://aka.ms/dotnet-warnings/SYSLIB0051)
warning	CS0618	src/System.Web.ReferenceSource/Management/SqlServices.cs	80	29	Management	warning	'SqlException' is obsolete: 'Use the Microsoft.Data.SqlClient package instead.'
warning	CS0618	src/System.Web.ReferenceSource/Management/SqlServices.cs	80	80	Management	warning	'SqlException' is obsolete: 'Use the Microsoft.Data.SqlClient package instead.'
warning	SYSLIB0003	src/System.Web.ReferenceSource/Management/SqlServices.cs	83	10	Management	warning	'SecurityPermissionAttribute' is obsolete: 'Code Access Security is not supported or honored by the runtime.' (https://aka.ms/dotnet-warnings/SYSLIB0003)
warning	SYSLIB0003	src/System.Web.ReferenceSource/Management/SqlServices.cs	83	38	Management	warning	'SecurityAction' is obsolete: 'Code Access Security is not supported or honored by the runtime.' (https://aka.ms/dotnet-warnings/SYSLIB0003)
warning	CS0672	src/System.Web.ReferenceSource/Management/SqlServices.cs	84	30	Management	warning	Member 'SqlExecutionException.GetObjectData(SerializationInfo, StreamingContext)' overrides obsolete member 'Exception.GetObjectData(SerializationInfo, StreamingContext)'. Add the Obsolete attribute to 'SqlExecutionException.GetObjectData(SerializationInfo, StreamingContext)'.
warning	SYSLIB0051	src/System.Web.ReferenceSource/Management/SqlServices.cs	86	13	Management	warning	'Exception.GetObjectData(SerializationInfo, StreamingContext)' is obsolete: 'This API supports obsolete formatter-based serialization. It should not be called or extended by application code.' (https://aka.ms/dotnet-warnings/SYSLIB0051)
warning	CS0618	src/System.Web.ReferenceSource/Management/SqlServices.cs	115	16	Management	warning	'SqlException' is obsolete: 'Use the Microsoft.Data.SqlClient package instead.'
warning	SYSLIB0003	src/System.Web.ReferenceSource/Management/SqlServices.cs	120	6	Management	warning	'AspNetHostingPermissionAttribute' is obsolete: 'Code Access Security is not supported or honored by the runtime.' (https://aka.ms/dotnet-warnings/SYSLIB0003)
warning	SYSLIB0003	src/System.Web.ReferenceSource/Management/SqlServices.cs	120	30	Management	warning	'SecurityAction' is obsolete: 'Code Access Security is not supported or honored by the runtime.' (https://aka.ms/dotnet-warnings/SYSLIB0003)
warning	CS0618	src/System.Web.ReferenceSource/Management/SqlServices.cs	373	13	Management	warning	'SqlConnection' is obsolete: 'Use the Microsoft.Data.SqlClient package instead.'
warning	CS0618	src/System.Web.ReferenceSource/Management/SqlServices.cs	386	13	Management	warning	'SqlConnection' is obsolete: 'Use the Microsoft.Data.SqlClient package instead.'
warning	CS0618	src/System.Web.ReferenceSource/Management/SqlServices.cs	397	13	Management	warning	'SqlCommand' is obsolete: 'Use the Microsoft.Data.SqlClient package instead.'
warning	CS0618	src/System.Web.ReferenceSource/Management/SqlServices.cs	412	26	Management	warning	'SqlCommand' is obsolete: 'Use the Microsoft.Data.SqlClient package instead.'
warning	CS0618	src/System.Web.ReferenceSource/Management/SqlServices.cs	445	25	Management	warning	'SqlException' is obsolete: 'Use the Microsoft.Data.SqlClient package instead.'
warning	CS0618	src/System.Web.ReferenceSource/Management/SqlServices.cs	445	53	Management	warning	'SqlException' is obsolete: 'Use the Microsoft.Data.SqlClient package instead.'
warning	CS0618	src/System.Web.ReferenceSource/Management/SqlServices.cs	553	59	Management	warning	'SqlConnection' is obsolete: 'Use the Microsoft.Data.SqlClient package instead.'
warning	CS0618	src/System.Web.ReferenceSource/Management/SqlServices.cs	554	13	Management	warning	'SqlCommand' is obsolete: 'Use the Microsoft.Data.SqlClient package instead.'
warning	CS0618	src/System.Web.ReferenceSource/Management/SqlServices.cs	558	23	Management	warning	'SqlCommand' is obsolete: 'Use the Microsoft.Data.SqlClient package instead.'
warning	CS0618	src/System.Web.ReferenceSource/Management/SqlServices.cs	559	36	Management	warning	'SqlParameter' is obsolete: 'Use the Microsoft.Data.SqlClient package instead.'
warning	CS0618	src/System.Web.ReferenceSource/Management/SqlServices.cs	583	13	Management	warning	'SqlConnection' is obsolete: 'Use the Microsoft.Data.SqlClient package instead.'
warning	CS0618	src/System.Web.ReferenceSource/Management/SqlServices.cs	609	21	Management	warning	'SqlCommand' is obsolete: 'Use the Microsoft.Data.SqlClient package instead.'
warning	CS0618	src/System.Web.ReferenceSource/Management/SqlServices.cs	609	42	Management	warning	'SqlCommand' is obsolete: 'Use the Microsoft.Data.SqlClient package instead.'
warning	CS0618	src/System.Web.ReferenceSource/Management/SqlServices.cs	610	44	Management	warning	'SqlParameter' is obsolete: 'Use the Microsoft.Data.SqlClient package instead.'
warning	CS0618	src/System.Web.ReferenceSource/Management/SqlServices.cs	615	30	Management	warning	'SqlException' is obsolete: 'Use the Microsoft.Data.SqlClient package instead.'
warning	CS0618	src/System.Web.ReferenceSource/Management/SqlServices.cs	660	13	Management	warning	'SqlConnection' is obsolete: 'Use the Microsoft.Data.SqlClient package instead.'
warning	CS0618	src/System.Web.ReferenceSource/Management/SqlServices.cs	722	16	Management	warning	'SqlConnection' is obsolete: 'Use the Microsoft.Data.SqlClient package instead.'
warning	CS0618	src/System.Web.ReferenceSource/Management/SqlServices.cs	724	13	Management	warning	'SqlConnection' is obsolete: 'Use the Microsoft.Data.SqlClient package instead.'
warning	CS0618	src/System.Web.ReferenceSource/Management/SqlServices.cs	732	37	Management	warning	'SqlConnection' is obsolete: 'Use the Microsoft.Data.SqlClient package instead.'
warning	SYSLIB0003	src/System.Web.ReferenceSource/Management/SqlWebEventProvider.cs	26	6	Management	warning	'PermissionSetAttribute' is obsolete: 'Code Access Security is not supported or honored by the runtime.' (https://aka.ms/dotnet-warnings/SYSLIB0003)
warning	SYSLIB0003	src/System.Web.ReferenceSource/Management/SqlWebEventProvider.cs	26	20	Management	warning	'SecurityAction' is obsolete: 'Code Access Security is not supported or honored by the runtime.' (https://aka.ms/dotnet-warnings/SYSLIB0003)
warning	CS0618	src/System.Web.ReferenceSource/Management/SqlWebEventProvider.cs	62	17	Management	warning	'SqlConnectionStringBuilder' is obsolete: 'Use the Microsoft.Data.SqlClient package instead.'
warning	CS0618	src/System.Web.ReferenceSource/Management/SqlWebEventProvider.cs	62	58	Management	warning	'SqlConnectionStringBuilder' is obsolete: 'Use the Microsoft.Data.SqlClient package instead.'
warning	CS0618	src/System.Web.ReferenceSource/Management/SqlWebEventProvider.cs	86	41	Management	warning	'SqlConnection' is obsolete: 'Use the Microsoft.Data.SqlClient package instead.'
warning	CS0618	src/System.Web.ReferenceSource/Management/SqlWebEventProvider.cs	102	28	Management	warning	'SqlCommand' is obsolete: 'Use the Microsoft.Data.SqlClient package instead.'
warning	CS0618	src/System.Web.ReferenceSource/Management/SqlWebEventProvider.cs	103	43	Management	warning	'SqlParameter' is obsolete: 'Use the Microsoft.Data.SqlClient package instead.'
warning	CS0618	src/System.Web.ReferenceSource/Management/SqlWebEventProvider.cs	104	43	Management	warning	'SqlParameter' is obsolete: 'Use the Microsoft.Data.SqlClient package instead.'
warning	CS0618	src/System.Web.ReferenceSource/Management/SqlWebEventProvider.cs	105	43	Management	warning	'SqlParameter' is obsolete: 'Use the Microsoft.Data.SqlClient package instead.'
warning	CS0618	src/System.Web.ReferenceSource/Management/SqlWebEventProvider.cs	106	43	Management	warning	'SqlParameter' is obsolete: 'Use the Microsoft.Data.SqlClient package instead.'
warning	CS0618	src/System.Web.ReferenceSource/Management/SqlWebEventProvider.cs	107	43	Management	warning	'SqlParameter' is obsolete: 'Use the Microsoft.Data.SqlClient package instead.'
warning	CS0618	src/System.Web.ReferenceSource/Management/SqlWebEventProvider.cs	108	43	Management	warning	'SqlParameter' is obsolete: 'Use the Microsoft.Data.SqlClient package instead.'
warning	CS0618	src/System.Web.ReferenceSource/Management/SqlWebEventProvider.cs	109	43	Management	warning	'SqlParameter' is obsolete: 'Use the Microsoft.Data.SqlClient package instead.'
warning	CS0618	src/System.Web.ReferenceSource/Management/SqlWebEventProvider.cs	110	43	Management	warning	'SqlParameter' is obsolete: 'Use the Microsoft.Data.SqlClient package instead.'
warning	CS0618	src/System.Web.ReferenceSource/Management/SqlWebEventProvider.cs	111	43	Management	warning	'SqlParameter' is obsolete: 'Use the Microsoft.Data.SqlClient package instead.'
warning	CS0618	src/System.Web.ReferenceSource/Management/SqlWebEventProvider.cs	112	43	Management	warning	'SqlParameter' is obsolete: 'Use the Microsoft.Data.SqlClient package instead.'
warning	CS0618	src/System.Web.ReferenceSource/Management/SqlWebEventProvider.cs	113	43	Management	warning	'SqlParameter' is obsolete: 'Use the Microsoft.Data.SqlClient package instead.'
warning	CS0618	src/System.Web.ReferenceSource/Management/SqlWebEventProvider.cs	114	43	Management	warning	'SqlParameter' is obsolete: 'Use the Microsoft.Data.SqlClient package instead.'
warning	CS0618	src/System.Web.ReferenceSource/Management/SqlWebEventProvider.cs	115	43	Management	warning	'SqlParameter' is obsolete: 'Use the Microsoft.Data.SqlClient package instead.'
warning	CS0618	src/System.Web.ReferenceSource/Management/SqlWebEventProvider.cs	116	43	Management	warning	'SqlParameter' is obsolete: 'Use the Microsoft.Data.SqlClient package instead.'
warning	CS0618	src/System.Web.ReferenceSource/Management/SqlWebEventProvider.cs	117	43	Management	warning	'SqlParameter' is obsolete: 'Use the Microsoft.Data.SqlClient package instead.'
warning	CS0618	src/System.Web.ReferenceSource/Management/SqlWebEventProvider.cs	120	25	Management	warning	'SqlCommand' is obsolete: 'Use the Microsoft.Data.SqlClient package instead.'
warning	SYSLIB0003	src/System.Web.ReferenceSource/Management/SqlWebEventProvider.cs	172	10	Management	warning	'PermissionSetAttribute' is obsolete: 'Code Access Security is not supported or honored by the runtime.' (https://aka.ms/dotnet-warnings/SYSLIB0003)
warning	SYSLIB0003	src/System.Web.ReferenceSource/Management/SqlWebEventProvider.cs	172	24	Management	warning	'SecurityAction' is obsolete: 'Code Access Security is not supported or honored by the runtime.' (https://aka.ms/dotnet-warnings/SYSLIB0003)
warning	SYSLIB0003	src/System.Web.ReferenceSource/Management/SqlWebEventProvider.cs	173	10	Management	warning	'SqlClientPermissionAttribute' is obsolete: 'Code Access Security is not supported or honored by the runtime.' (https://aka.ms/dotnet-warnings/SYSLIB0003)
warning	SYSLIB0003	src/System.Web.ReferenceSource/Management/SqlWebEventProvider.cs	173	30	Management	warning	'SecurityAction' is obsolete: 'Code Access Security is not supported or honored by the runtime.' (https://aka.ms/dotnet-warnings/SYSLIB0003)
warning	SYSLIB0003	src/System.Web.ReferenceSource/Management/SqlWebEventProvider.cs	174	10	Management	warning	'PermissionSetAttribute' is obsolete: 'Code Access Security is not supported or honored by the runtime.' (https://aka.ms/dotnet-warnings/SYSLIB0003)
warning	SYSLIB0003	src/System.Web.ReferenceSource/Management/SqlWebEventProvider.cs	174	24	Management	warning	'SecurityAction' is obsolete: 'Code Access Security is not supported or honored by the runtime.' (https://aka.ms/dotnet-warnings/SYSLIB0003)
warning	CS0618	src/System.Web.ReferenceSource/Management/SqlWebEventProvider.cs	184	17	Management	warning	'SqlCommand' is obsolete: 'Use the Microsoft.Data.SqlClient package instead.'
warning	CS0618	src/System.Web.ReferenceSource/Management/SqlWebEventProvider.cs	184	45	Management	warning	'SqlCommand' is obsolete: 'Use the Microsoft.Data.SqlClient package instead.'
warning	CS0436	src/System.Web.ReferenceSource/Management/TemplatedMailWebEventProvider.cs	135	35	Management	warning	The type 'HttpUtility' in '/Users/vm/repos/rehost-webforms/src/Rehost.WebForms.Runtime/../System.Web.ReferenceSource/httpserverutility.cs' conflicts with the imported type 'HttpUtility' in 'System.Web.HttpUtility, Version=10.0.0.0, Culture=neutral, PublicKeyToken=cc7b13ffcd2ddd51'. Using the type defined in '/Users/vm/repos/rehost-webforms/src/Rehost.WebForms.Runtime/../System.Web.ReferenceSource/httpserverutility.cs'.
warning	SYSLIB0003	src/System.Web.ReferenceSource/Management/WebEvents.cs	471	10	Management	warning	'AspNetHostingPermissionAttribute' is obsolete: 'Code Access Security is not supported or honored by the runtime.' (https://aka.ms/dotnet-warnings/SYSLIB0003)
warning	SYSLIB0003	src/System.Web.ReferenceSource/Management/WebEvents.cs	471	34	Management	warning	'SecurityAction' is obsolete: 'Code Access Security is not supported or honored by the runtime.' (https://aka.ms/dotnet-warnings/SYSLIB0003)
warning	SYSLIB0003	src/System.Web.ReferenceSource/Management/WebEvents.cs	477	10	Management	warning	'AspNetHostingPermissionAttribute' is obsolete: 'Code Access Security is not supported or honored by the runtime.' (https://aka.ms/dotnet-warnings/SYSLIB0003)
warning	SYSLIB0003	src/System.Web.ReferenceSource/Management/WebEvents.cs	477	34	Management	warning	'SecurityAction' is obsolete: 'Code Access Security is not supported or honored by the runtime.' (https://aka.ms/dotnet-warnings/SYSLIB0003)
warning	CA1416	src/System.Web.ReferenceSource/Management/WebEvents.cs	598	101	Management	warning	This call site is reachable on all platforms. 'WindowsIdentity.Name' is only supported on: 'windows'. (https://learn.microsoft.com/dotnet/fundamentals/code-analysis/quality-rules/ca1416)
warning	SYSLIB0003	src/System.Web.ReferenceSource/Management/WebEvents.cs	655	10	Management	warning	'PermissionSetAttribute' is obsolete: 'Code Access Security is not supported or honored by the runtime.' (https://aka.ms/dotnet-warnings/SYSLIB0003)
warning	SYSLIB0003	src/System.Web.ReferenceSource/Management/WebEvents.cs	655	24	Management	warning	'SecurityAction' is obsolete: 'Code Access Security is not supported or honored by the runtime.' (https://aka.ms/dotnet-warnings/SYSLIB0003)
warning	SYSLIB0003	src/System.Web.ReferenceSource/Management/WebEvents.cs	1089	6	Management	warning	'PermissionSetAttribute' is obsolete: 'Code Access Security is not supported or honored by the runtime.' (https://aka.ms/dotnet-warnings/SYSLIB0003)
warning	SYSLIB0003	src/System.Web.ReferenceSource/Management/WebEvents.cs	1089	20	Management	warning	'SecurityAction' is obsolete: 'Code Access Security is not supported or honored by the runtime.' (https://aka.ms/dotnet-warnings/SYSLIB0003)
warning	SYSLIB0003	src/System.Web.ReferenceSource/Management/WebEvents.cs	1912	10	Management	warning	'PermissionSetAttribute' is obsolete: 'Code Access Security is not supported or honored by the runtime.' (https://aka.ms/dotnet-warnings/SYSLIB0003)
warning	SYSLIB0003	src/System.Web.ReferenceSource/Management/WebEvents.cs	1912	24	Management	warning	'SecurityAction' is obsolete: 'Code Access Security is not supported or honored by the runtime.' (https://aka.ms/dotnet-warnings/SYSLIB0003)
warning	CA1416	src/System.Web.ReferenceSource/Management/WebEvents.cs	1961	39	Management	warning	This call site is reachable on all platforms. 'WindowsPrincipal' is only supported on: 'windows'. (https://learn.microsoft.com/dotnet/fundamentals/code-analysis/quality-rules/ca1416)
warning	CA1416	src/System.Web.ReferenceSource/Management/WebEvents.cs	1961	60	Management	warning	This call site is reachable on all platforms. 'WindowsIdentity' is only supported on: 'windows'. (https://learn.microsoft.com/dotnet/fundamentals/code-analysis/quality-rules/ca1416)
warning	CA1416	src/System.Web.ReferenceSource/Management/WebEvents.cs	1961	80	Management	warning	This call site is reachable on all platforms. 'WindowsIdentity.Token' is only supported on: 'windows'. (https://learn.microsoft.com/dotnet/fundamentals/code-analysis/quality-rules/ca1416)
warning	CA1416	src/System.Web.ReferenceSource/Management/WebEvents.cs	1961	99	Management	warning	This call site is reachable on all platforms. 'WindowsIdentity.AuthenticationType' is only supported on: 'windows'. (https://learn.microsoft.com/dotnet/fundamentals/code-analysis/quality-rules/ca1416)
warning	CA1416	src/System.Web.ReferenceSource/Management/WebEvents.cs	1978	28	Management	warning	This call site is reachable on all platforms. 'WindowsIdentity.GetCurrent()' is only supported on: 'windows'. (https://learn.microsoft.com/dotnet/fundamentals/code-analysis/quality-rules/ca1416)
warning	CA1416	src/System.Web.ReferenceSource/Management/WebEvents.cs	1978	28	Management	warning	This call site is reachable on all platforms. 'WindowsIdentity.Name' is only supported on: 'windows'. (https://learn.microsoft.com/dotnet/fundamentals/code-analysis/quality-rules/ca1416)
warning	CA1416	src/System.Web.ReferenceSource/Management/WebEvents.cs	2145	28	Management	warning	This call site is reachable on all platforms. 'WindowsIdentity.Name' is only supported on: 'windows'. (https://learn.microsoft.com/dotnet/fundamentals/code-analysis/quality-rules/ca1416)
warning	SYSLIB0003	src/System.Web.ReferenceSource/Management/WebEvents.cs	2507	10	Management	warning	'SecurityPermissionAttribute' is obsolete: 'Code Access Security is not supported or honored by the runtime.' (https://aka.ms/dotnet-warnings/SYSLIB0003)
warning	SYSLIB0003	src/System.Web.ReferenceSource/Management/WebEvents.cs	2507	29	Management	warning	'SecurityAction' is obsolete: 'Code Access Security is not supported or honored by the runtime.' (https://aka.ms/dotnet-warnings/SYSLIB0003)
warning	SYSLIB0003	src/System.Web.ReferenceSource/Management/WebEvents.cs	2524	10	Management	warning	'SecurityPermissionAttribute' is obsolete: 'Code Access Security is not supported or honored by the runtime.' (https://aka.ms/dotnet-warnings/SYSLIB0003)
warning	SYSLIB0003	src/System.Web.ReferenceSource/Management/WebEvents.cs	2524	29	Management	warning	'SecurityAction' is obsolete: 'Code Access Security is not supported or honored by the runtime.' (https://aka.ms/dotnet-warnings/SYSLIB0003)
warning	CS0618	src/System.Web.ReferenceSource/Management/wmiprovider.cs	52	29	Management	warning	'TimeZone' is obsolete: 'System.TimeZone has been deprecated. Investigate the use of System.TimeZoneInfo instead.'
warning	SYSLIB0003	src/System.Web.ReferenceSource/ModulesEntry.cs	65	10	root	warning	'PermissionSetAttribute' is obsolete: 'Code Access Security is not supported or honored by the runtime.' (https://aka.ms/dotnet-warnings/SYSLIB0003)
warning	SYSLIB0003	src/System.Web.ReferenceSource/ModulesEntry.cs	65	24	root	warning	'SecurityAction' is obsolete: 'Code Access Security is not supported or honored by the runtime.' (https://aka.ms/dotnet-warnings/SYSLIB0003)
warning	SYSLIB0003	src/System.Web.ReferenceSource/ProcessModelInfo.cs	17	10	root	warning	'AspNetHostingPermissionAttribute' is obsolete: 'Code Access Security is not supported or honored by the runtime.' (https://aka.ms/dotnet-warnings/SYSLIB0003)
warning	SYSLIB0003	src/System.Web.ReferenceSource/ProcessModelInfo.cs	17	34	root	warning	'SecurityAction' is obsolete: 'Code Access Security is not supported or honored by the runtime.' (https://aka.ms/dotnet-warnings/SYSLIB0003)
warning	SYSLIB0003	src/System.Web.ReferenceSource/ProcessModelInfo.cs	47	10	root	warning	'AspNetHostingPermissionAttribute' is obsolete: 'Code Access Security is not supported or honored by the runtime.' (https://aka.ms/dotnet-warnings/SYSLIB0003)
warning	SYSLIB0003	src/System.Web.ReferenceSource/ProcessModelInfo.cs	47	34	root	warning	'SecurityAction' is obsolete: 'Code Access Security is not supported or honored by the runtime.' (https://aka.ms/dotnet-warnings/SYSLIB0003)
warning	SYSLIB0003	src/System.Web.ReferenceSource/Profile/HttpProfileBase.cs	61	10	Profile	warning	'SecurityPermissionAttribute' is obsolete: 'Code Access Security is not supported or honored by the runtime.' (https://aka.ms/dotnet-warnings/SYSLIB0003)
warning	SYSLIB0003	src/System.Web.ReferenceSource/Profile/HttpProfileBase.cs	61	29	Profile	warning	'SecurityAction' is obsolete: 'Code Access Security is not supported or honored by the runtime.' (https://aka.ms/dotnet-warnings/SYSLIB0003)
warning	SYSLIB0003	src/System.Web.ReferenceSource/Profile/HttpProfileBase.cs	61	60	Profile	warning	'SecurityPermissionFlag' is obsolete: 'Code Access Security is not supported or honored by the runtime.' (https://aka.ms/dotnet-warnings/SYSLIB0003)
warning	SYSLIB0003	src/System.Web.ReferenceSource/Profile/HttpProfileBase.cs	66	10	Profile	warning	'SecurityPermissionAttribute' is obsolete: 'Code Access Security is not supported or honored by the runtime.' (https://aka.ms/dotnet-warnings/SYSLIB0003)
warning	SYSLIB0003	src/System.Web.ReferenceSource/Profile/HttpProfileBase.cs	66	29	Profile	warning	'SecurityAction' is obsolete: 'Code Access Security is not supported or honored by the runtime.' (https://aka.ms/dotnet-warnings/SYSLIB0003)
warning	SYSLIB0003	src/System.Web.ReferenceSource/Profile/HttpProfileBase.cs	66	60	Profile	warning	'SecurityPermissionFlag' is obsolete: 'Code Access Security is not supported or honored by the runtime.' (https://aka.ms/dotnet-warnings/SYSLIB0003)
warning	SYSLIB0003	src/System.Web.ReferenceSource/Profile/HttpProfileBase.cs	135	10	Profile	warning	'SecurityPermissionAttribute' is obsolete: 'Code Access Security is not supported or honored by the runtime.' (https://aka.ms/dotnet-warnings/SYSLIB0003)
warning	SYSLIB0003	src/System.Web.ReferenceSource/Profile/HttpProfileBase.cs	135	29	Profile	warning	'SecurityAction' is obsolete: 'Code Access Security is not supported or honored by the runtime.' (https://aka.ms/dotnet-warnings/SYSLIB0003)
warning	SYSLIB0003	src/System.Web.ReferenceSource/Profile/HttpProfileBase.cs	135	60	Profile	warning	'SecurityPermissionFlag' is obsolete: 'Code Access Security is not supported or honored by the runtime.' (https://aka.ms/dotnet-warnings/SYSLIB0003)
warning	SYSLIB0050	src/System.Web.ReferenceSource/Profile/HttpProfileBase.cs	515	98	Profile	warning	'Type.IsSerializable' is obsolete: 'Formatter-based serialization is obsolete and should not be used.' (https://aka.ms/dotnet-warnings/SYSLIB0050)
warning	SYSLIB0003	src/System.Web.ReferenceSource/Profile/ProfileModule.cs	54	10	Profile	warning	'SecurityPermissionAttribute' is obsolete: 'Code Access Security is not supported or honored by the runtime.' (https://aka.ms/dotnet-warnings/SYSLIB0003)
warning	SYSLIB0003	src/System.Web.ReferenceSource/Profile/ProfileModule.cs	54	29	Profile	warning	'SecurityAction' is obsolete: 'Code Access Security is not supported or honored by the runtime.' (https://aka.ms/dotnet-warnings/SYSLIB0003)
warning	SYSLIB0003	src/System.Web.ReferenceSource/Profile/ProfileModule.cs	153	10	Profile	warning	'SecurityPermissionAttribute' is obsolete: 'Code Access Security is not supported or honored by the runtime.' (https://aka.ms/dotnet-warnings/SYSLIB0003)
warning	SYSLIB0003	src/System.Web.ReferenceSource/Profile/ProfileModule.cs	153	29	Profile	warning	'SecurityAction' is obsolete: 'Code Access Security is not supported or honored by the runtime.' (https://aka.ms/dotnet-warnings/SYSLIB0003)
warning	SYSLIB0003	src/System.Web.ReferenceSource/Profile/ProfileModule.cs	153	60	Profile	warning	'SecurityPermissionFlag' is obsolete: 'Code Access Security is not supported or honored by the runtime.' (https://aka.ms/dotnet-warnings/SYSLIB0003)
warning	SYSLIB0003	src/System.Web.ReferenceSource/Profile/ProfileModule.cs	193	10	Profile	warning	'SecurityPermissionAttribute' is obsolete: 'Code Access Security is not supported or honored by the runtime.' (https://aka.ms/dotnet-warnings/SYSLIB0003)
warning	SYSLIB0003	src/System.Web.ReferenceSource/Profile/ProfileModule.cs	193	29	Profile	warning	'SecurityAction' is obsolete: 'Code Access Security is not supported or honored by the runtime.' (https://aka.ms/dotnet-warnings/SYSLIB0003)
warning	SYSLIB0003	src/System.Web.ReferenceSource/Profile/ProfileModule.cs	193	60	Profile	warning	'SecurityPermissionFlag' is obsolete: 'Code Access Security is not supported or honored by the runtime.' (https://aka.ms/dotnet-warnings/SYSLIB0003)
warning	CS0618	src/System.Web.ReferenceSource/Profile/SqlProfileProvider.cs	82	42	Profile	warning	'SqlConnection' is obsolete: 'Use the Microsoft.Data.SqlClient package instead.'
warning	CS0618	src/System.Web.ReferenceSource/Profile/SqlProfileProvider.cs	158	17	Profile	warning	'SqlDataReader' is obsolete: 'Use the Microsoft.Data.SqlClient package instead.'
warning	CS0618	src/System.Web.ReferenceSource/Profile/SqlProfileProvider.cs	163	21	Profile	warning	'SqlCommand' is obsolete: 'Use the Microsoft.Data.SqlClient package instead.'
warning	CS0618	src/System.Web.ReferenceSource/Profile/SqlProfileProvider.cs	163	42	Profile	warning	'SqlCommand' is obsolete: 'Use the Microsoft.Data.SqlClient package instead.'
warning	CS0618	src/System.Web.ReferenceSource/Profile/SqlProfileProvider.cs	228	21	Profile	warning	'SqlCommand' is obsolete: 'Use the Microsoft.Data.SqlClient package instead.'
warning	CS0618	src/System.Web.ReferenceSource/Profile/SqlProfileProvider.cs	228	49	Profile	warning	'SqlCommand' is obsolete: 'Use the Microsoft.Data.SqlClient package instead.'
warning	CS0618	src/System.Web.ReferenceSource/Profile/SqlProfileProvider.cs	257	17	Profile	warning	'SqlParameter' is obsolete: 'Use the Microsoft.Data.SqlClient package instead.'
warning	CS0618	src/System.Web.ReferenceSource/Profile/SqlProfileProvider.cs	258	13	Profile	warning	'SqlParameter' is obsolete: 'Use the Microsoft.Data.SqlClient package instead.'
warning	CS0618	src/System.Web.ReferenceSource/Profile/SqlProfileProvider.cs	258	38	Profile	warning	'SqlParameter' is obsolete: 'Use the Microsoft.Data.SqlClient package instead.'
warning	CS0618	src/System.Web.ReferenceSource/Profile/SqlProfileProvider.cs	316	21	Profile	warning	'SqlCommand' is obsolete: 'Use the Microsoft.Data.SqlClient package instead.'
warning	CS0618	src/System.Web.ReferenceSource/Profile/SqlProfileProvider.cs	333	39	Profile	warning	'SqlCommand' is obsolete: 'Use the Microsoft.Data.SqlClient package instead.'
warning	CS0618	src/System.Web.ReferenceSource/Profile/SqlProfileProvider.cs	338	35	Profile	warning	'SqlCommand' is obsolete: 'Use the Microsoft.Data.SqlClient package instead.'
warning	CS0618	src/System.Web.ReferenceSource/Profile/SqlProfileProvider.cs	351	35	Profile	warning	'SqlCommand' is obsolete: 'Use the Microsoft.Data.SqlClient package instead.'
warning	CS0618	src/System.Web.ReferenceSource/Profile/SqlProfileProvider.cs	357	25	Profile	warning	'SqlCommand' is obsolete: 'Use the Microsoft.Data.SqlClient package instead.'
warning	CS0618	src/System.Web.ReferenceSource/Profile/SqlProfileProvider.cs	357	46	Profile	warning	'SqlCommand' is obsolete: 'Use the Microsoft.Data.SqlClient package instead.'
warning	CS0618	src/System.Web.ReferenceSource/Profile/SqlProfileProvider.cs	386	21	Profile	warning	'SqlCommand' is obsolete: 'Use the Microsoft.Data.SqlClient package instead.'
warning	CS0618	src/System.Web.ReferenceSource/Profile/SqlProfileProvider.cs	386	42	Profile	warning	'SqlCommand' is obsolete: 'Use the Microsoft.Data.SqlClient package instead.'
warning	CS0618	src/System.Web.ReferenceSource/Profile/SqlProfileProvider.cs	420	21	Profile	warning	'SqlCommand' is obsolete: 'Use the Microsoft.Data.SqlClient package instead.'
warning	CS0618	src/System.Web.ReferenceSource/Profile/SqlProfileProvider.cs	420	42	Profile	warning	'SqlCommand' is obsolete: 'Use the Microsoft.Data.SqlClient package instead.'
warning	CS0618	src/System.Web.ReferenceSource/Profile/SqlProfileProvider.cs	448	44	Profile	warning	'SqlParameter' is obsolete: 'Use the Microsoft.Data.SqlClient package instead.'
warning	CS0618	src/System.Web.ReferenceSource/Profile/SqlProfileProvider.cs	456	13	Profile	warning	'SqlParameter' is obsolete: 'Use the Microsoft.Data.SqlClient package instead.'
warning	CS0618	src/System.Web.ReferenceSource/Profile/SqlProfileProvider.cs	456	40	Profile	warning	'SqlParameter' is obsolete: 'Use the Microsoft.Data.SqlClient package instead.'
warning	CS0618	src/System.Web.ReferenceSource/Profile/SqlProfileProvider.cs	465	13	Profile	warning	'SqlParameter' is obsolete: 'Use the Microsoft.Data.SqlClient package instead.'
warning	CS0618	src/System.Web.ReferenceSource/Profile/SqlProfileProvider.cs	465	39	Profile	warning	'SqlParameter' is obsolete: 'Use the Microsoft.Data.SqlClient package instead.'
warning	CS0618	src/System.Web.ReferenceSource/Profile/SqlProfileProvider.cs	475	13	Profile	warning	'SqlParameter' is obsolete: 'Use the Microsoft.Data.SqlClient package instead.'
warning	CS0618	src/System.Web.ReferenceSource/Profile/SqlProfileProvider.cs	475	39	Profile	warning	'SqlParameter' is obsolete: 'Use the Microsoft.Data.SqlClient package instead.'
warning	CS0618	src/System.Web.ReferenceSource/Profile/SqlProfileProvider.cs	487	59	Profile	warning	'SqlParameter' is obsolete: 'Use the Microsoft.Data.SqlClient package instead.'
warning	CS0618	src/System.Web.ReferenceSource/Profile/SqlProfileProvider.cs	502	17	Profile	warning	'SqlDataReader' is obsolete: 'Use the Microsoft.Data.SqlClient package instead.'
warning	CS0618	src/System.Web.ReferenceSource/Profile/SqlProfileProvider.cs	507	21	Profile	warning	'SqlCommand' is obsolete: 'Use the Microsoft.Data.SqlClient package instead.'
warning	CS0618	src/System.Web.ReferenceSource/Profile/SqlProfileProvider.cs	507	42	Profile	warning	'SqlCommand' is obsolete: 'Use the Microsoft.Data.SqlClient package instead.'
warning	CS0618	src/System.Web.ReferenceSource/Profile/SqlProfileProvider.cs	515	30	Profile	warning	'SqlParameter' is obsolete: 'Use the Microsoft.Data.SqlClient package instead.'
warning	SYSLIB0006	src/System.Web.ReferenceSource/RequestTimeoutManager.cs	177	21	root	warning	'Thread.Abort(object?)' is obsolete: 'Thread.Abort is not supported and throws PlatformNotSupportedException.' (https://aka.ms/dotnet-warnings/SYSLIB0006)
warning	SYSLIB0003	src/System.Web.ReferenceSource/RootedObjects.cs	20	6	root	warning	'SecurityPermissionAttribute' is obsolete: 'Code Access Security is not supported or honored by the runtime.' (https://aka.ms/dotnet-warnings/SYSLIB0003)
warning	SYSLIB0003	src/System.Web.ReferenceSource/RootedObjects.cs	20	25	root	warning	'SecurityAction' is obsolete: 'Code Access Security is not supported or honored by the runtime.' (https://aka.ms/dotnet-warnings/SYSLIB0003)
warning	CA1416	src/System.Web.ReferenceSource/RootedObjects.cs	163	21	root	warning	This call site is reachable on all platforms. 'WindowsIdentity.Dispose()' is only supported on: 'windows'. (https://learn.microsoft.com/dotnet/fundamentals/code-analysis/quality-rules/ca1416)
warning	SYSLIB0003	src/System.Web.ReferenceSource/Routing/PageRouteHandler.cs	70	10	Routing	warning	'SecurityPermissionAttribute' is obsolete: 'Code Access Security is not supported or honored by the runtime.' (https://aka.ms/dotnet-warnings/SYSLIB0003)
warning	SYSLIB0003	src/System.Web.ReferenceSource/Routing/PageRouteHandler.cs	70	29	Routing	warning	'SecurityAction' is obsolete: 'Code Access Security is not supported or honored by the runtime.' (https://aka.ms/dotnet-warnings/SYSLIB0003)
warning	SYSLIB0013	src/System.Web.ReferenceSource/Routing/ParsedRoute.cs	668	29	Routing	warning	'Uri.EscapeUriString(string)' is obsolete: 'Uri.EscapeUriString can corrupt the Uri string in some cases. Consider using Uri.EscapeDataString for query string components instead.' (https://aka.ms/dotnet-warnings/SYSLIB0013)
warning	SYSLIB0003	src/System.Web.ReferenceSource/Security/ADMembershipProvider.cs	53	6	Security	warning	'DirectoryServicesPermissionAttribute' is obsolete: 'Code Access Security is not supported or honored by the runtime.' (https://aka.ms/dotnet-warnings/SYSLIB0003)
warning	SYSLIB0003	src/System.Web.ReferenceSource/Security/ADMembershipProvider.cs	53	34	Security	warning	'SecurityAction' is obsolete: 'Code Access Security is not supported or honored by the runtime.' (https://aka.ms/dotnet-warnings/SYSLIB0003)
warning	SYSLIB0003	src/System.Web.ReferenceSource/Security/ADMembershipProvider.cs	54	6	Security	warning	'DirectoryServicesPermissionAttribute' is obsolete: 'Code Access Security is not supported or honored by the runtime.' (https://aka.ms/dotnet-warnings/SYSLIB0003)
warning	SYSLIB0003	src/System.Web.ReferenceSource/Security/ADMembershipProvider.cs	54	34	Security	warning	'SecurityAction' is obsolete: 'Code Access Security is not supported or honored by the runtime.' (https://aka.ms/dotnet-warnings/SYSLIB0003)
warning	SYSLIB0003	src/System.Web.ReferenceSource/Security/ADMembershipProvider.cs	305	10	Security	warning	'DirectoryServicesPermissionAttribute' is obsolete: 'Code Access Security is not supported or honored by the runtime.' (https://aka.ms/dotnet-warnings/SYSLIB0003)
warning	SYSLIB0003	src/System.Web.ReferenceSource/Security/ADMembershipProvider.cs	305	38	Security	warning	'SecurityAction' is obsolete: 'Code Access Security is not supported or honored by the runtime.' (https://aka.ms/dotnet-warnings/SYSLIB0003)
warning	SYSLIB0003	src/System.Web.ReferenceSource/Security/ADMembershipProvider.cs	306	10	Security	warning	'DirectoryServicesPermissionAttribute' is obsolete: 'Code Access Security is not supported or honored by the runtime.' (https://aka.ms/dotnet-warnings/SYSLIB0003)
warning	SYSLIB0003	src/System.Web.ReferenceSource/Security/ADMembershipProvider.cs	306	38	Security	warning	'SecurityAction' is obsolete: 'Code Access Security is not supported or honored by the runtime.' (https://aka.ms/dotnet-warnings/SYSLIB0003)
warning	SYSLIB0003	src/System.Web.ReferenceSource/Security/ADMembershipProvider.cs	307	10	Security	warning	'DirectoryServicesPermissionAttribute' is obsolete: 'Code Access Security is not supported or honored by the runtime.' (https://aka.ms/dotnet-warnings/SYSLIB0003)
warning	SYSLIB0003	src/System.Web.ReferenceSource/Security/ADMembershipProvider.cs	307	38	Security	warning	'SecurityAction' is obsolete: 'Code Access Security is not supported or honored by the runtime.' (https://aka.ms/dotnet-warnings/SYSLIB0003)
warning	SYSLIB0003	src/System.Web.ReferenceSource/Security/ADMembershipProvider.cs	637	10	Security	warning	'DirectoryServicesPermissionAttribute' is obsolete: 'Code Access Security is not supported or honored by the runtime.' (https://aka.ms/dotnet-warnings/SYSLIB0003)
warning	SYSLIB0003	src/System.Web.ReferenceSource/Security/ADMembershipProvider.cs	637	38	Security	warning	'SecurityAction' is obsolete: 'Code Access Security is not supported or honored by the runtime.' (https://aka.ms/dotnet-warnings/SYSLIB0003)
warning	SYSLIB0003	src/System.Web.ReferenceSource/Security/ADMembershipProvider.cs	638	10	Security	warning	'DirectoryServicesPermissionAttribute' is obsolete: 'Code Access Security is not supported or honored by the runtime.' (https://aka.ms/dotnet-warnings/SYSLIB0003)
warning	SYSLIB0003	src/System.Web.ReferenceSource/Security/ADMembershipProvider.cs	638	38	Security	warning	'SecurityAction' is obsolete: 'Code Access Security is not supported or honored by the runtime.' (https://aka.ms/dotnet-warnings/SYSLIB0003)
warning	SYSLIB0003	src/System.Web.ReferenceSource/Security/ADMembershipProvider.cs	639	10	Security	warning	'DirectoryServicesPermissionAttribute' is obsolete: 'Code Access Security is not supported or honored by the runtime.' (https://aka.ms/dotnet-warnings/SYSLIB0003)
warning	SYSLIB0003	src/System.Web.ReferenceSource/Security/ADMembershipProvider.cs	639	38	Security	warning	'SecurityAction' is obsolete: 'Code Access Security is not supported or honored by the runtime.' (https://aka.ms/dotnet-warnings/SYSLIB0003)
warning	CA1416	src/System.Web.ReferenceSource/Security/ADMembershipProvider.cs	773	21	Security	warning	This call site is reachable on all platforms. 'DirectoryEntry.AuthenticationType' is only supported on: 'windows'. (https://learn.microsoft.com/dotnet/fundamentals/code-analysis/quality-rules/ca1416)
warning	CA1416	src/System.Web.ReferenceSource/Security/ADMembershipProvider.cs	773	58	Security	warning	This call site is reachable on all platforms. 'AuthenticationTypes.FastBind' is only supported on: 'windows'. (https://learn.microsoft.com/dotnet/fundamentals/code-analysis/quality-rules/ca1416)
warning	CA1416	src/System.Web.ReferenceSource/Security/ADMembershipProvider.cs	778	33	Security	warning	This call site is reachable on all platforms. 'DirectoryEntries.Add(string, string)' is only supported on: 'windows'. (https://learn.microsoft.com/dotnet/fundamentals/code-analysis/quality-rules/ca1416)
warning	CA1416	src/System.Web.ReferenceSource/Security/ADMembershipProvider.cs	778	33	Security	warning	This call site is reachable on all platforms. 'DirectoryEntry.Children' is only supported on: 'windows'. (https://learn.microsoft.com/dotnet/fundamentals/code-analysis/quality-rules/ca1416)
warning	CA1416	src/System.Web.ReferenceSource/Security/ADMembershipProvider.cs	797	68	Security	warning	This call site is reachable on all platforms. 'DirectoryEntry.Options' is only supported on: 'windows'. (https://learn.microsoft.com/dotnet/fundamentals/code-analysis/quality-rules/ca1416)
warning	CA1416	src/System.Web.ReferenceSource/Security/ADMembershipProvider.cs	797	68	Security	warning	This call site is reachable on all platforms. 'DirectoryEntryConfiguration.GetCurrentServerName()' is only supported on: 'windows'. (https://learn.microsoft.com/dotnet/fundamentals/code-analysis/quality-rules/ca1416)
warning	CA1416	src/System.Web.ReferenceSource/Security/ADMembershipProvider.cs	807	29	Security	warning	This call site is reachable on all platforms. 'DirectoryEntry.Properties' is only supported on: 'windows'. (https://learn.microsoft.com/dotnet/fundamentals/code-analysis/quality-rules/ca1416)
warning	CA1416	src/System.Web.ReferenceSource/Security/ADMembershipProvider.cs	807	29	Security	warning	This call site is reachable on all platforms. 'PropertyCollection.this[string]' is only supported on: 'windows'. (https://learn.microsoft.com/dotnet/fundamentals/code-analysis/quality-rules/ca1416)
warning	CA1416	src/System.Web.ReferenceSource/Security/ADMembershipProvider.cs	807	29	Security	warning	This call site is reachable on all platforms. 'PropertyValueCollection.Value' is only supported on: 'windows'. (https://learn.microsoft.com/dotnet/fundamentals/code-analysis/quality-rules/ca1416)
warning	CA1416	src/System.Web.ReferenceSource/Security/ADMembershipProvider.cs	823	25	Security	warning	This call site is reachable on all platforms. 'DirectoryEntry.Properties' is only supported on: 'windows'. (https://learn.microsoft.com/dotnet/fundamentals/code-analysis/quality-rules/ca1416)
warning	CA1416	src/System.Web.ReferenceSource/Security/ADMembershipProvider.cs	823	25	Security	warning	This call site is reachable on all platforms. 'PropertyCollection.this[string]' is only supported on: 'windows'. (https://learn.microsoft.com/dotnet/fundamentals/code-analysis/quality-rules/ca1416)
warning	CA1416	src/System.Web.ReferenceSource/Security/ADMembershipProvider.cs	823	25	Security	warning	This call site is reachable on all platforms. 'PropertyValueCollection.Value' is only supported on: 'windows'. (https://learn.microsoft.com/dotnet/fundamentals/code-analysis/quality-rules/ca1416)
warning	CA1416	src/System.Web.ReferenceSource/Security/ADMembershipProvider.cs	836	25	Security	warning	This call site is reachable on all platforms. 'DirectoryEntry.Properties' is only supported on: 'windows'. (https://learn.microsoft.com/dotnet/fundamentals/code-analysis/quality-rules/ca1416)
warning	CA1416	src/System.Web.ReferenceSource/Security/ADMembershipProvider.cs	836	25	Security	warning	This call site is reachable on all platforms. 'PropertyCollection.this[string]' is only supported on: 'windows'. (https://learn.microsoft.com/dotnet/fundamentals/code-analysis/quality-rules/ca1416)
warning	CA1416	src/System.Web.ReferenceSource/Security/ADMembershipProvider.cs	836	25	Security	warning	This call site is reachable on all platforms. 'PropertyValueCollection.Value' is only supported on: 'windows'. (https://learn.microsoft.com/dotnet/fundamentals/code-analysis/quality-rules/ca1416)
warning	CA1416	src/System.Web.ReferenceSource/Security/ADMembershipProvider.cs	840	25	Security	warning	This call site is reachable on all platforms. 'DirectoryEntry.Properties' is only supported on: 'windows'. (https://learn.microsoft.com/dotnet/fundamentals/code-analysis/quality-rules/ca1416)
warning	CA1416	src/System.Web.ReferenceSource/Security/ADMembershipProvider.cs	840	25	Security	warning	This call site is reachable on all platforms. 'PropertyCollection.this[string]' is only supported on: 'windows'. (https://learn.microsoft.com/dotnet/fundamentals/code-analysis/quality-rules/ca1416)
warning	CA1416	src/System.Web.ReferenceSource/Security/ADMembershipProvider.cs	840	25	Security	warning	This call site is reachable on all platforms. 'PropertyValueCollection.Value' is only supported on: 'windows'. (https://learn.microsoft.com/dotnet/fundamentals/code-analysis/quality-rules/ca1416)
warning	CA1416	src/System.Web.ReferenceSource/Security/ADMembershipProvider.cs	843	25	Security	warning	This call site is reachable on all platforms. 'DirectoryEntry.Properties' is only supported on: 'windows'. (https://learn.microsoft.com/dotnet/fundamentals/code-analysis/quality-rules/ca1416)
warning	CA1416	src/System.Web.ReferenceSource/Security/ADMembershipProvider.cs	843	25	Security	warning	This call site is reachable on all platforms. 'PropertyCollection.this[string]' is only supported on: 'windows'. (https://learn.microsoft.com/dotnet/fundamentals/code-analysis/quality-rules/ca1416)
warning	CA1416	src/System.Web.ReferenceSource/Security/ADMembershipProvider.cs	843	25	Security	warning	This call site is reachable on all platforms. 'PropertyValueCollection.Value' is only supported on: 'windows'. (https://learn.microsoft.com/dotnet/fundamentals/code-analysis/quality-rules/ca1416)
warning	CA1416	src/System.Web.ReferenceSource/Security/ADMembershipProvider.cs	850	25	Security	warning	This call site is reachable on all platforms. 'DirectoryEntry.CommitChanges()' is only supported on: 'windows'. (https://learn.microsoft.com/dotnet/fundamentals/code-analysis/quality-rules/ca1416)
warning	CA1416	src/System.Web.ReferenceSource/Security/ADMembershipProvider.cs	867	33	Security	warning	This call site is reachable on all platforms. 'DirectoryServicesCOMException.ExtendedError' is only supported on: 'windows'. (https://learn.microsoft.com/dotnet/fundamentals/code-analysis/quality-rules/ca1416)
warning	CA1416	src/System.Web.ReferenceSource/Security/ADMembershipProvider.cs	889	25	Security	warning	This call site is reachable on all platforms. 'DirectoryEntry.Invoke(string, params object?[]?)' is only supported on: 'windows'. (https://learn.microsoft.com/dotnet/fundamentals/code-analysis/quality-rules/ca1416)
warning	CA1416	src/System.Web.ReferenceSource/Security/ADMembershipProvider.cs	903	33	Security	warning	This call site is reachable on all platforms. 'DirectoryEntry.Properties' is only supported on: 'windows'. (https://learn.microsoft.com/dotnet/fundamentals/code-analysis/quality-rules/ca1416)
warning	CA1416	src/System.Web.ReferenceSource/Security/ADMembershipProvider.cs	903	33	Security	warning	This call site is reachable on all platforms. 'PropertyCollection.this[string]' is only supported on: 'windows'. (https://learn.microsoft.com/dotnet/fundamentals/code-analysis/quality-rules/ca1416)
warning	CA1416	src/System.Web.ReferenceSource/Security/ADMembershipProvider.cs	903	33	Security	warning	This call site is reachable on all platforms. 'PropertyValueCollection.Value' is only supported on: 'windows'. (https://learn.microsoft.com/dotnet/fundamentals/code-analysis/quality-rules/ca1416)
warning	CA1416	src/System.Web.ReferenceSource/Security/ADMembershipProvider.cs	908	33	Security	warning	This call site is reachable on all platforms. 'DirectoryEntry.Properties' is only supported on: 'windows'. (https://learn.microsoft.com/dotnet/fundamentals/code-analysis/quality-rules/ca1416)
warning	CA1416	src/System.Web.ReferenceSource/Security/ADMembershipProvider.cs	908	33	Security	warning	This call site is reachable on all platforms. 'PropertyCollection.this[string]' is only supported on: 'windows'. (https://learn.microsoft.com/dotnet/fundamentals/code-analysis/quality-rules/ca1416)
warning	CA1416	src/System.Web.ReferenceSource/Security/ADMembershipProvider.cs	908	33	Security	warning	This call site is reachable on all platforms. 'PropertyValueCollection.Value' is only supported on: 'windows'. (https://learn.microsoft.com/dotnet/fundamentals/code-analysis/quality-rules/ca1416)
warning	CA1416	src/System.Web.ReferenceSource/Security/ADMembershipProvider.cs	910	29	Security	warning	This call site is reachable on all platforms. 'DirectoryEntry.CommitChanges()' is only supported on: 'windows'. (https://learn.microsoft.com/dotnet/fundamentals/code-analysis/quality-rules/ca1416)
warning	CA1416	src/System.Web.ReferenceSource/Security/ADMembershipProvider.cs	920	33	Security	warning	This call site is reachable on all platforms. 'DirectoryEntry.Properties' is only supported on: 'windows'. (https://learn.microsoft.com/dotnet/fundamentals/code-analysis/quality-rules/ca1416)
warning	CA1416	src/System.Web.ReferenceSource/Security/ADMembershipProvider.cs	920	33	Security	warning	This call site is reachable on all platforms. 'PropertyCollection.this[string]' is only supported on: 'windows'. (https://learn.microsoft.com/dotnet/fundamentals/code-analysis/quality-rules/ca1416)
warning	CA1416	src/System.Web.ReferenceSource/Security/ADMembershipProvider.cs	920	33	Security	warning	This call site is reachable on all platforms. 'PropertyValueCollection.Value' is only supported on: 'windows'. (https://learn.microsoft.com/dotnet/fundamentals/code-analysis/quality-rules/ca1416)
warning	CA1416	src/System.Web.ReferenceSource/Security/ADMembershipProvider.cs	921	33	Security	warning	This call site is reachable on all platforms. 'DirectoryEntry.CommitChanges()' is only supported on: 'windows'. (https://learn.microsoft.com/dotnet/fundamentals/code-analysis/quality-rules/ca1416)
warning	CA1416	src/System.Web.ReferenceSource/Security/ADMembershipProvider.cs	931	59	Security	warning	This call site is reachable on all platforms. 'DirectoryEntry' is only supported on: 'windows'. (https://learn.microsoft.com/dotnet/fundamentals/code-analysis/quality-rules/ca1416)
warning	CA1416	src/System.Web.ReferenceSource/Security/ADMembershipProvider.cs	932	29	Security	warning	This call site is reachable on all platforms. 'DirectoryEntry.Properties' is only supported on: 'windows'. (https://learn.microsoft.com/dotnet/fundamentals/code-analysis/quality-rules/ca1416)
warning	CA1416	src/System.Web.ReferenceSource/Security/ADMembershipProvider.cs	932	29	Security	warning	This call site is reachable on all platforms. 'PropertyCollection.this[string]' is only supported on: 'windows'. (https://learn.microsoft.com/dotnet/fundamentals/code-analysis/quality-rules/ca1416)
warning	CA1416	src/System.Web.ReferenceSource/Security/ADMembershipProvider.cs	932	29	Security	warning	This call site is reachable on all platforms. 'PropertyValueCollection.Add(object?)' is only supported on: 'windows'. (https://learn.microsoft.com/dotnet/fundamentals/code-analysis/quality-rules/ca1416)
warning	CA1416	src/System.Web.ReferenceSource/Security/ADMembershipProvider.cs	933	29	Security	warning	This call site is reachable on all platforms. 'DirectoryEntry.CommitChanges()' is only supported on: 'windows'. (https://learn.microsoft.com/dotnet/fundamentals/code-analysis/quality-rules/ca1416)
warning	CA1416	src/System.Web.ReferenceSource/Security/ADMembershipProvider.cs	942	25	Security	warning	This call site is reachable on all platforms. 'DirectoryEntries.Remove(DirectoryEntry)' is only supported on: 'windows'. (https://learn.microsoft.com/dotnet/fundamentals/code-analysis/quality-rules/ca1416)
warning	CA1416	src/System.Web.ReferenceSource/Security/ADMembershipProvider.cs	942	25	Security	warning	This call site is reachable on all platforms. 'DirectoryEntry.Children' is only supported on: 'windows'. (https://learn.microsoft.com/dotnet/fundamentals/code-analysis/quality-rules/ca1416)
warning	CA1416	src/System.Web.ReferenceSource/Security/ADMembershipProvider.cs	947	25	Security	warning	This call site is reachable on all platforms. 'DirectoryEntries.Remove(DirectoryEntry)' is only supported on: 'windows'. (https://learn.microsoft.com/dotnet/fundamentals/code-analysis/quality-rules/ca1416)
warning	CA1416	src/System.Web.ReferenceSource/Security/ADMembershipProvider.cs	947	25	Security	warning	This call site is reachable on all platforms. 'DirectoryEntry.Children' is only supported on: 'windows'. (https://learn.microsoft.com/dotnet/fundamentals/code-analysis/quality-rules/ca1416)
warning	CA1416	src/System.Web.ReferenceSource/Security/ADMembershipProvider.cs	952	25	Security	warning	This call site is reachable on all platforms. 'DirectoryEntries.Remove(DirectoryEntry)' is only supported on: 'windows'. (https://learn.microsoft.com/dotnet/fundamentals/code-analysis/quality-rules/ca1416)
warning	CA1416	src/System.Web.ReferenceSource/Security/ADMembershipProvider.cs	952	25	Security	warning	This call site is reachable on all platforms. 'DirectoryEntry.Children' is only supported on: 'windows'. (https://learn.microsoft.com/dotnet/fundamentals/code-analysis/quality-rules/ca1416)
warning	CA1416	src/System.Web.ReferenceSource/Security/ADMembershipProvider.cs	987	67	Security	warning	This call site is reachable on all platforms. 'SearchScope.Base' is only supported on: 'windows'. (https://learn.microsoft.com/dotnet/fundamentals/code-analysis/quality-rules/ca1416)
warning	SYSLIB0003	src/System.Web.ReferenceSource/Security/ADMembershipProvider.cs	1008	10	Security	warning	'DirectoryServicesPermissionAttribute' is obsolete: 'Code Access Security is not supported or honored by the runtime.' (https://aka.ms/dotnet-warnings/SYSLIB0003)
warning	SYSLIB0003	src/System.Web.ReferenceSource/Security/ADMembershipProvider.cs	1008	38	Security	warning	'SecurityAction' is obsolete: 'Code Access Security is not supported or honored by the runtime.' (https://aka.ms/dotnet-warnings/SYSLIB0003)
warning	SYSLIB0003	src/System.Web.ReferenceSource/Security/ADMembershipProvider.cs	1009	10	Security	warning	'DirectoryServicesPermissionAttribute' is obsolete: 'Code Access Security is not supported or honored by the runtime.' (https://aka.ms/dotnet-warnings/SYSLIB0003)
warning	SYSLIB0003	src/System.Web.ReferenceSource/Security/ADMembershipProvider.cs	1009	38	Security	warning	'SecurityAction' is obsolete: 'Code Access Security is not supported or honored by the runtime.' (https://aka.ms/dotnet-warnings/SYSLIB0003)
warning	SYSLIB0003	src/System.Web.ReferenceSource/Security/ADMembershipProvider.cs	1010	10	Security	warning	'DirectoryServicesPermissionAttribute' is obsolete: 'Code Access Security is not supported or honored by the runtime.' (https://aka.ms/dotnet-warnings/SYSLIB0003)
warning	SYSLIB0003	src/System.Web.ReferenceSource/Security/ADMembershipProvider.cs	1010	38	Security	warning	'SecurityAction' is obsolete: 'Code Access Security is not supported or honored by the runtime.' (https://aka.ms/dotnet-warnings/SYSLIB0003)
warning	CA1416	src/System.Web.ReferenceSource/Security/ADMembershipProvider.cs	1135	25	Security	warning	This call site is reachable on all platforms. 'DirectoryEntry.Properties' is only supported on: 'windows'. (https://learn.microsoft.com/dotnet/fundamentals/code-analysis/quality-rules/ca1416)
warning	CA1416	src/System.Web.ReferenceSource/Security/ADMembershipProvider.cs	1135	25	Security	warning	This call site is reachable on all platforms. 'PropertyCollection.this[string]' is only supported on: 'windows'. (https://learn.microsoft.com/dotnet/fundamentals/code-analysis/quality-rules/ca1416)
warning	CA1416	src/System.Web.ReferenceSource/Security/ADMembershipProvider.cs	1135	25	Security	warning	This call site is reachable on all platforms. 'PropertyValueCollection.Value' is only supported on: 'windows'. (https://learn.microsoft.com/dotnet/fundamentals/code-analysis/quality-rules/ca1416)
warning	CA1416	src/System.Web.ReferenceSource/Security/ADMembershipProvider.cs	1136	25	Security	warning	This call site is reachable on all platforms. 'DirectoryEntry.Properties' is only supported on: 'windows'. (https://learn.microsoft.com/dotnet/fundamentals/code-analysis/quality-rules/ca1416)
warning	CA1416	src/System.Web.ReferenceSource/Security/ADMembershipProvider.cs	1136	25	Security	warning	This call site is reachable on all platforms. 'PropertyCollection.this[string]' is only supported on: 'windows'. (https://learn.microsoft.com/dotnet/fundamentals/code-analysis/quality-rules/ca1416)
warning	CA1416	src/System.Web.ReferenceSource/Security/ADMembershipProvider.cs	1136	25	Security	warning	This call site is reachable on all platforms. 'PropertyValueCollection.Value' is only supported on: 'windows'. (https://learn.microsoft.com/dotnet/fundamentals/code-analysis/quality-rules/ca1416)
warning	CA1416	src/System.Web.ReferenceSource/Security/ADMembershipProvider.cs	1137	25	Security	warning	This call site is reachable on all platforms. 'DirectoryEntry.Properties' is only supported on: 'windows'. (https://learn.microsoft.com/dotnet/fundamentals/code-analysis/quality-rules/ca1416)
warning	CA1416	src/System.Web.ReferenceSource/Security/ADMembershipProvider.cs	1137	25	Security	warning	This call site is reachable on all platforms. 'PropertyCollection.this[string]' is only supported on: 'windows'. (https://learn.microsoft.com/dotnet/fundamentals/code-analysis/quality-rules/ca1416)
warning	CA1416	src/System.Web.ReferenceSource/Security/ADMembershipProvider.cs	1137	25	Security	warning	This call site is reachable on all platforms. 'PropertyValueCollection.Value' is only supported on: 'windows'. (https://learn.microsoft.com/dotnet/fundamentals/code-analysis/quality-rules/ca1416)
warning	CA1416	src/System.Web.ReferenceSource/Security/ADMembershipProvider.cs	1143	72	Security	warning	This call site is reachable on all platforms. 'DirectoryEntry.Properties' is only supported on: 'windows'. (https://learn.microsoft.com/dotnet/fundamentals/code-analysis/quality-rules/ca1416)
warning	CA1416	src/System.Web.ReferenceSource/Security/ADMembershipProvider.cs	1143	72	Security	warning	This call site is reachable on all platforms. 'PropertyCollection.Contains(string)' is only supported on: 'windows'. (https://learn.microsoft.com/dotnet/fundamentals/code-analysis/quality-rules/ca1416)
warning	CA1416	src/System.Web.ReferenceSource/Security/ADMembershipProvider.cs	1144	29	Security	warning	This call site is reachable on all platforms. 'DirectoryEntry.Properties' is only supported on: 'windows'. (https://learn.microsoft.com/dotnet/fundamentals/code-analysis/quality-rules/ca1416)
warning	CA1416	src/System.Web.ReferenceSource/Security/ADMembershipProvider.cs	1144	29	Security	warning	This call site is reachable on all platforms. 'PropertyCollection.this[string]' is only supported on: 'windows'. (https://learn.microsoft.com/dotnet/fundamentals/code-analysis/quality-rules/ca1416)
warning	CA1416	src/System.Web.ReferenceSource/Security/ADMembershipProvider.cs	1147	25	Security	warning	This call site is reachable on all platforms. 'DirectoryEntry.Properties' is only supported on: 'windows'. (https://learn.microsoft.com/dotnet/fundamentals/code-analysis/quality-rules/ca1416)
warning	CA1416	src/System.Web.ReferenceSource/Security/ADMembershipProvider.cs	1147	25	Security	warning	This call site is reachable on all platforms. 'PropertyCollection.this[string]' is only supported on: 'windows'. (https://learn.microsoft.com/dotnet/fundamentals/code-analysis/quality-rules/ca1416)
warning	CA1416	src/System.Web.ReferenceSource/Security/ADMembershipProvider.cs	1147	25	Security	warning	This call site is reachable on all platforms. 'PropertyValueCollection.Value' is only supported on: 'windows'. (https://learn.microsoft.com/dotnet/fundamentals/code-analysis/quality-rules/ca1416)
warning	CA1416	src/System.Web.ReferenceSource/Security/ADMembershipProvider.cs	1152	70	Security	warning	This call site is reachable on all platforms. 'DirectoryEntry.Properties' is only supported on: 'windows'. (https://learn.microsoft.com/dotnet/fundamentals/code-analysis/quality-rules/ca1416)
warning	CA1416	src/System.Web.ReferenceSource/Security/ADMembershipProvider.cs	1152	70	Security	warning	This call site is reachable on all platforms. 'PropertyCollection.Contains(string)' is only supported on: 'windows'. (https://learn.microsoft.com/dotnet/fundamentals/code-analysis/quality-rules/ca1416)
warning	CA1416	src/System.Web.ReferenceSource/Security/ADMembershipProvider.cs	1153	29	Security	warning	This call site is reachable on all platforms. 'DirectoryEntry.Properties' is only supported on: 'windows'. (https://learn.microsoft.com/dotnet/fundamentals/code-analysis/quality-rules/ca1416)
warning	CA1416	src/System.Web.ReferenceSource/Security/ADMembershipProvider.cs	1153	29	Security	warning	This call site is reachable on all platforms. 'PropertyCollection.this[string]' is only supported on: 'windows'. (https://learn.microsoft.com/dotnet/fundamentals/code-analysis/quality-rules/ca1416)
warning	CA1416	src/System.Web.ReferenceSource/Security/ADMembershipProvider.cs	1156	25	Security	warning	This call site is reachable on all platforms. 'DirectoryEntry.Properties' is only supported on: 'windows'. (https://learn.microsoft.com/dotnet/fundamentals/code-analysis/quality-rules/ca1416)
warning	CA1416	src/System.Web.ReferenceSource/Security/ADMembershipProvider.cs	1156	25	Security	warning	This call site is reachable on all platforms. 'PropertyCollection.this[string]' is only supported on: 'windows'. (https://learn.microsoft.com/dotnet/fundamentals/code-analysis/quality-rules/ca1416)
warning	CA1416	src/System.Web.ReferenceSource/Security/ADMembershipProvider.cs	1156	25	Security	warning	This call site is reachable on all platforms. 'PropertyValueCollection.Value' is only supported on: 'windows'. (https://learn.microsoft.com/dotnet/fundamentals/code-analysis/quality-rules/ca1416)
warning	CA1416	src/System.Web.ReferenceSource/Security/ADMembershipProvider.cs	1158	21	Security	warning	This call site is reachable on all platforms. 'DirectoryEntry.CommitChanges()' is only supported on: 'windows'. (https://learn.microsoft.com/dotnet/fundamentals/code-analysis/quality-rules/ca1416)
warning	SYSLIB0003	src/System.Web.ReferenceSource/Security/ADMembershipProvider.cs	1190	10	Security	warning	'DirectoryServicesPermissionAttribute' is obsolete: 'Code Access Security is not supported or honored by the runtime.' (https://aka.ms/dotnet-warnings/SYSLIB0003)
warning	SYSLIB0003	src/System.Web.ReferenceSource/Security/ADMembershipProvider.cs	1190	38	Security	warning	'SecurityAction' is obsolete: 'Code Access Security is not supported or honored by the runtime.' (https://aka.ms/dotnet-warnings/SYSLIB0003)
warning	SYSLIB0003	src/System.Web.ReferenceSource/Security/ADMembershipProvider.cs	1191	10	Security	warning	'DirectoryServicesPermissionAttribute' is obsolete: 'Code Access Security is not supported or honored by the runtime.' (https://aka.ms/dotnet-warnings/SYSLIB0003)
warning	SYSLIB0003	src/System.Web.ReferenceSource/Security/ADMembershipProvider.cs	1191	38	Security	warning	'SecurityAction' is obsolete: 'Code Access Security is not supported or honored by the runtime.' (https://aka.ms/dotnet-warnings/SYSLIB0003)
warning	SYSLIB0003	src/System.Web.ReferenceSource/Security/ADMembershipProvider.cs	1192	10	Security	warning	'DirectoryServicesPermissionAttribute' is obsolete: 'Code Access Security is not supported or honored by the runtime.' (https://aka.ms/dotnet-warnings/SYSLIB0003)
warning	SYSLIB0003	src/System.Web.ReferenceSource/Security/ADMembershipProvider.cs	1192	38	Security	warning	'SecurityAction' is obsolete: 'Code Access Security is not supported or honored by the runtime.' (https://aka.ms/dotnet-warnings/SYSLIB0003)
warning	CA1416	src/System.Web.ReferenceSource/Security/ADMembershipProvider.cs	1321	21	Security	warning	This call site is reachable on all platforms. 'DirectoryEntry.Username' is only supported on: 'windows'. (https://learn.microsoft.com/dotnet/fundamentals/code-analysis/quality-rules/ca1416)
warning	CA1416	src/System.Web.ReferenceSource/Security/ADMembershipProvider.cs	1322	21	Security	warning	This call site is reachable on all platforms. 'DirectoryEntry.Password' is only supported on: 'windows'. (https://learn.microsoft.com/dotnet/fundamentals/code-analysis/quality-rules/ca1416)
warning	CA1416	src/System.Web.ReferenceSource/Security/ADMembershipProvider.cs	1323	21	Security	warning	This call site is reachable on all platforms. 'DirectoryEntry.AuthenticationType' is only supported on: 'windows'. (https://learn.microsoft.com/dotnet/fundamentals/code-analysis/quality-rules/ca1416)
warning	CA1416	src/System.Web.ReferenceSource/Security/ADMembershipProvider.cs	1332	25	Security	warning	This call site is reachable on all platforms. 'DirectoryEntry.Invoke(string, params object?[]?)' is only supported on: 'windows'. (https://learn.microsoft.com/dotnet/fundamentals/code-analysis/quality-rules/ca1416)
warning	CA1416	src/System.Web.ReferenceSource/Security/ADMembershipProvider.cs	1373	25	Security	warning	This call site is reachable on all platforms. 'DirectoryEntry.Username' is only supported on: 'windows'. (https://learn.microsoft.com/dotnet/fundamentals/code-analysis/quality-rules/ca1416)
warning	CA1416	src/System.Web.ReferenceSource/Security/ADMembershipProvider.cs	1374	25	Security	warning	This call site is reachable on all platforms. 'DirectoryEntry.Password' is only supported on: 'windows'. (https://learn.microsoft.com/dotnet/fundamentals/code-analysis/quality-rules/ca1416)
warning	CA1416	src/System.Web.ReferenceSource/Security/ADMembershipProvider.cs	1375	25	Security	warning	This call site is reachable on all platforms. 'DirectoryEntry.AuthenticationType' is only supported on: 'windows'. (https://learn.microsoft.com/dotnet/fundamentals/code-analysis/quality-rules/ca1416)
warning	SYSLIB0003	src/System.Web.ReferenceSource/Security/ADMembershipProvider.cs	1404	10	Security	warning	'DirectoryServicesPermissionAttribute' is obsolete: 'Code Access Security is not supported or honored by the runtime.' (https://aka.ms/dotnet-warnings/SYSLIB0003)
warning	SYSLIB0003	src/System.Web.ReferenceSource/Security/ADMembershipProvider.cs	1404	38	Security	warning	'SecurityAction' is obsolete: 'Code Access Security is not supported or honored by the runtime.' (https://aka.ms/dotnet-warnings/SYSLIB0003)
warning	SYSLIB0003	src/System.Web.ReferenceSource/Security/ADMembershipProvider.cs	1405	10	Security	warning	'DirectoryServicesPermissionAttribute' is obsolete: 'Code Access Security is not supported or honored by the runtime.' (https://aka.ms/dotnet-warnings/SYSLIB0003)
warning	SYSLIB0003	src/System.Web.ReferenceSource/Security/ADMembershipProvider.cs	1405	38	Security	warning	'SecurityAction' is obsolete: 'Code Access Security is not supported or honored by the runtime.' (https://aka.ms/dotnet-warnings/SYSLIB0003)
warning	SYSLIB0003	src/System.Web.ReferenceSource/Security/ADMembershipProvider.cs	1406	10	Security	warning	'DirectoryServicesPermissionAttribute' is obsolete: 'Code Access Security is not supported or honored by the runtime.' (https://aka.ms/dotnet-warnings/SYSLIB0003)
warning	SYSLIB0003	src/System.Web.ReferenceSource/Security/ADMembershipProvider.cs	1406	38	Security	warning	'SecurityAction' is obsolete: 'Code Access Security is not supported or honored by the runtime.' (https://aka.ms/dotnet-warnings/SYSLIB0003)
warning	CA1416	src/System.Web.ReferenceSource/Security/ADMembershipProvider.cs	1480	21	Security	warning	This call site is reachable on all platforms. 'DirectoryEntry.Invoke(string, params object?[]?)' is only supported on: 'windows'. (https://learn.microsoft.com/dotnet/fundamentals/code-analysis/quality-rules/ca1416)
warning	SYSLIB0003	src/System.Web.ReferenceSource/Security/ADMembershipProvider.cs	1530	10	Security	warning	'DirectoryServicesPermissionAttribute' is obsolete: 'Code Access Security is not supported or honored by the runtime.' (https://aka.ms/dotnet-warnings/SYSLIB0003)
warning	SYSLIB0003	src/System.Web.ReferenceSource/Security/ADMembershipProvider.cs	1530	38	Security	warning	'SecurityAction' is obsolete: 'Code Access Security is not supported or honored by the runtime.' (https://aka.ms/dotnet-warnings/SYSLIB0003)
warning	SYSLIB0003	src/System.Web.ReferenceSource/Security/ADMembershipProvider.cs	1531	10	Security	warning	'DirectoryServicesPermissionAttribute' is obsolete: 'Code Access Security is not supported or honored by the runtime.' (https://aka.ms/dotnet-warnings/SYSLIB0003)
warning	SYSLIB0003	src/System.Web.ReferenceSource/Security/ADMembershipProvider.cs	1531	38	Security	warning	'SecurityAction' is obsolete: 'Code Access Security is not supported or honored by the runtime.' (https://aka.ms/dotnet-warnings/SYSLIB0003)
warning	SYSLIB0003	src/System.Web.ReferenceSource/Security/ADMembershipProvider.cs	1532	10	Security	warning	'DirectoryServicesPermissionAttribute' is obsolete: 'Code Access Security is not supported or honored by the runtime.' (https://aka.ms/dotnet-warnings/SYSLIB0003)
warning	SYSLIB0003	src/System.Web.ReferenceSource/Security/ADMembershipProvider.cs	1532	38	Security	warning	'SecurityAction' is obsolete: 'Code Access Security is not supported or honored by the runtime.' (https://aka.ms/dotnet-warnings/SYSLIB0003)
warning	CA1416	src/System.Web.ReferenceSource/Security/ADMembershipProvider.cs	1559	21	Security	warning	This call site is reachable on all platforms. 'DirectoryEntry.Properties' is only supported on: 'windows'. (https://learn.microsoft.com/dotnet/fundamentals/code-analysis/quality-rules/ca1416)
warning	CA1416	src/System.Web.ReferenceSource/Security/ADMembershipProvider.cs	1559	21	Security	warning	This call site is reachable on all platforms. 'PropertyCollection.this[string]' is only supported on: 'windows'. (https://learn.microsoft.com/dotnet/fundamentals/code-analysis/quality-rules/ca1416)
warning	CA1416	src/System.Web.ReferenceSource/Security/ADMembershipProvider.cs	1559	21	Security	warning	This call site is reachable on all platforms. 'PropertyValueCollection.Value' is only supported on: 'windows'. (https://learn.microsoft.com/dotnet/fundamentals/code-analysis/quality-rules/ca1416)
warning	CA1416	src/System.Web.ReferenceSource/Security/ADMembershipProvider.cs	1563	25	Security	warning	This call site is reachable on all platforms. 'DirectoryEntry.Properties' is only supported on: 'windows'. (https://learn.microsoft.com/dotnet/fundamentals/code-analysis/quality-rules/ca1416)
warning	CA1416	src/System.Web.ReferenceSource/Security/ADMembershipProvider.cs	1563	25	Security	warning	This call site is reachable on all platforms. 'PropertyCollection.this[string]' is only supported on: 'windows'. (https://learn.microsoft.com/dotnet/fundamentals/code-analysis/quality-rules/ca1416)
warning	CA1416	src/System.Web.ReferenceSource/Security/ADMembershipProvider.cs	1563	25	Security	warning	This call site is reachable on all platforms. 'PropertyValueCollection.Value' is only supported on: 'windows'. (https://learn.microsoft.com/dotnet/fundamentals/code-analysis/quality-rules/ca1416)
warning	CA1416	src/System.Web.ReferenceSource/Security/ADMembershipProvider.cs	1564	25	Security	warning	This call site is reachable on all platforms. 'DirectoryEntry.Properties' is only supported on: 'windows'. (https://learn.microsoft.com/dotnet/fundamentals/code-analysis/quality-rules/ca1416)
warning	CA1416	src/System.Web.ReferenceSource/Security/ADMembershipProvider.cs	1564	25	Security	warning	This call site is reachable on all platforms. 'PropertyCollection.this[string]' is only supported on: 'windows'. (https://learn.microsoft.com/dotnet/fundamentals/code-analysis/quality-rules/ca1416)
warning	CA1416	src/System.Web.ReferenceSource/Security/ADMembershipProvider.cs	1564	25	Security	warning	This call site is reachable on all platforms. 'PropertyValueCollection.Value' is only supported on: 'windows'. (https://learn.microsoft.com/dotnet/fundamentals/code-analysis/quality-rules/ca1416)
warning	CA1416	src/System.Web.ReferenceSource/Security/ADMembershipProvider.cs	1565	25	Security	warning	This call site is reachable on all platforms. 'DirectoryEntry.Properties' is only supported on: 'windows'. (https://learn.microsoft.com/dotnet/fundamentals/code-analysis/quality-rules/ca1416)
warning	CA1416	src/System.Web.ReferenceSource/Security/ADMembershipProvider.cs	1565	25	Security	warning	This call site is reachable on all platforms. 'PropertyCollection.this[string]' is only supported on: 'windows'. (https://learn.microsoft.com/dotnet/fundamentals/code-analysis/quality-rules/ca1416)
warning	CA1416	src/System.Web.ReferenceSource/Security/ADMembershipProvider.cs	1565	25	Security	warning	This call site is reachable on all platforms. 'PropertyValueCollection.Value' is only supported on: 'windows'. (https://learn.microsoft.com/dotnet/fundamentals/code-analysis/quality-rules/ca1416)
warning	CA1416	src/System.Web.ReferenceSource/Security/ADMembershipProvider.cs	1568	21	Security	warning	This call site is reachable on all platforms. 'DirectoryEntry.CommitChanges()' is only supported on: 'windows'. (https://learn.microsoft.com/dotnet/fundamentals/code-analysis/quality-rules/ca1416)
warning	SYSLIB0003	src/System.Web.ReferenceSource/Security/ADMembershipProvider.cs	1591	10	Security	warning	'DirectoryServicesPermissionAttribute' is obsolete: 'Code Access Security is not supported or honored by the runtime.' (https://aka.ms/dotnet-warnings/SYSLIB0003)
warning	SYSLIB0003	src/System.Web.ReferenceSource/Security/ADMembershipProvider.cs	1591	38	Security	warning	'SecurityAction' is obsolete: 'Code Access Security is not supported or honored by the runtime.' (https://aka.ms/dotnet-warnings/SYSLIB0003)
warning	SYSLIB0003	src/System.Web.ReferenceSource/Security/ADMembershipProvider.cs	1592	10	Security	warning	'DirectoryServicesPermissionAttribute' is obsolete: 'Code Access Security is not supported or honored by the runtime.' (https://aka.ms/dotnet-warnings/SYSLIB0003)
warning	SYSLIB0003	src/System.Web.ReferenceSource/Security/ADMembershipProvider.cs	1592	38	Security	warning	'SecurityAction' is obsolete: 'Code Access Security is not supported or honored by the runtime.' (https://aka.ms/dotnet-warnings/SYSLIB0003)
warning	SYSLIB0003	src/System.Web.ReferenceSource/Security/ADMembershipProvider.cs	1593	10	Security	warning	'DirectoryServicesPermissionAttribute' is obsolete: 'Code Access Security is not supported or honored by the runtime.' (https://aka.ms/dotnet-warnings/SYSLIB0003)
warning	SYSLIB0003	src/System.Web.ReferenceSource/Security/ADMembershipProvider.cs	1593	38	Security	warning	'SecurityAction' is obsolete: 'Code Access Security is not supported or honored by the runtime.' (https://aka.ms/dotnet-warnings/SYSLIB0003)
warning	CA1416	src/System.Web.ReferenceSource/Security/ADMembershipProvider.cs	1666	33	Security	warning	This call site is reachable on all platforms. 'DirectoryEntry.Properties' is only supported on: 'windows'. (https://learn.microsoft.com/dotnet/fundamentals/code-analysis/quality-rules/ca1416)
warning	CA1416	src/System.Web.ReferenceSource/Security/ADMembershipProvider.cs	1666	33	Security	warning	This call site is reachable on all platforms. 'PropertyCollection.Contains(string)' is only supported on: 'windows'. (https://learn.microsoft.com/dotnet/fundamentals/code-analysis/quality-rules/ca1416)
warning	CA1416	src/System.Web.ReferenceSource/Security/ADMembershipProvider.cs	1667	33	Security	warning	This call site is reachable on all platforms. 'DirectoryEntry.Properties' is only supported on: 'windows'. (https://learn.microsoft.com/dotnet/fundamentals/code-analysis/quality-rules/ca1416)
warning	CA1416	src/System.Web.ReferenceSource/Security/ADMembershipProvider.cs	1667	33	Security	warning	This call site is reachable on all platforms. 'PropertyCollection.this[string]' is only supported on: 'windows'. (https://learn.microsoft.com/dotnet/fundamentals/code-analysis/quality-rules/ca1416)
warning	CA1416	src/System.Web.ReferenceSource/Security/ADMembershipProvider.cs	1674	29	Security	warning	This call site is reachable on all platforms. 'DirectoryEntry.Properties' is only supported on: 'windows'. (https://learn.microsoft.com/dotnet/fundamentals/code-analysis/quality-rules/ca1416)
warning	CA1416	src/System.Web.ReferenceSource/Security/ADMembershipProvider.cs	1674	29	Security	warning	This call site is reachable on all platforms. 'PropertyCollection.this[string]' is only supported on: 'windows'. (https://learn.microsoft.com/dotnet/fundamentals/code-analysis/quality-rules/ca1416)
warning	CA1416	src/System.Web.ReferenceSource/Security/ADMembershipProvider.cs	1674	29	Security	warning	This call site is reachable on all platforms. 'PropertyValueCollection.Value' is only supported on: 'windows'. (https://learn.microsoft.com/dotnet/fundamentals/code-analysis/quality-rules/ca1416)
warning	CA1416	src/System.Web.ReferenceSource/Security/ADMembershipProvider.cs	1686	33	Security	warning	This call site is reachable on all platforms. 'DirectoryEntry.Properties' is only supported on: 'windows'. (https://learn.microsoft.com/dotnet/fundamentals/code-analysis/quality-rules/ca1416)
warning	CA1416	src/System.Web.ReferenceSource/Security/ADMembershipProvider.cs	1686	33	Security	warning	This call site is reachable on all platforms. 'PropertyCollection.Contains(string)' is only supported on: 'windows'. (https://learn.microsoft.com/dotnet/fundamentals/code-analysis/quality-rules/ca1416)
warning	CA1416	src/System.Web.ReferenceSource/Security/ADMembershipProvider.cs	1687	33	Security	warning	This call site is reachable on all platforms. 'DirectoryEntry.Properties' is only supported on: 'windows'. (https://learn.microsoft.com/dotnet/fundamentals/code-analysis/quality-rules/ca1416)
warning	CA1416	src/System.Web.ReferenceSource/Security/ADMembershipProvider.cs	1687	33	Security	warning	This call site is reachable on all platforms. 'PropertyCollection.this[string]' is only supported on: 'windows'. (https://learn.microsoft.com/dotnet/fundamentals/code-analysis/quality-rules/ca1416)
warning	CA1416	src/System.Web.ReferenceSource/Security/ADMembershipProvider.cs	1694	29	Security	warning	This call site is reachable on all platforms. 'DirectoryEntry.Properties' is only supported on: 'windows'. (https://learn.microsoft.com/dotnet/fundamentals/code-analysis/quality-rules/ca1416)
warning	CA1416	src/System.Web.ReferenceSource/Security/ADMembershipProvider.cs	1694	29	Security	warning	This call site is reachable on all platforms. 'PropertyCollection.this[string]' is only supported on: 'windows'. (https://learn.microsoft.com/dotnet/fundamentals/code-analysis/quality-rules/ca1416)
warning	CA1416	src/System.Web.ReferenceSource/Security/ADMembershipProvider.cs	1694	29	Security	warning	This call site is reachable on all platforms. 'PropertyValueCollection.Value' is only supported on: 'windows'. (https://learn.microsoft.com/dotnet/fundamentals/code-analysis/quality-rules/ca1416)
warning	CA1416	src/System.Web.ReferenceSource/Security/ADMembershipProvider.cs	1714	29	Security	warning	This call site is reachable on all platforms. 'DirectoryEntry.Properties' is only supported on: 'windows'. (https://learn.microsoft.com/dotnet/fundamentals/code-analysis/quality-rules/ca1416)
warning	CA1416	src/System.Web.ReferenceSource/Security/ADMembershipProvider.cs	1714	29	Security	warning	This call site is reachable on all platforms. 'PropertyCollection.this[string]' is only supported on: 'windows'. (https://learn.microsoft.com/dotnet/fundamentals/code-analysis/quality-rules/ca1416)
warning	CA1416	src/System.Web.ReferenceSource/Security/ADMembershipProvider.cs	1714	29	Security	warning	This call site is reachable on all platforms. 'PropertyValueCollection.Value' is only supported on: 'windows'. (https://learn.microsoft.com/dotnet/fundamentals/code-analysis/quality-rules/ca1416)
warning	CA1416	src/System.Web.ReferenceSource/Security/ADMembershipProvider.cs	1719	29	Security	warning	This call site is reachable on all platforms. 'DirectoryEntry.Properties' is only supported on: 'windows'. (https://learn.microsoft.com/dotnet/fundamentals/code-analysis/quality-rules/ca1416)
warning	CA1416	src/System.Web.ReferenceSource/Security/ADMembershipProvider.cs	1719	29	Security	warning	This call site is reachable on all platforms. 'PropertyCollection.this[string]' is only supported on: 'windows'. (https://learn.microsoft.com/dotnet/fundamentals/code-analysis/quality-rules/ca1416)
warning	CA1416	src/System.Web.ReferenceSource/Security/ADMembershipProvider.cs	1719	29	Security	warning	This call site is reachable on all platforms. 'PropertyValueCollection.Value' is only supported on: 'windows'. (https://learn.microsoft.com/dotnet/fundamentals/code-analysis/quality-rules/ca1416)
warning	CA1416	src/System.Web.ReferenceSource/Security/ADMembershipProvider.cs	1723	21	Security	warning	This call site is reachable on all platforms. 'DirectoryEntry.CommitChanges()' is only supported on: 'windows'. (https://learn.microsoft.com/dotnet/fundamentals/code-analysis/quality-rules/ca1416)
warning	SYSLIB0003	src/System.Web.ReferenceSource/Security/ADMembershipProvider.cs	1751	10	Security	warning	'DirectoryServicesPermissionAttribute' is obsolete: 'Code Access Security is not supported or honored by the runtime.' (https://aka.ms/dotnet-warnings/SYSLIB0003)
warning	SYSLIB0003	src/System.Web.ReferenceSource/Security/ADMembershipProvider.cs	1751	38	Security	warning	'SecurityAction' is obsolete: 'Code Access Security is not supported or honored by the runtime.' (https://aka.ms/dotnet-warnings/SYSLIB0003)
warning	SYSLIB0003	src/System.Web.ReferenceSource/Security/ADMembershipProvider.cs	1752	10	Security	warning	'DirectoryServicesPermissionAttribute' is obsolete: 'Code Access Security is not supported or honored by the runtime.' (https://aka.ms/dotnet-warnings/SYSLIB0003)
warning	SYSLIB0003	src/System.Web.ReferenceSource/Security/ADMembershipProvider.cs	1752	38	Security	warning	'SecurityAction' is obsolete: 'Code Access Security is not supported or honored by the runtime.' (https://aka.ms/dotnet-warnings/SYSLIB0003)
warning	SYSLIB0003	src/System.Web.ReferenceSource/Security/ADMembershipProvider.cs	1767	10	Security	warning	'DirectoryServicesPermissionAttribute' is obsolete: 'Code Access Security is not supported or honored by the runtime.' (https://aka.ms/dotnet-warnings/SYSLIB0003)
warning	SYSLIB0003	src/System.Web.ReferenceSource/Security/ADMembershipProvider.cs	1767	38	Security	warning	'SecurityAction' is obsolete: 'Code Access Security is not supported or honored by the runtime.' (https://aka.ms/dotnet-warnings/SYSLIB0003)
warning	SYSLIB0003	src/System.Web.ReferenceSource/Security/ADMembershipProvider.cs	1768	10	Security	warning	'DirectoryServicesPermissionAttribute' is obsolete: 'Code Access Security is not supported or honored by the runtime.' (https://aka.ms/dotnet-warnings/SYSLIB0003)
warning	SYSLIB0003	src/System.Web.ReferenceSource/Security/ADMembershipProvider.cs	1768	38	Security	warning	'SecurityAction' is obsolete: 'Code Access Security is not supported or honored by the runtime.' (https://aka.ms/dotnet-warnings/SYSLIB0003)
warning	SYSLIB0003	src/System.Web.ReferenceSource/Security/ADMembershipProvider.cs	1769	10	Security	warning	'DirectoryServicesPermissionAttribute' is obsolete: 'Code Access Security is not supported or honored by the runtime.' (https://aka.ms/dotnet-warnings/SYSLIB0003)
warning	SYSLIB0003	src/System.Web.ReferenceSource/Security/ADMembershipProvider.cs	1769	38	Security	warning	'SecurityAction' is obsolete: 'Code Access Security is not supported or honored by the runtime.' (https://aka.ms/dotnet-warnings/SYSLIB0003)
warning	SYSLIB0003	src/System.Web.ReferenceSource/Security/ADMembershipProvider.cs	1892	10	Security	warning	'DirectoryServicesPermissionAttribute' is obsolete: 'Code Access Security is not supported or honored by the runtime.' (https://aka.ms/dotnet-warnings/SYSLIB0003)
warning	SYSLIB0003	src/System.Web.ReferenceSource/Security/ADMembershipProvider.cs	1892	38	Security	warning	'SecurityAction' is obsolete: 'Code Access Security is not supported or honored by the runtime.' (https://aka.ms/dotnet-warnings/SYSLIB0003)
warning	SYSLIB0003	src/System.Web.ReferenceSource/Security/ADMembershipProvider.cs	1893	10	Security	warning	'DirectoryServicesPermissionAttribute' is obsolete: 'Code Access Security is not supported or honored by the runtime.' (https://aka.ms/dotnet-warnings/SYSLIB0003)
warning	SYSLIB0003	src/System.Web.ReferenceSource/Security/ADMembershipProvider.cs	1893	38	Security	warning	'SecurityAction' is obsolete: 'Code Access Security is not supported or honored by the runtime.' (https://aka.ms/dotnet-warnings/SYSLIB0003)
warning	SYSLIB0003	src/System.Web.ReferenceSource/Security/ADMembershipProvider.cs	1894	10	Security	warning	'DirectoryServicesPermissionAttribute' is obsolete: 'Code Access Security is not supported or honored by the runtime.' (https://aka.ms/dotnet-warnings/SYSLIB0003)
warning	SYSLIB0003	src/System.Web.ReferenceSource/Security/ADMembershipProvider.cs	1894	38	Security	warning	'SecurityAction' is obsolete: 'Code Access Security is not supported or honored by the runtime.' (https://aka.ms/dotnet-warnings/SYSLIB0003)
warning	CA1416	src/System.Web.ReferenceSource/Security/ADMembershipProvider.cs	1925	40	Security	warning	This call site is reachable on all platforms. 'SecurityIdentifier.BinaryLength' is only supported on: 'windows'. (https://learn.microsoft.com/dotnet/fundamentals/code-analysis/quality-rules/ca1416)
warning	CA1416	src/System.Web.ReferenceSource/Security/ADMembershipProvider.cs	1927	21	Security	warning	This call site is reachable on all platforms. 'SecurityIdentifier.GetBinaryForm(byte[], int)' is only supported on: 'windows'. (https://learn.microsoft.com/dotnet/fundamentals/code-analysis/quality-rules/ca1416)
warning	SYSLIB0003	src/System.Web.ReferenceSource/Security/ADMembershipProvider.cs	1955	10	Security	warning	'DirectoryServicesPermissionAttribute' is obsolete: 'Code Access Security is not supported or honored by the runtime.' (https://aka.ms/dotnet-warnings/SYSLIB0003)
warning	SYSLIB0003	src/System.Web.ReferenceSource/Security/ADMembershipProvider.cs	1955	38	Security	warning	'SecurityAction' is obsolete: 'Code Access Security is not supported or honored by the runtime.' (https://aka.ms/dotnet-warnings/SYSLIB0003)
warning	SYSLIB0003	src/System.Web.ReferenceSource/Security/ADMembershipProvider.cs	1956	10	Security	warning	'DirectoryServicesPermissionAttribute' is obsolete: 'Code Access Security is not supported or honored by the runtime.' (https://aka.ms/dotnet-warnings/SYSLIB0003)
warning	SYSLIB0003	src/System.Web.ReferenceSource/Security/ADMembershipProvider.cs	1956	38	Security	warning	'SecurityAction' is obsolete: 'Code Access Security is not supported or honored by the runtime.' (https://aka.ms/dotnet-warnings/SYSLIB0003)
warning	SYSLIB0003	src/System.Web.ReferenceSource/Security/ADMembershipProvider.cs	1957	10	Security	warning	'DirectoryServicesPermissionAttribute' is obsolete: 'Code Access Security is not supported or honored by the runtime.' (https://aka.ms/dotnet-warnings/SYSLIB0003)
warning	SYSLIB0003	src/System.Web.ReferenceSource/Security/ADMembershipProvider.cs	1957	38	Security	warning	'SecurityAction' is obsolete: 'Code Access Security is not supported or honored by the runtime.' (https://aka.ms/dotnet-warnings/SYSLIB0003)
warning	SYSLIB0003	src/System.Web.ReferenceSource/Security/ADMembershipProvider.cs	1998	10	Security	warning	'DirectoryServicesPermissionAttribute' is obsolete: 'Code Access Security is not supported or honored by the runtime.' (https://aka.ms/dotnet-warnings/SYSLIB0003)
warning	SYSLIB0003	src/System.Web.ReferenceSource/Security/ADMembershipProvider.cs	1998	38	Security	warning	'SecurityAction' is obsolete: 'Code Access Security is not supported or honored by the runtime.' (https://aka.ms/dotnet-warnings/SYSLIB0003)
warning	SYSLIB0003	src/System.Web.ReferenceSource/Security/ADMembershipProvider.cs	1999	10	Security	warning	'DirectoryServicesPermissionAttribute' is obsolete: 'Code Access Security is not supported or honored by the runtime.' (https://aka.ms/dotnet-warnings/SYSLIB0003)
warning	SYSLIB0003	src/System.Web.ReferenceSource/Security/ADMembershipProvider.cs	1999	38	Security	warning	'SecurityAction' is obsolete: 'Code Access Security is not supported or honored by the runtime.' (https://aka.ms/dotnet-warnings/SYSLIB0003)
warning	SYSLIB0003	src/System.Web.ReferenceSource/Security/ADMembershipProvider.cs	2000	10	Security	warning	'DirectoryServicesPermissionAttribute' is obsolete: 'Code Access Security is not supported or honored by the runtime.' (https://aka.ms/dotnet-warnings/SYSLIB0003)
warning	SYSLIB0003	src/System.Web.ReferenceSource/Security/ADMembershipProvider.cs	2000	38	Security	warning	'SecurityAction' is obsolete: 'Code Access Security is not supported or honored by the runtime.' (https://aka.ms/dotnet-warnings/SYSLIB0003)
warning	CA1416	src/System.Web.ReferenceSource/Security/ADMembershipProvider.cs	2017	50	Security	warning	This call site is reachable on all platforms. 'DirectorySearcher' is only supported on: 'windows'. (https://learn.microsoft.com/dotnet/fundamentals/code-analysis/quality-rules/ca1416)
warning	CA1416	src/System.Web.ReferenceSource/Security/ADMembershipProvider.cs	2019	25	Security	warning	This call site is reachable on all platforms. 'DirectorySearcher.Filter' is only supported on: 'windows'. (https://learn.microsoft.com/dotnet/fundamentals/code-analysis/quality-rules/ca1416)
warning	CA1416	src/System.Web.ReferenceSource/Security/ADMembershipProvider.cs	2021	25	Security	warning	This call site is reachable on all platforms. 'DirectorySearcher.Filter' is only supported on: 'windows'. (https://learn.microsoft.com/dotnet/fundamentals/code-analysis/quality-rules/ca1416)
warning	CA1416	src/System.Web.ReferenceSource/Security/ADMembershipProvider.cs	2022	21	Security	warning	This call site is reachable on all platforms. 'DirectorySearcher.SearchScope' is only supported on: 'windows'. (https://learn.microsoft.com/dotnet/fundamentals/code-analysis/quality-rules/ca1416)
warning	CA1416	src/System.Web.ReferenceSource/Security/ADMembershipProvider.cs	2022	44	Security	warning	This call site is reachable on all platforms. 'SearchScope.Subtree' is only supported on: 'windows'. (https://learn.microsoft.com/dotnet/fundamentals/code-analysis/quality-rules/ca1416)
warning	CA1416	src/System.Web.ReferenceSource/Security/ADMembershipProvider.cs	2023	21	Security	warning	This call site is reachable on all platforms. 'DirectorySearcher.PropertiesToLoad' is only supported on: 'windows'. (https://learn.microsoft.com/dotnet/fundamentals/code-analysis/quality-rules/ca1416)
warning	CA1416	src/System.Web.ReferenceSource/Security/ADMembershipProvider.cs	2026	25	Security	warning	This call site is reachable on all platforms. 'DirectorySearcher.ClientTimeout' is only supported on: 'windows'. (https://learn.microsoft.com/dotnet/fundamentals/code-analysis/quality-rules/ca1416)
warning	CA1416	src/System.Web.ReferenceSource/Security/ADMembershipProvider.cs	2028	25	Security	warning	This call site is reachable on all platforms. 'DirectorySearcher.ServerPageTimeLimit' is only supported on: 'windows'. (https://learn.microsoft.com/dotnet/fundamentals/code-analysis/quality-rules/ca1416)
warning	CA1416	src/System.Web.ReferenceSource/Security/ADMembershipProvider.cs	2030	30	Security	warning	This call site is reachable on all platforms. 'DirectorySearcher.FindAll()' is only supported on: 'windows'. (https://learn.microsoft.com/dotnet/fundamentals/code-analysis/quality-rules/ca1416)
warning	CA1416	src/System.Web.ReferenceSource/Security/ADMembershipProvider.cs	2059	25	Security	warning	This call site is reachable on all platforms. 'SearchResultCollection.Dispose()' is only supported on: 'windows'. (https://learn.microsoft.com/dotnet/fundamentals/code-analysis/quality-rules/ca1416)
warning	SYSLIB0003	src/System.Web.ReferenceSource/Security/ADMembershipProvider.cs	2074	10	Security	warning	'DirectoryServicesPermissionAttribute' is obsolete: 'Code Access Security is not supported or honored by the runtime.' (https://aka.ms/dotnet-warnings/SYSLIB0003)
warning	SYSLIB0003	src/System.Web.ReferenceSource/Security/ADMembershipProvider.cs	2074	38	Security	warning	'SecurityAction' is obsolete: 'Code Access Security is not supported or honored by the runtime.' (https://aka.ms/dotnet-warnings/SYSLIB0003)
warning	SYSLIB0003	src/System.Web.ReferenceSource/Security/ADMembershipProvider.cs	2075	10	Security	warning	'DirectoryServicesPermissionAttribute' is obsolete: 'Code Access Security is not supported or honored by the runtime.' (https://aka.ms/dotnet-warnings/SYSLIB0003)
warning	SYSLIB0003	src/System.Web.ReferenceSource/Security/ADMembershipProvider.cs	2075	38	Security	warning	'SecurityAction' is obsolete: 'Code Access Security is not supported or honored by the runtime.' (https://aka.ms/dotnet-warnings/SYSLIB0003)
warning	SYSLIB0003	src/System.Web.ReferenceSource/Security/ADMembershipProvider.cs	2076	10	Security	warning	'DirectoryServicesPermissionAttribute' is obsolete: 'Code Access Security is not supported or honored by the runtime.' (https://aka.ms/dotnet-warnings/SYSLIB0003)
warning	SYSLIB0003	src/System.Web.ReferenceSource/Security/ADMembershipProvider.cs	2076	38	Security	warning	'SecurityAction' is obsolete: 'Code Access Security is not supported or honored by the runtime.' (https://aka.ms/dotnet-warnings/SYSLIB0003)
warning	CA1416	src/System.Web.ReferenceSource/Security/ADMembershipProvider.cs	2093	17	Security	warning	This call site is reachable on all platforms. 'DirectoryEntry.AuthenticationType' is only supported on: 'windows'. (https://learn.microsoft.com/dotnet/fundamentals/code-analysis/quality-rules/ca1416)
warning	CA1416	src/System.Web.ReferenceSource/Security/ADMembershipProvider.cs	2093	54	Security	warning	This call site is reachable on all platforms. 'AuthenticationTypes.FastBind' is only supported on: 'windows'. (https://learn.microsoft.com/dotnet/fundamentals/code-analysis/quality-rules/ca1416)
warning	CA1416	src/System.Web.ReferenceSource/Security/ADMembershipProvider.cs	2102	137	Security	warning	This call site is reachable on all platforms. 'SearchScope.OneLevel' is only supported on: 'windows'. (https://learn.microsoft.com/dotnet/fundamentals/code-analysis/quality-rules/ca1416)
warning	CA1416	src/System.Web.ReferenceSource/Security/ADMembershipProvider.cs	2110	21	Security	warning	This call site is reachable on all platforms. 'DirectoryEntries.Remove(DirectoryEntry)' is only supported on: 'windows'. (https://learn.microsoft.com/dotnet/fundamentals/code-analysis/quality-rules/ca1416)
warning	CA1416	src/System.Web.ReferenceSource/Security/ADMembershipProvider.cs	2110	21	Security	warning	This call site is reachable on all platforms. 'DirectoryEntry.Children' is only supported on: 'windows'. (https://learn.microsoft.com/dotnet/fundamentals/code-analysis/quality-rules/ca1416)
warning	SYSLIB0003	src/System.Web.ReferenceSource/Security/ADMembershipProvider.cs	2156	10	Security	warning	'DirectoryServicesPermissionAttribute' is obsolete: 'Code Access Security is not supported or honored by the runtime.' (https://aka.ms/dotnet-warnings/SYSLIB0003)
warning	SYSLIB0003	src/System.Web.ReferenceSource/Security/ADMembershipProvider.cs	2156	38	Security	warning	'SecurityAction' is obsolete: 'Code Access Security is not supported or honored by the runtime.' (https://aka.ms/dotnet-warnings/SYSLIB0003)
warning	SYSLIB0003	src/System.Web.ReferenceSource/Security/ADMembershipProvider.cs	2157	10	Security	warning	'DirectoryServicesPermissionAttribute' is obsolete: 'Code Access Security is not supported or honored by the runtime.' (https://aka.ms/dotnet-warnings/SYSLIB0003)
warning	SYSLIB0003	src/System.Web.ReferenceSource/Security/ADMembershipProvider.cs	2157	38	Security	warning	'SecurityAction' is obsolete: 'Code Access Security is not supported or honored by the runtime.' (https://aka.ms/dotnet-warnings/SYSLIB0003)
warning	SYSLIB0003	src/System.Web.ReferenceSource/Security/ADMembershipProvider.cs	2158	10	Security	warning	'DirectoryServicesPermissionAttribute' is obsolete: 'Code Access Security is not supported or honored by the runtime.' (https://aka.ms/dotnet-warnings/SYSLIB0003)
warning	SYSLIB0003	src/System.Web.ReferenceSource/Security/ADMembershipProvider.cs	2158	38	Security	warning	'SecurityAction' is obsolete: 'Code Access Security is not supported or honored by the runtime.' (https://aka.ms/dotnet-warnings/SYSLIB0003)
warning	SYSLIB0003	src/System.Web.ReferenceSource/Security/ADMembershipProvider.cs	2174	10	Security	warning	'DirectoryServicesPermissionAttribute' is obsolete: 'Code Access Security is not supported or honored by the runtime.' (https://aka.ms/dotnet-warnings/SYSLIB0003)
warning	SYSLIB0003	src/System.Web.ReferenceSource/Security/ADMembershipProvider.cs	2174	38	Security	warning	'SecurityAction' is obsolete: 'Code Access Security is not supported or honored by the runtime.' (https://aka.ms/dotnet-warnings/SYSLIB0003)
warning	SYSLIB0003	src/System.Web.ReferenceSource/Security/ADMembershipProvider.cs	2175	10	Security	warning	'DirectoryServicesPermissionAttribute' is obsolete: 'Code Access Security is not supported or honored by the runtime.' (https://aka.ms/dotnet-warnings/SYSLIB0003)
warning	SYSLIB0003	src/System.Web.ReferenceSource/Security/ADMembershipProvider.cs	2175	38	Security	warning	'SecurityAction' is obsolete: 'Code Access Security is not supported or honored by the runtime.' (https://aka.ms/dotnet-warnings/SYSLIB0003)
warning	SYSLIB0003	src/System.Web.ReferenceSource/Security/ADMembershipProvider.cs	2176	10	Security	warning	'DirectoryServicesPermissionAttribute' is obsolete: 'Code Access Security is not supported or honored by the runtime.' (https://aka.ms/dotnet-warnings/SYSLIB0003)
warning	SYSLIB0003	src/System.Web.ReferenceSource/Security/ADMembershipProvider.cs	2176	38	Security	warning	'SecurityAction' is obsolete: 'Code Access Security is not supported or honored by the runtime.' (https://aka.ms/dotnet-warnings/SYSLIB0003)
warning	SYSLIB0003	src/System.Web.ReferenceSource/Security/ADMembershipProvider.cs	2225	10	Security	warning	'DirectoryServicesPermissionAttribute' is obsolete: 'Code Access Security is not supported or honored by the runtime.' (https://aka.ms/dotnet-warnings/SYSLIB0003)
warning	SYSLIB0003	src/System.Web.ReferenceSource/Security/ADMembershipProvider.cs	2225	38	Security	warning	'SecurityAction' is obsolete: 'Code Access Security is not supported or honored by the runtime.' (https://aka.ms/dotnet-warnings/SYSLIB0003)
warning	SYSLIB0003	src/System.Web.ReferenceSource/Security/ADMembershipProvider.cs	2226	10	Security	warning	'DirectoryServicesPermissionAttribute' is obsolete: 'Code Access Security is not supported or honored by the runtime.' (https://aka.ms/dotnet-warnings/SYSLIB0003)
warning	SYSLIB0003	src/System.Web.ReferenceSource/Security/ADMembershipProvider.cs	2226	38	Security	warning	'SecurityAction' is obsolete: 'Code Access Security is not supported or honored by the runtime.' (https://aka.ms/dotnet-warnings/SYSLIB0003)
warning	SYSLIB0003	src/System.Web.ReferenceSource/Security/ADMembershipProvider.cs	2227	10	Security	warning	'DirectoryServicesPermissionAttribute' is obsolete: 'Code Access Security is not supported or honored by the runtime.' (https://aka.ms/dotnet-warnings/SYSLIB0003)
warning	SYSLIB0003	src/System.Web.ReferenceSource/Security/ADMembershipProvider.cs	2227	38	Security	warning	'SecurityAction' is obsolete: 'Code Access Security is not supported or honored by the runtime.' (https://aka.ms/dotnet-warnings/SYSLIB0003)
warning	CA1416	src/System.Web.ReferenceSource/Security/ADMembershipProvider.cs	2358	58	Security	warning	This call site is reachable on all platforms. 'SearchScope.Subtree' is only supported on: 'windows'. (https://learn.microsoft.com/dotnet/fundamentals/code-analysis/quality-rules/ca1416)
warning	CA1416	src/System.Web.ReferenceSource/Security/ADMembershipProvider.cs	2364	58	Security	warning	This call site is reachable on all platforms. 'SearchScope.Subtree' is only supported on: 'windows'. (https://learn.microsoft.com/dotnet/fundamentals/code-analysis/quality-rules/ca1416)
warning	CA1416	src/System.Web.ReferenceSource/Security/ADMembershipProvider.cs	2370	42	Security	warning	This call site is reachable on all platforms. 'DirectorySearcher' is only supported on: 'windows'. (https://learn.microsoft.com/dotnet/fundamentals/code-analysis/quality-rules/ca1416)
warning	CA1416	src/System.Web.ReferenceSource/Security/ADMembershipProvider.cs	2372	13	Security	warning	This call site is reachable on all platforms. 'DirectorySearcher.SearchScope' is only supported on: 'windows'. (https://learn.microsoft.com/dotnet/fundamentals/code-analysis/quality-rules/ca1416)
warning	CA1416	src/System.Web.ReferenceSource/Security/ADMembershipProvider.cs	2373	13	Security	warning	This call site is reachable on all platforms. 'DirectorySearcher.Filter' is only supported on: 'windows'. (https://learn.microsoft.com/dotnet/fundamentals/code-analysis/quality-rules/ca1416)
warning	CA1416	src/System.Web.ReferenceSource/Security/ADMembershipProvider.cs	2376	17	Security	warning	This call site is reachable on all platforms. 'DirectorySearcher.ClientTimeout' is only supported on: 'windows'. (https://learn.microsoft.com/dotnet/fundamentals/code-analysis/quality-rules/ca1416)
warning	CA1416	src/System.Web.ReferenceSource/Security/ADMembershipProvider.cs	2378	17	Security	warning	This call site is reachable on all platforms. 'DirectorySearcher.ServerPageTimeLimit' is only supported on: 'windows'. (https://learn.microsoft.com/dotnet/fundamentals/code-analysis/quality-rules/ca1416)
warning	CA1416	src/System.Web.ReferenceSource/Security/ADMembershipProvider.cs	2381	17	Security	warning	This call site is reachable on all platforms. 'DirectorySearcher.PropertiesToLoad' is only supported on: 'windows'. (https://learn.microsoft.com/dotnet/fundamentals/code-analysis/quality-rules/ca1416)
warning	CA1416	src/System.Web.ReferenceSource/Security/ADMembershipProvider.cs	2383	32	Security	warning	This call site is reachable on all platforms. 'DirectorySearcher.FindOne()' is only supported on: 'windows'. (https://learn.microsoft.com/dotnet/fundamentals/code-analysis/quality-rules/ca1416)
warning	CA1416	src/System.Web.ReferenceSource/Security/ADMembershipProvider.cs	2390	24	Security	warning	This call site is reachable on all platforms. 'SearchResult.GetDirectoryEntry()' is only supported on: 'windows'. (https://learn.microsoft.com/dotnet/fundamentals/code-analysis/quality-rules/ca1416)
warning	CA1416	src/System.Web.ReferenceSource/Security/ADMembershipProvider.cs	2399	53	Security	warning	This call site is reachable on all platforms. 'SearchScope.Subtree' is only supported on: 'windows'. (https://learn.microsoft.com/dotnet/fundamentals/code-analysis/quality-rules/ca1416)
warning	CA1416	src/System.Web.ReferenceSource/Security/ADMembershipProvider.cs	2405	53	Security	warning	This call site is reachable on all platforms. 'SearchScope.Subtree' is only supported on: 'windows'. (https://learn.microsoft.com/dotnet/fundamentals/code-analysis/quality-rules/ca1416)
warning	CA1416	src/System.Web.ReferenceSource/Security/ADMembershipProvider.cs	2412	42	Security	warning	This call site is reachable on all platforms. 'DirectorySearcher' is only supported on: 'windows'. (https://learn.microsoft.com/dotnet/fundamentals/code-analysis/quality-rules/ca1416)
warning	CA1416	src/System.Web.ReferenceSource/Security/ADMembershipProvider.cs	2414	13	Security	warning	This call site is reachable on all platforms. 'DirectorySearcher.SearchScope' is only supported on: 'windows'. (https://learn.microsoft.com/dotnet/fundamentals/code-analysis/quality-rules/ca1416)
warning	CA1416	src/System.Web.ReferenceSource/Security/ADMembershipProvider.cs	2415	13	Security	warning	This call site is reachable on all platforms. 'DirectorySearcher.Filter' is only supported on: 'windows'. (https://learn.microsoft.com/dotnet/fundamentals/code-analysis/quality-rules/ca1416)
warning	CA1416	src/System.Web.ReferenceSource/Security/ADMembershipProvider.cs	2418	17	Security	warning	This call site is reachable on all platforms. 'DirectorySearcher.ClientTimeout' is only supported on: 'windows'. (https://learn.microsoft.com/dotnet/fundamentals/code-analysis/quality-rules/ca1416)
warning	CA1416	src/System.Web.ReferenceSource/Security/ADMembershipProvider.cs	2420	17	Security	warning	This call site is reachable on all platforms. 'DirectorySearcher.ServerPageTimeLimit' is only supported on: 'windows'. (https://learn.microsoft.com/dotnet/fundamentals/code-analysis/quality-rules/ca1416)
warning	CA1416	src/System.Web.ReferenceSource/Security/ADMembershipProvider.cs	2425	13	Security	warning	This call site is reachable on all platforms. 'DirectorySearcher.PropertiesToLoad' is only supported on: 'windows'. (https://learn.microsoft.com/dotnet/fundamentals/code-analysis/quality-rules/ca1416)
warning	CA1416	src/System.Web.ReferenceSource/Security/ADMembershipProvider.cs	2426	13	Security	warning	This call site is reachable on all platforms. 'DirectorySearcher.PropertiesToLoad' is only supported on: 'windows'. (https://learn.microsoft.com/dotnet/fundamentals/code-analysis/quality-rules/ca1416)
warning	CA1416	src/System.Web.ReferenceSource/Security/ADMembershipProvider.cs	2427	13	Security	warning	This call site is reachable on all platforms. 'DirectorySearcher.PropertiesToLoad' is only supported on: 'windows'. (https://learn.microsoft.com/dotnet/fundamentals/code-analysis/quality-rules/ca1416)
warning	CA1416	src/System.Web.ReferenceSource/Security/ADMembershipProvider.cs	2428	13	Security	warning	This call site is reachable on all platforms. 'DirectorySearcher.PropertiesToLoad' is only supported on: 'windows'. (https://learn.microsoft.com/dotnet/fundamentals/code-analysis/quality-rules/ca1416)
warning	CA1416	src/System.Web.ReferenceSource/Security/ADMembershipProvider.cs	2429	13	Security	warning	This call site is reachable on all platforms. 'DirectorySearcher.PropertiesToLoad' is only supported on: 'windows'. (https://learn.microsoft.com/dotnet/fundamentals/code-analysis/quality-rules/ca1416)
warning	CA1416	src/System.Web.ReferenceSource/Security/ADMembershipProvider.cs	2430	13	Security	warning	This call site is reachable on all platforms. 'DirectorySearcher.PropertiesToLoad' is only supported on: 'windows'. (https://learn.microsoft.com/dotnet/fundamentals/code-analysis/quality-rules/ca1416)
warning	CA1416	src/System.Web.ReferenceSource/Security/ADMembershipProvider.cs	2431	13	Security	warning	This call site is reachable on all platforms. 'DirectorySearcher.PropertiesToLoad' is only supported on: 'windows'. (https://learn.microsoft.com/dotnet/fundamentals/code-analysis/quality-rules/ca1416)
warning	CA1416	src/System.Web.ReferenceSource/Security/ADMembershipProvider.cs	2432	13	Security	warning	This call site is reachable on all platforms. 'DirectorySearcher.PropertiesToLoad' is only supported on: 'windows'. (https://learn.microsoft.com/dotnet/fundamentals/code-analysis/quality-rules/ca1416)
warning	CA1416	src/System.Web.ReferenceSource/Security/ADMembershipProvider.cs	2435	17	Security	warning	This call site is reachable on all platforms. 'DirectorySearcher.PropertiesToLoad' is only supported on: 'windows'. (https://learn.microsoft.com/dotnet/fundamentals/code-analysis/quality-rules/ca1416)
warning	CA1416	src/System.Web.ReferenceSource/Security/ADMembershipProvider.cs	2438	17	Security	warning	This call site is reachable on all platforms. 'DirectorySearcher.PropertiesToLoad' is only supported on: 'windows'. (https://learn.microsoft.com/dotnet/fundamentals/code-analysis/quality-rules/ca1416)
warning	CA1416	src/System.Web.ReferenceSource/Security/ADMembershipProvider.cs	2441	17	Security	warning	This call site is reachable on all platforms. 'DirectorySearcher.PropertiesToLoad' is only supported on: 'windows'. (https://learn.microsoft.com/dotnet/fundamentals/code-analysis/quality-rules/ca1416)
warning	CA1416	src/System.Web.ReferenceSource/Security/ADMembershipProvider.cs	2443	17	Security	warning	This call site is reachable on all platforms. 'DirectorySearcher.PropertiesToLoad' is only supported on: 'windows'. (https://learn.microsoft.com/dotnet/fundamentals/code-analysis/quality-rules/ca1416)
warning	CA1416	src/System.Web.ReferenceSource/Security/ADMembershipProvider.cs	2447	17	Security	warning	This call site is reachable on all platforms. 'DirectorySearcher.PropertiesToLoad' is only supported on: 'windows'. (https://learn.microsoft.com/dotnet/fundamentals/code-analysis/quality-rules/ca1416)
warning	CA1416	src/System.Web.ReferenceSource/Security/ADMembershipProvider.cs	2448	17	Security	warning	This call site is reachable on all platforms. 'DirectorySearcher.PropertiesToLoad' is only supported on: 'windows'. (https://learn.microsoft.com/dotnet/fundamentals/code-analysis/quality-rules/ca1416)
warning	CA1416	src/System.Web.ReferenceSource/Security/ADMembershipProvider.cs	2449	17	Security	warning	This call site is reachable on all platforms. 'DirectorySearcher.PropertiesToLoad' is only supported on: 'windows'. (https://learn.microsoft.com/dotnet/fundamentals/code-analysis/quality-rules/ca1416)
warning	CA1416	src/System.Web.ReferenceSource/Security/ADMembershipProvider.cs	2453	32	Security	warning	This call site is reachable on all platforms. 'DirectorySearcher.FindOne()' is only supported on: 'windows'. (https://learn.microsoft.com/dotnet/fundamentals/code-analysis/quality-rules/ca1416)
warning	CA1416	src/System.Web.ReferenceSource/Security/ADMembershipProvider.cs	2459	29	Security	warning	This call site is reachable on all platforms. 'SearchResult.GetDirectoryEntry()' is only supported on: 'windows'. (https://learn.microsoft.com/dotnet/fundamentals/code-analysis/quality-rules/ca1416)
warning	CA1416	src/System.Web.ReferenceSource/Security/ADMembershipProvider.cs	2464	46	Security	warning	This call site is reachable on all platforms. 'ResultPropertyCollection.Contains(string)' is only supported on: 'windows'. (https://learn.microsoft.com/dotnet/fundamentals/code-analysis/quality-rules/ca1416)
warning	CA1416	src/System.Web.ReferenceSource/Security/ADMembershipProvider.cs	2464	46	Security	warning	This call site is reachable on all platforms. 'SearchResult.Properties' is only supported on: 'windows'. (https://learn.microsoft.com/dotnet/fundamentals/code-analysis/quality-rules/ca1416)
warning	CA1416	src/System.Web.ReferenceSource/Security/ADMembershipProvider.cs	2483	42	Security	warning	This call site is reachable on all platforms. 'DirectorySearcher' is only supported on: 'windows'. (https://learn.microsoft.com/dotnet/fundamentals/code-analysis/quality-rules/ca1416)
warning	CA1416	src/System.Web.ReferenceSource/Security/ADMembershipProvider.cs	2484	13	Security	warning	This call site is reachable on all platforms. 'DirectorySearcher.SearchScope' is only supported on: 'windows'. (https://learn.microsoft.com/dotnet/fundamentals/code-analysis/quality-rules/ca1416)
warning	CA1416	src/System.Web.ReferenceSource/Security/ADMembershipProvider.cs	2484	36	Security	warning	This call site is reachable on all platforms. 'SearchScope.Subtree' is only supported on: 'windows'. (https://learn.microsoft.com/dotnet/fundamentals/code-analysis/quality-rules/ca1416)
warning	CA1416	src/System.Web.ReferenceSource/Security/ADMembershipProvider.cs	2485	13	Security	warning	This call site is reachable on all platforms. 'DirectorySearcher.Filter' is only supported on: 'windows'. (https://learn.microsoft.com/dotnet/fundamentals/code-analysis/quality-rules/ca1416)
warning	CA1416	src/System.Web.ReferenceSource/Security/ADMembershipProvider.cs	2488	17	Security	warning	This call site is reachable on all platforms. 'DirectorySearcher.ClientTimeout' is only supported on: 'windows'. (https://learn.microsoft.com/dotnet/fundamentals/code-analysis/quality-rules/ca1416)
warning	CA1416	src/System.Web.ReferenceSource/Security/ADMembershipProvider.cs	2490	17	Security	warning	This call site is reachable on all platforms. 'DirectorySearcher.ServerPageTimeLimit' is only supported on: 'windows'. (https://learn.microsoft.com/dotnet/fundamentals/code-analysis/quality-rules/ca1416)
warning	CA1416	src/System.Web.ReferenceSource/Security/ADMembershipProvider.cs	2495	13	Security	warning	This call site is reachable on all platforms. 'DirectorySearcher.PropertiesToLoad' is only supported on: 'windows'. (https://learn.microsoft.com/dotnet/fundamentals/code-analysis/quality-rules/ca1416)
warning	CA1416	src/System.Web.ReferenceSource/Security/ADMembershipProvider.cs	2496	13	Security	warning	This call site is reachable on all platforms. 'DirectorySearcher.PropertiesToLoad' is only supported on: 'windows'. (https://learn.microsoft.com/dotnet/fundamentals/code-analysis/quality-rules/ca1416)
warning	CA1416	src/System.Web.ReferenceSource/Security/ADMembershipProvider.cs	2497	13	Security	warning	This call site is reachable on all platforms. 'DirectorySearcher.PropertiesToLoad' is only supported on: 'windows'. (https://learn.microsoft.com/dotnet/fundamentals/code-analysis/quality-rules/ca1416)
warning	CA1416	src/System.Web.ReferenceSource/Security/ADMembershipProvider.cs	2498	13	Security	warning	This call site is reachable on all platforms. 'DirectorySearcher.PropertiesToLoad' is only supported on: 'windows'. (https://learn.microsoft.com/dotnet/fundamentals/code-analysis/quality-rules/ca1416)
warning	CA1416	src/System.Web.ReferenceSource/Security/ADMembershipProvider.cs	2499	13	Security	warning	This call site is reachable on all platforms. 'DirectorySearcher.PropertiesToLoad' is only supported on: 'windows'. (https://learn.microsoft.com/dotnet/fundamentals/code-analysis/quality-rules/ca1416)
warning	CA1416	src/System.Web.ReferenceSource/Security/ADMembershipProvider.cs	2500	13	Security	warning	This call site is reachable on all platforms. 'DirectorySearcher.PropertiesToLoad' is only supported on: 'windows'. (https://learn.microsoft.com/dotnet/fundamentals/code-analysis/quality-rules/ca1416)
warning	CA1416	src/System.Web.ReferenceSource/Security/ADMembershipProvider.cs	2501	13	Security	warning	This call site is reachable on all platforms. 'DirectorySearcher.PropertiesToLoad' is only supported on: 'windows'. (https://learn.microsoft.com/dotnet/fundamentals/code-analysis/quality-rules/ca1416)
warning	CA1416	src/System.Web.ReferenceSource/Security/ADMembershipProvider.cs	2502	13	Security	warning	This call site is reachable on all platforms. 'DirectorySearcher.PropertiesToLoad' is only supported on: 'windows'. (https://learn.microsoft.com/dotnet/fundamentals/code-analysis/quality-rules/ca1416)
warning	CA1416	src/System.Web.ReferenceSource/Security/ADMembershipProvider.cs	2505	17	Security	warning	This call site is reachable on all platforms. 'DirectorySearcher.PropertiesToLoad' is only supported on: 'windows'. (https://learn.microsoft.com/dotnet/fundamentals/code-analysis/quality-rules/ca1416)
warning	CA1416	src/System.Web.ReferenceSource/Security/ADMembershipProvider.cs	2508	17	Security	warning	This call site is reachable on all platforms. 'DirectorySearcher.PropertiesToLoad' is only supported on: 'windows'. (https://learn.microsoft.com/dotnet/fundamentals/code-analysis/quality-rules/ca1416)
warning	CA1416	src/System.Web.ReferenceSource/Security/ADMembershipProvider.cs	2510	17	Security	warning	This call site is reachable on all platforms. 'DirectorySearcher.PropertiesToLoad' is only supported on: 'windows'. (https://learn.microsoft.com/dotnet/fundamentals/code-analysis/quality-rules/ca1416)
warning	CA1416	src/System.Web.ReferenceSource/Security/ADMembershipProvider.cs	2514	17	Security	warning	This call site is reachable on all platforms. 'DirectorySearcher.PropertiesToLoad' is only supported on: 'windows'. (https://learn.microsoft.com/dotnet/fundamentals/code-analysis/quality-rules/ca1416)
warning	CA1416	src/System.Web.ReferenceSource/Security/ADMembershipProvider.cs	2515	17	Security	warning	This call site is reachable on all platforms. 'DirectorySearcher.PropertiesToLoad' is only supported on: 'windows'. (https://learn.microsoft.com/dotnet/fundamentals/code-analysis/quality-rules/ca1416)
warning	CA1416	src/System.Web.ReferenceSource/Security/ADMembershipProvider.cs	2516	17	Security	warning	This call site is reachable on all platforms. 'DirectorySearcher.PropertiesToLoad' is only supported on: 'windows'. (https://learn.microsoft.com/dotnet/fundamentals/code-analysis/quality-rules/ca1416)
warning	CA1416	src/System.Web.ReferenceSource/Security/ADMembershipProvider.cs	2522	13	Security	warning	This call site is reachable on all platforms. 'DirectorySearcher.PageSize' is only supported on: 'windows'. (https://learn.microsoft.com/dotnet/fundamentals/code-analysis/quality-rules/ca1416)
warning	CA1416	src/System.Web.ReferenceSource/Security/ADMembershipProvider.cs	2527	13	Security	warning	This call site is reachable on all platforms. 'DirectorySearcher.Sort' is only supported on: 'windows'. (https://learn.microsoft.com/dotnet/fundamentals/code-analysis/quality-rules/ca1416)
warning	CA1416	src/System.Web.ReferenceSource/Security/ADMembershipProvider.cs	2527	29	Security	warning	This call site is reachable on all platforms. 'SortOption' is only supported on: 'windows'. (https://learn.microsoft.com/dotnet/fundamentals/code-analysis/quality-rules/ca1416)
warning	CA1416	src/System.Web.ReferenceSource/Security/ADMembershipProvider.cs	2527	53	Security	warning	This call site is reachable on all platforms. 'SortDirection.Ascending' is only supported on: 'windows'. (https://learn.microsoft.com/dotnet/fundamentals/code-analysis/quality-rules/ca1416)
warning	CA1416	src/System.Web.ReferenceSource/Security/ADMembershipProvider.cs	2529	45	Security	warning	This call site is reachable on all platforms. 'DirectorySearcher.FindAll()' is only supported on: 'windows'. (https://learn.microsoft.com/dotnet/fundamentals/code-analysis/quality-rules/ca1416)
warning	CA1416	src/System.Web.ReferenceSource/Security/ADMembershipProvider.cs	2552	17	Security	warning	This call site is reachable on all platforms. 'SearchResultCollection.Dispose()' is only supported on: 'windows'. (https://learn.microsoft.com/dotnet/fundamentals/code-analysis/quality-rules/ca1416)
warning	CA1416	src/System.Web.ReferenceSource/Security/ADMembershipProvider.cs	2618	38	Security	warning	This call site is reachable on all platforms. 'DirectoryEntry' is only supported on: 'windows'. (https://learn.microsoft.com/dotnet/fundamentals/code-analysis/quality-rules/ca1416)
warning	CA1416	src/System.Web.ReferenceSource/Security/ADMembershipProvider.cs	2619	45	Security	warning	This call site is reachable on all platforms. 'DirectoryEntry.Properties' is only supported on: 'windows'. (https://learn.microsoft.com/dotnet/fundamentals/code-analysis/quality-rules/ca1416)
warning	CA1416	src/System.Web.ReferenceSource/Security/ADMembershipProvider.cs	2619	45	Security	warning	This call site is reachable on all platforms. 'PropertyCollection.this[string]' is only supported on: 'windows'. (https://learn.microsoft.com/dotnet/fundamentals/code-analysis/quality-rules/ca1416)
warning	CA1416	src/System.Web.ReferenceSource/Security/ADMembershipProvider.cs	2619	45	Security	warning	This call site is reachable on all platforms. 'PropertyValueCollection.Value' is only supported on: 'windows'. (https://learn.microsoft.com/dotnet/fundamentals/code-analysis/quality-rules/ca1416)
warning	CA1416	src/System.Web.ReferenceSource/Security/ADMembershipProvider.cs	2638	17	Security	warning	This call site is reachable on all platforms. 'DirectoryEntry.Properties' is only supported on: 'windows'. (https://learn.microsoft.com/dotnet/fundamentals/code-analysis/quality-rules/ca1416)
warning	CA1416	src/System.Web.ReferenceSource/Security/ADMembershipProvider.cs	2638	17	Security	warning	This call site is reachable on all platforms. 'PropertyCollection.Contains(string)' is only supported on: 'windows'. (https://learn.microsoft.com/dotnet/fundamentals/code-analysis/quality-rules/ca1416)
warning	CA1416	src/System.Web.ReferenceSource/Security/ADMembershipProvider.cs	2647	17	Security	warning	This call site is reachable on all platforms. 'DirectoryEntry.Properties' is only supported on: 'windows'. (https://learn.microsoft.com/dotnet/fundamentals/code-analysis/quality-rules/ca1416)
warning	CA1416	src/System.Web.ReferenceSource/Security/ADMembershipProvider.cs	2647	17	Security	warning	This call site is reachable on all platforms. 'PropertyCollection.Contains(string)' is only supported on: 'windows'. (https://learn.microsoft.com/dotnet/fundamentals/code-analysis/quality-rules/ca1416)
warning	CA1416	src/System.Web.ReferenceSource/Security/ADMembershipProvider.cs	2662	13	Security	warning	This call site is reachable on all platforms. 'DirectoryEntry.Properties' is only supported on: 'windows'. (https://learn.microsoft.com/dotnet/fundamentals/code-analysis/quality-rules/ca1416)
warning	CA1416	src/System.Web.ReferenceSource/Security/ADMembershipProvider.cs	2662	13	Security	warning	This call site is reachable on all platforms. 'PropertyCollection.this[string]' is only supported on: 'windows'. (https://learn.microsoft.com/dotnet/fundamentals/code-analysis/quality-rules/ca1416)
warning	CA1416	src/System.Web.ReferenceSource/Security/ADMembershipProvider.cs	2662	13	Security	warning	This call site is reachable on all platforms. 'PropertyValueCollection.Value' is only supported on: 'windows'. (https://learn.microsoft.com/dotnet/fundamentals/code-analysis/quality-rules/ca1416)
warning	CA1416	src/System.Web.ReferenceSource/Security/ADMembershipProvider.cs	2663	13	Security	warning	This call site is reachable on all platforms. 'DirectoryEntry.Properties' is only supported on: 'windows'. (https://learn.microsoft.com/dotnet/fundamentals/code-analysis/quality-rules/ca1416)
warning	CA1416	src/System.Web.ReferenceSource/Security/ADMembershipProvider.cs	2663	13	Security	warning	This call site is reachable on all platforms. 'PropertyCollection.this[string]' is only supported on: 'windows'. (https://learn.microsoft.com/dotnet/fundamentals/code-analysis/quality-rules/ca1416)
warning	CA1416	src/System.Web.ReferenceSource/Security/ADMembershipProvider.cs	2663	13	Security	warning	This call site is reachable on all platforms. 'PropertyValueCollection.Value' is only supported on: 'windows'. (https://learn.microsoft.com/dotnet/fundamentals/code-analysis/quality-rules/ca1416)
warning	CA1416	src/System.Web.ReferenceSource/Security/ADMembershipProvider.cs	2670	17	Security	warning	This call site is reachable on all platforms. 'DirectoryEntry.Properties' is only supported on: 'windows'. (https://learn.microsoft.com/dotnet/fundamentals/code-analysis/quality-rules/ca1416)
warning	CA1416	src/System.Web.ReferenceSource/Security/ADMembershipProvider.cs	2670	17	Security	warning	This call site is reachable on all platforms. 'PropertyCollection.this[string]' is only supported on: 'windows'. (https://learn.microsoft.com/dotnet/fundamentals/code-analysis/quality-rules/ca1416)
warning	CA1416	src/System.Web.ReferenceSource/Security/ADMembershipProvider.cs	2670	17	Security	warning	This call site is reachable on all platforms. 'PropertyValueCollection.Value' is only supported on: 'windows'. (https://learn.microsoft.com/dotnet/fundamentals/code-analysis/quality-rules/ca1416)
warning	CA1416	src/System.Web.ReferenceSource/Security/ADMembershipProvider.cs	2673	13	Security	warning	This call site is reachable on all platforms. 'DirectoryEntry.CommitChanges()' is only supported on: 'windows'. (https://learn.microsoft.com/dotnet/fundamentals/code-analysis/quality-rules/ca1416)
warning	CA1416	src/System.Web.ReferenceSource/Security/ADMembershipProvider.cs	2682	13	Security	warning	This call site is reachable on all platforms. 'DirectoryEntry.Properties' is only supported on: 'windows'. (https://learn.microsoft.com/dotnet/fundamentals/code-analysis/quality-rules/ca1416)
warning	CA1416	src/System.Web.ReferenceSource/Security/ADMembershipProvider.cs	2682	13	Security	warning	This call site is reachable on all platforms. 'PropertyCollection.this[string]' is only supported on: 'windows'. (https://learn.microsoft.com/dotnet/fundamentals/code-analysis/quality-rules/ca1416)
warning	CA1416	src/System.Web.ReferenceSource/Security/ADMembershipProvider.cs	2682	13	Security	warning	This call site is reachable on all platforms. 'PropertyValueCollection.Value' is only supported on: 'windows'. (https://learn.microsoft.com/dotnet/fundamentals/code-analysis/quality-rules/ca1416)
warning	CA1416	src/System.Web.ReferenceSource/Security/ADMembershipProvider.cs	2683	13	Security	warning	This call site is reachable on all platforms. 'DirectoryEntry.Properties' is only supported on: 'windows'. (https://learn.microsoft.com/dotnet/fundamentals/code-analysis/quality-rules/ca1416)
warning	CA1416	src/System.Web.ReferenceSource/Security/ADMembershipProvider.cs	2683	13	Security	warning	This call site is reachable on all platforms. 'PropertyCollection.this[string]' is only supported on: 'windows'. (https://learn.microsoft.com/dotnet/fundamentals/code-analysis/quality-rules/ca1416)
warning	CA1416	src/System.Web.ReferenceSource/Security/ADMembershipProvider.cs	2683	13	Security	warning	This call site is reachable on all platforms. 'PropertyValueCollection.Value' is only supported on: 'windows'. (https://learn.microsoft.com/dotnet/fundamentals/code-analysis/quality-rules/ca1416)
warning	CA1416	src/System.Web.ReferenceSource/Security/ADMembershipProvider.cs	2684	13	Security	warning	This call site is reachable on all platforms. 'DirectoryEntry.Properties' is only supported on: 'windows'. (https://learn.microsoft.com/dotnet/fundamentals/code-analysis/quality-rules/ca1416)
warning	CA1416	src/System.Web.ReferenceSource/Security/ADMembershipProvider.cs	2684	13	Security	warning	This call site is reachable on all platforms. 'PropertyCollection.this[string]' is only supported on: 'windows'. (https://learn.microsoft.com/dotnet/fundamentals/code-analysis/quality-rules/ca1416)
warning	CA1416	src/System.Web.ReferenceSource/Security/ADMembershipProvider.cs	2684	13	Security	warning	This call site is reachable on all platforms. 'PropertyValueCollection.Value' is only supported on: 'windows'. (https://learn.microsoft.com/dotnet/fundamentals/code-analysis/quality-rules/ca1416)
warning	CA1416	src/System.Web.ReferenceSource/Security/ADMembershipProvider.cs	2686	13	Security	warning	This call site is reachable on all platforms. 'DirectoryEntry.CommitChanges()' is only supported on: 'windows'. (https://learn.microsoft.com/dotnet/fundamentals/code-analysis/quality-rules/ca1416)
warning	CA1416	src/System.Web.ReferenceSource/Security/ADMembershipProvider.cs	2696	38	Security	warning	This call site is reachable on all platforms. 'SecurityIdentifier' is only supported on: 'windows'. (https://learn.microsoft.com/dotnet/fundamentals/code-analysis/quality-rules/ca1416)
warning	CA1416	src/System.Web.ReferenceSource/Security/ADMembershipProvider.cs	2699	29	Security	warning	This call site is reachable on all platforms. 'ResultPropertyCollection.Contains(string)' is only supported on: 'windows'. (https://learn.microsoft.com/dotnet/fundamentals/code-analysis/quality-rules/ca1416)
warning	CA1416	src/System.Web.ReferenceSource/Security/ADMembershipProvider.cs	2699	29	Security	warning	This call site is reachable on all platforms. 'SearchResult.Properties' is only supported on: 'windows'. (https://learn.microsoft.com/dotnet/fundamentals/code-analysis/quality-rules/ca1416)
warning	CA1416	src/System.Web.ReferenceSource/Security/ADMembershipProvider.cs	2699	84	Security	warning	This call site is reachable on all platforms. 'ResultPropertyCollection.this[string]' is only supported on: 'windows'. (https://learn.microsoft.com/dotnet/fundamentals/code-analysis/quality-rules/ca1416)
warning	CA1416	src/System.Web.ReferenceSource/Security/ADMembershipProvider.cs	2699	84	Security	warning	This call site is reachable on all platforms. 'ResultPropertyValueCollection.this[int]' is only supported on: 'windows'. (https://learn.microsoft.com/dotnet/fundamentals/code-analysis/quality-rules/ca1416)
warning	CA1416	src/System.Web.ReferenceSource/Security/ADMembershipProvider.cs	2699	84	Security	warning	This call site is reachable on all platforms. 'SearchResult.Properties' is only supported on: 'windows'. (https://learn.microsoft.com/dotnet/fundamentals/code-analysis/quality-rules/ca1416)
warning	CA1416	src/System.Web.ReferenceSource/Security/ADMembershipProvider.cs	2703	60	Security	warning	This call site is reachable on all platforms. 'ResultPropertyCollection.Contains(string)' is only supported on: 'windows'. (https://learn.microsoft.com/dotnet/fundamentals/code-analysis/quality-rules/ca1416)
warning	CA1416	src/System.Web.ReferenceSource/Security/ADMembershipProvider.cs	2703	60	Security	warning	This call site is reachable on all platforms. 'SearchResult.Properties' is only supported on: 'windows'. (https://learn.microsoft.com/dotnet/fundamentals/code-analysis/quality-rules/ca1416)
warning	CA1416	src/System.Web.ReferenceSource/Security/ADMembershipProvider.cs	2707	31	Security	warning	This call site is reachable on all platforms. 'ResultPropertyCollection.Contains(string)' is only supported on: 'windows'. (https://learn.microsoft.com/dotnet/fundamentals/code-analysis/quality-rules/ca1416)
warning	CA1416	src/System.Web.ReferenceSource/Security/ADMembershipProvider.cs	2707	31	Security	warning	This call site is reachable on all platforms. 'SearchResult.Properties' is only supported on: 'windows'. (https://learn.microsoft.com/dotnet/fundamentals/code-analysis/quality-rules/ca1416)
warning	CA1416	src/System.Web.ReferenceSource/Security/ADMembershipProvider.cs	2707	78	Security	warning	This call site is reachable on all platforms. 'ResultPropertyCollection.this[string]' is only supported on: 'windows'. (https://learn.microsoft.com/dotnet/fundamentals/code-analysis/quality-rules/ca1416)
warning	CA1416	src/System.Web.ReferenceSource/Security/ADMembershipProvider.cs	2707	78	Security	warning	This call site is reachable on all platforms. 'ResultPropertyValueCollection.this[int]' is only supported on: 'windows'. (https://learn.microsoft.com/dotnet/fundamentals/code-analysis/quality-rules/ca1416)
warning	CA1416	src/System.Web.ReferenceSource/Security/ADMembershipProvider.cs	2707	78	Security	warning	This call site is reachable on all platforms. 'SearchResult.Properties' is only supported on: 'windows'. (https://learn.microsoft.com/dotnet/fundamentals/code-analysis/quality-rules/ca1416)
warning	CA1416	src/System.Web.ReferenceSource/Security/ADMembershipProvider.cs	2726	21	Security	warning	This call site is reachable on all platforms. 'ResultPropertyCollection.Contains(string)' is only supported on: 'windows'. (https://learn.microsoft.com/dotnet/fundamentals/code-analysis/quality-rules/ca1416)
warning	CA1416	src/System.Web.ReferenceSource/Security/ADMembershipProvider.cs	2726	21	Security	warning	This call site is reachable on all platforms. 'SearchResult.Properties' is only supported on: 'windows'. (https://learn.microsoft.com/dotnet/fundamentals/code-analysis/quality-rules/ca1416)
warning	CA1416	src/System.Web.ReferenceSource/Security/ADMembershipProvider.cs	2732	26	Security	warning	This call site is reachable on all platforms. 'ResultPropertyCollection.Contains(string)' is only supported on: 'windows'. (https://learn.microsoft.com/dotnet/fundamentals/code-analysis/quality-rules/ca1416)
warning	CA1416	src/System.Web.ReferenceSource/Security/ADMembershipProvider.cs	2732	26	Security	warning	This call site is reachable on all platforms. 'SearchResult.Properties' is only supported on: 'windows'. (https://learn.microsoft.com/dotnet/fundamentals/code-analysis/quality-rules/ca1416)
warning	CA1416	src/System.Web.ReferenceSource/Security/ADMembershipProvider.cs	2746	21	Security	warning	This call site is reachable on all platforms. 'ResultPropertyCollection.Contains(string)' is only supported on: 'windows'. (https://learn.microsoft.com/dotnet/fundamentals/code-analysis/quality-rules/ca1416)
warning	CA1416	src/System.Web.ReferenceSource/Security/ADMembershipProvider.cs	2746	21	Security	warning	This call site is reachable on all platforms. 'SearchResult.Properties' is only supported on: 'windows'. (https://learn.microsoft.com/dotnet/fundamentals/code-analysis/quality-rules/ca1416)
warning	CA1416	src/System.Web.ReferenceSource/Security/ADMembershipProvider.cs	2766	43	Security	warning	This call site is reachable on all platforms. 'ResultPropertyCollection.Contains(string)' is only supported on: 'windows'. (https://learn.microsoft.com/dotnet/fundamentals/code-analysis/quality-rules/ca1416)
warning	CA1416	src/System.Web.ReferenceSource/Security/ADMembershipProvider.cs	2766	43	Security	warning	This call site is reachable on all platforms. 'SearchResult.Properties' is only supported on: 'windows'. (https://learn.microsoft.com/dotnet/fundamentals/code-analysis/quality-rules/ca1416)
warning	SYSLIB0023	src/System.Web.ReferenceSource/Security/ADMembershipProvider.cs	2916	13	Security	warning	'RNGCryptoServiceProvider' is obsolete: 'RNGCryptoServiceProvider is obsolete. To generate a random number, use one of the RandomNumberGenerator static methods instead.' (https://aka.ms/dotnet-warnings/SYSLIB0023)
warning	SYSLIB0023	src/System.Web.ReferenceSource/Security/ADMembershipProvider.cs	2916	48	Security	warning	'RNGCryptoServiceProvider' is obsolete: 'RNGCryptoServiceProvider is obsolete. To generate a random number, use one of the RandomNumberGenerator static methods instead.' (https://aka.ms/dotnet-warnings/SYSLIB0023)
warning	CA1416	src/System.Web.ReferenceSource/Security/ADMembershipProvider.cs	3018	25	Security	warning	This call site is reachable on all platforms. 'DirectoryEntry.Options' is only supported on: 'windows'. (https://learn.microsoft.com/dotnet/fundamentals/code-analysis/quality-rules/ca1416)
warning	CA1416	src/System.Web.ReferenceSource/Security/ADMembershipProvider.cs	3018	25	Security	warning	This call site is reachable on all platforms. 'DirectoryEntryConfiguration.PasswordPort' is only supported on: 'windows'. (https://learn.microsoft.com/dotnet/fundamentals/code-analysis/quality-rules/ca1416)
warning	CA1416	src/System.Web.ReferenceSource/Security/ADMembershipProvider.cs	3019	25	Security	warning	This call site is reachable on all platforms. 'DirectoryEntry.Options' is only supported on: 'windows'. (https://learn.microsoft.com/dotnet/fundamentals/code-analysis/quality-rules/ca1416)
warning	CA1416	src/System.Web.ReferenceSource/Security/ADMembershipProvider.cs	3019	25	Security	warning	This call site is reachable on all platforms. 'DirectoryEntryConfiguration.PasswordEncoding' is only supported on: 'windows'. (https://learn.microsoft.com/dotnet/fundamentals/code-analysis/quality-rules/ca1416)
warning	CA1416	src/System.Web.ReferenceSource/Security/ADMembershipProvider.cs	3019	62	Security	warning	This call site is reachable on all platforms. 'PasswordEncodingMethod.PasswordEncodingSsl' is only supported on: 'windows'. (https://learn.microsoft.com/dotnet/fundamentals/code-analysis/quality-rules/ca1416)
warning	CA1416	src/System.Web.ReferenceSource/Security/ADMembershipProvider.cs	3023	25	Security	warning	This call site is reachable on all platforms. 'DirectoryEntry.Options' is only supported on: 'windows'. (https://learn.microsoft.com/dotnet/fundamentals/code-analysis/quality-rules/ca1416)
warning	CA1416	src/System.Web.ReferenceSource/Security/ADMembershipProvider.cs	3023	25	Security	warning	This call site is reachable on all platforms. 'DirectoryEntryConfiguration.PasswordPort' is only supported on: 'windows'. (https://learn.microsoft.com/dotnet/fundamentals/code-analysis/quality-rules/ca1416)
warning	CA1416	src/System.Web.ReferenceSource/Security/ADMembershipProvider.cs	3024	25	Security	warning	This call site is reachable on all platforms. 'DirectoryEntry.Options' is only supported on: 'windows'. (https://learn.microsoft.com/dotnet/fundamentals/code-analysis/quality-rules/ca1416)
warning	CA1416	src/System.Web.ReferenceSource/Security/ADMembershipProvider.cs	3024	25	Security	warning	This call site is reachable on all platforms. 'DirectoryEntryConfiguration.PasswordEncoding' is only supported on: 'windows'. (https://learn.microsoft.com/dotnet/fundamentals/code-analysis/quality-rules/ca1416)
warning	CA1416	src/System.Web.ReferenceSource/Security/ADMembershipProvider.cs	3024	62	Security	warning	This call site is reachable on all platforms. 'PasswordEncodingMethod.PasswordEncodingClear' is only supported on: 'windows'. (https://learn.microsoft.com/dotnet/fundamentals/code-analysis/quality-rules/ca1416)
warning	CA1416	src/System.Web.ReferenceSource/Security/ADMembershipProvider.cs	3057	40	Security	warning	This call site is reachable on all platforms. 'DirectoryEntry' is only supported on: 'windows'. (https://learn.microsoft.com/dotnet/fundamentals/code-analysis/quality-rules/ca1416)
warning	CA1416	src/System.Web.ReferenceSource/Security/ADMembershipProvider.cs	3059	42	Security	warning	This call site is reachable on all platforms. 'DirectorySearcher' is only supported on: 'windows'. (https://learn.microsoft.com/dotnet/fundamentals/code-analysis/quality-rules/ca1416)
warning	CA1416	src/System.Web.ReferenceSource/Security/ADMembershipProvider.cs	3060	13	Security	warning	This call site is reachable on all platforms. 'DirectorySearcher.Filter' is only supported on: 'windows'. (https://learn.microsoft.com/dotnet/fundamentals/code-analysis/quality-rules/ca1416)
warning	CA1416	src/System.Web.ReferenceSource/Security/ADMembershipProvider.cs	3061	13	Security	warning	This call site is reachable on all platforms. 'DirectorySearcher.SearchScope' is only supported on: 'windows'. (https://learn.microsoft.com/dotnet/fundamentals/code-analysis/quality-rules/ca1416)
warning	CA1416	src/System.Web.ReferenceSource/Security/ADMembershipProvider.cs	3061	36	Security	warning	This call site is reachable on all platforms. 'SearchScope.Subtree' is only supported on: 'windows'. (https://learn.microsoft.com/dotnet/fundamentals/code-analysis/quality-rules/ca1416)
warning	CA1416	src/System.Web.ReferenceSource/Security/ADMembershipProvider.cs	3064	17	Security	warning	This call site is reachable on all platforms. 'DirectorySearcher.ClientTimeout' is only supported on: 'windows'. (https://learn.microsoft.com/dotnet/fundamentals/code-analysis/quality-rules/ca1416)
warning	CA1416	src/System.Web.ReferenceSource/Security/ADMembershipProvider.cs	3066	17	Security	warning	This call site is reachable on all platforms. 'DirectorySearcher.ServerPageTimeLimit' is only supported on: 'windows'. (https://learn.microsoft.com/dotnet/fundamentals/code-analysis/quality-rules/ca1416)
warning	CA1416	src/System.Web.ReferenceSource/Security/ADMembershipProvider.cs	3071	27	Security	warning	This call site is reachable on all platforms. 'DirectorySearcher.FindOne()' is only supported on: 'windows'. (https://learn.microsoft.com/dotnet/fundamentals/code-analysis/quality-rules/ca1416)
warning	CA1416	src/System.Web.ReferenceSource/Security/ADMembershipProvider.cs	3092	34	Security	warning	This call site is reachable on all platforms. 'DirectoryEntry' is only supported on: 'windows'. (https://learn.microsoft.com/dotnet/fundamentals/code-analysis/quality-rules/ca1416)
warning	CA1416	src/System.Web.ReferenceSource/Security/ADMembershipProvider.cs	3096	42	Security	warning	This call site is reachable on all platforms. 'DirectorySearcher' is only supported on: 'windows'. (https://learn.microsoft.com/dotnet/fundamentals/code-analysis/quality-rules/ca1416)
warning	CA1416	src/System.Web.ReferenceSource/Security/ADMembershipProvider.cs	3098	17	Security	warning	This call site is reachable on all platforms. 'DirectorySearcher.Filter' is only supported on: 'windows'. (https://learn.microsoft.com/dotnet/fundamentals/code-analysis/quality-rules/ca1416)
warning	CA1416	src/System.Web.ReferenceSource/Security/ADMembershipProvider.cs	3100	17	Security	warning	This call site is reachable on all platforms. 'DirectorySearcher.Filter' is only supported on: 'windows'. (https://learn.microsoft.com/dotnet/fundamentals/code-analysis/quality-rules/ca1416)
warning	CA1416	src/System.Web.ReferenceSource/Security/ADMembershipProvider.cs	3101	13	Security	warning	This call site is reachable on all platforms. 'DirectorySearcher.SearchScope' is only supported on: 'windows'. (https://learn.microsoft.com/dotnet/fundamentals/code-analysis/quality-rules/ca1416)
warning	CA1416	src/System.Web.ReferenceSource/Security/ADMembershipProvider.cs	3101	36	Security	warning	This call site is reachable on all platforms. 'SearchScope.Subtree' is only supported on: 'windows'. (https://learn.microsoft.com/dotnet/fundamentals/code-analysis/quality-rules/ca1416)
warning	CA1416	src/System.Web.ReferenceSource/Security/ADMembershipProvider.cs	3104	17	Security	warning	This call site is reachable on all platforms. 'DirectorySearcher.ClientTimeout' is only supported on: 'windows'. (https://learn.microsoft.com/dotnet/fundamentals/code-analysis/quality-rules/ca1416)
warning	CA1416	src/System.Web.ReferenceSource/Security/ADMembershipProvider.cs	3106	17	Security	warning	This call site is reachable on all platforms. 'DirectorySearcher.ServerPageTimeLimit' is only supported on: 'windows'. (https://learn.microsoft.com/dotnet/fundamentals/code-analysis/quality-rules/ca1416)
warning	CA1416	src/System.Web.ReferenceSource/Security/ADMembershipProvider.cs	3111	27	Security	warning	This call site is reachable on all platforms. 'DirectorySearcher.FindOne()' is only supported on: 'windows'. (https://learn.microsoft.com/dotnet/fundamentals/code-analysis/quality-rules/ca1416)
warning	CA1416	src/System.Web.ReferenceSource/Security/ADMembershipProvider.cs	3204	48	Security	warning	This call site is reachable on all platforms. 'DirectoryEntry' is only supported on: 'windows'. (https://learn.microsoft.com/dotnet/fundamentals/code-analysis/quality-rules/ca1416)
warning	CA1416	src/System.Web.ReferenceSource/Security/ADMembershipProvider.cs	3209	42	Security	warning	This call site is reachable on all platforms. 'DirectoryEntry.InvokeGet(string)' is only supported on: 'windows'. (https://learn.microsoft.com/dotnet/fundamentals/code-analysis/quality-rules/ca1416)
warning	CA1416	src/System.Web.ReferenceSource/Security/ADMembershipProvider.cs	3225	43	Security	warning	This call site is reachable on all platforms. 'DirectoryEntry.InvokeGet(string)' is only supported on: 'windows'. (https://learn.microsoft.com/dotnet/fundamentals/code-analysis/quality-rules/ca1416)
warning	CA1416	src/System.Web.ReferenceSource/Security/ADMembershipProvider.cs	3244	49	Security	warning	This call site is reachable on all platforms. 'DirectoryEntry.InvokeGet(string)' is only supported on: 'windows'. (https://learn.microsoft.com/dotnet/fundamentals/code-analysis/quality-rules/ca1416)
warning	CA1416	src/System.Web.ReferenceSource/Security/ADMembershipProvider.cs	3268	44	Security	warning	This call site is reachable on all platforms. 'DirectoryEntry' is only supported on: 'windows'. (https://learn.microsoft.com/dotnet/fundamentals/code-analysis/quality-rules/ca1416)
warning	CA1416	src/System.Web.ReferenceSource/Security/ADMembershipProvider.cs	3272	36	Security	warning	This call site is reachable on all platforms. 'DirectoryEntry.InvokeGet(string)' is only supported on: 'windows'. (https://learn.microsoft.com/dotnet/fundamentals/code-analysis/quality-rules/ca1416)
warning	CA1416	src/System.Web.ReferenceSource/Security/ADMembershipProvider.cs	3289	33	Security	warning	This call site is reachable on all platforms. 'DirectoryEntry' is only supported on: 'windows'. (https://learn.microsoft.com/dotnet/fundamentals/code-analysis/quality-rules/ca1416)
warning	CA1416	src/System.Web.ReferenceSource/Security/ADMembershipProvider.cs	3296	25	Security	warning	This call site is reachable on all platforms. 'DirectoryEntry.InvokeGet(string)' is only supported on: 'windows'. (https://learn.microsoft.com/dotnet/fundamentals/code-analysis/quality-rules/ca1416)
warning	CA1416	src/System.Web.ReferenceSource/Security/ADMembershipProvider.cs	3330	25	Security	warning	This call site is reachable on all platforms. 'DirectoryEntry.InvokeGet(string)' is only supported on: 'windows'. (https://learn.microsoft.com/dotnet/fundamentals/code-analysis/quality-rules/ca1416)
warning	SYSLIB0023	src/System.Web.ReferenceSource/Security/ADMembershipProvider.cs	3403	18	Security	warning	'RNGCryptoServiceProvider' is obsolete: 'RNGCryptoServiceProvider is obsolete. To generate a random number, use one of the RandomNumberGenerator static methods instead.' (https://aka.ms/dotnet-warnings/SYSLIB0023)
warning	CA1416	src/System.Web.ReferenceSource/Security/ADMembershipProvider.cs	3442	58	Security	warning	This call site is reachable on all platforms. 'AuthenticationTypes.None' is only supported on: 'windows'. (https://learn.microsoft.com/dotnet/fundamentals/code-analysis/quality-rules/ca1416)
warning	CA1416	src/System.Web.ReferenceSource/Security/ADMembershipProvider.cs	3463	23	Security	warning	This call site is reachable on all platforms. 'AuthenticationTypes.None' is only supported on: 'windows'. (https://learn.microsoft.com/dotnet/fundamentals/code-analysis/quality-rules/ca1416)
warning	CA1416	src/System.Web.ReferenceSource/Security/ADMembershipProvider.cs	3463	49	Security	warning	This call site is reachable on all platforms. 'AuthenticationTypes.None' is only supported on: 'windows'. (https://learn.microsoft.com/dotnet/fundamentals/code-analysis/quality-rules/ca1416)
warning	CA1416	src/System.Web.ReferenceSource/Security/ADMembershipProvider.cs	3464	24	Security	warning	This call site is reachable on all platforms. 'AuthenticationTypes.Secure' is only supported on: 'windows'. (https://learn.microsoft.com/dotnet/fundamentals/code-analysis/quality-rules/ca1416)
warning	CA1416	src/System.Web.ReferenceSource/Security/ADMembershipProvider.cs	3464	53	Security	warning	This call site is reachable on all platforms. 'AuthenticationTypes.SecureSocketsLayer' is only supported on: 'windows'. (https://learn.microsoft.com/dotnet/fundamentals/code-analysis/quality-rules/ca1416)
warning	CA1416	src/System.Web.ReferenceSource/Security/ADMembershipProvider.cs	3464	94	Security	warning	This call site is reachable on all platforms. 'AuthenticationTypes.SecureSocketsLayer' is only supported on: 'windows'. (https://learn.microsoft.com/dotnet/fundamentals/code-analysis/quality-rules/ca1416)
warning	CA1416	src/System.Web.ReferenceSource/Security/ADMembershipProvider.cs	3465	24	Security	warning	This call site is reachable on all platforms. 'AuthenticationTypes.Secure' is only supported on: 'windows'. (https://learn.microsoft.com/dotnet/fundamentals/code-analysis/quality-rules/ca1416)
warning	CA1416	src/System.Web.ReferenceSource/Security/ADMembershipProvider.cs	3465	53	Security	warning	This call site is reachable on all platforms. 'AuthenticationTypes.Signing' is only supported on: 'windows'. (https://learn.microsoft.com/dotnet/fundamentals/code-analysis/quality-rules/ca1416)
warning	CA1416	src/System.Web.ReferenceSource/Security/ADMembershipProvider.cs	3465	83	Security	warning	This call site is reachable on all platforms. 'AuthenticationTypes.Sealing' is only supported on: 'windows'. (https://learn.microsoft.com/dotnet/fundamentals/code-analysis/quality-rules/ca1416)
warning	CA1416	src/System.Web.ReferenceSource/Security/ADMembershipProvider.cs	3465	112	Security	warning	This call site is reachable on all platforms. 'AuthenticationTypes.Secure' is only supported on: 'windows'. (https://learn.microsoft.com/dotnet/fundamentals/code-analysis/quality-rules/ca1416)
warning	CA1416	src/System.Web.ReferenceSource/Security/ADMembershipProvider.cs	3465	141	Security	warning	This call site is reachable on all platforms. 'AuthenticationTypes.Signing' is only supported on: 'windows'. (https://learn.microsoft.com/dotnet/fundamentals/code-analysis/quality-rules/ca1416)
warning	CA1416	src/System.Web.ReferenceSource/Security/ADMembershipProvider.cs	3465	171	Security	warning	This call site is reachable on all platforms. 'AuthenticationTypes.Sealing' is only supported on: 'windows'. (https://learn.microsoft.com/dotnet/fundamentals/code-analysis/quality-rules/ca1416)
warning	CA1416	src/System.Web.ReferenceSource/Security/ADMembershipProvider.cs	3568	35	Security	warning	This call site is reachable on all platforms. 'DirectoryEntry' is only supported on: 'windows'. (https://learn.microsoft.com/dotnet/fundamentals/code-analysis/quality-rules/ca1416)
warning	CA1416	src/System.Web.ReferenceSource/Security/ADMembershipProvider.cs	3570	25	Security	warning	This call site is reachable on all platforms. 'DirectoryEntry.RefreshCache()' is only supported on: 'windows'. (https://learn.microsoft.com/dotnet/fundamentals/code-analysis/quality-rules/ca1416)
warning	CA1416	src/System.Web.ReferenceSource/Security/ADMembershipProvider.cs	3611	35	Security	warning	This call site is reachable on all platforms. 'DirectoryEntry' is only supported on: 'windows'. (https://learn.microsoft.com/dotnet/fundamentals/code-analysis/quality-rules/ca1416)
warning	CA1416	src/System.Web.ReferenceSource/Security/ADMembershipProvider.cs	3613	25	Security	warning	This call site is reachable on all platforms. 'DirectoryEntry.RefreshCache()' is only supported on: 'windows'. (https://learn.microsoft.com/dotnet/fundamentals/code-analysis/quality-rules/ca1416)
warning	CA1416	src/System.Web.ReferenceSource/Security/ADMembershipProvider.cs	3642	35	Security	warning	This call site is reachable on all platforms. 'DirectoryEntry' is only supported on: 'windows'. (https://learn.microsoft.com/dotnet/fundamentals/code-analysis/quality-rules/ca1416)
warning	CA1416	src/System.Web.ReferenceSource/Security/ADMembershipProvider.cs	3643	25	Security	warning	This call site is reachable on all platforms. 'DirectoryEntry.RefreshCache()' is only supported on: 'windows'. (https://learn.microsoft.com/dotnet/fundamentals/code-analysis/quality-rules/ca1416)
warning	CA1416	src/System.Web.ReferenceSource/Security/ADMembershipProvider.cs	3670	27	Security	warning	This call site is reachable on all platforms. 'DirectoryEntry' is only supported on: 'windows'. (https://learn.microsoft.com/dotnet/fundamentals/code-analysis/quality-rules/ca1416)
warning	CA1416	src/System.Web.ReferenceSource/Security/ADMembershipProvider.cs	3679	27	Security	warning	This call site is reachable on all platforms. 'DirectoryEntry' is only supported on: 'windows'. (https://learn.microsoft.com/dotnet/fundamentals/code-analysis/quality-rules/ca1416)
warning	CA1416	src/System.Web.ReferenceSource/Security/ADMembershipProvider.cs	3704	43	Security	warning	This call site is reachable on all platforms. 'DirectoryEntry.Properties' is only supported on: 'windows'. (https://learn.microsoft.com/dotnet/fundamentals/code-analysis/quality-rules/ca1416)
warning	CA1416	src/System.Web.ReferenceSource/Security/ADMembershipProvider.cs	3704	43	Security	warning	This call site is reachable on all platforms. 'PropertyCollection.this[string]' is only supported on: 'windows'. (https://learn.microsoft.com/dotnet/fundamentals/code-analysis/quality-rules/ca1416)
warning	CA1416	src/System.Web.ReferenceSource/Security/ADMembershipProvider.cs	3704	43	Security	warning	This call site is reachable on all platforms. 'PropertyValueCollection.Value' is only supported on: 'windows'. (https://learn.microsoft.com/dotnet/fundamentals/code-analysis/quality-rules/ca1416)
warning	CA1416	src/System.Web.ReferenceSource/Security/ADMembershipProvider.cs	3712	53	Security	warning	This call site is reachable on all platforms. 'DirectoryEntry' is only supported on: 'windows'. (https://learn.microsoft.com/dotnet/fundamentals/code-analysis/quality-rules/ca1416)
warning	CA1416	src/System.Web.ReferenceSource/Security/ADMembershipProvider.cs	3737	49	Security	warning	This call site is reachable on all platforms. 'DirectoryEntry' is only supported on: 'windows'. (https://learn.microsoft.com/dotnet/fundamentals/code-analysis/quality-rules/ca1416)
warning	CA1416	src/System.Web.ReferenceSource/Security/ADMembershipProvider.cs	3828	41	Security	warning	This call site is reachable on all platforms. 'DirectoryEntry' is only supported on: 'windows'. (https://learn.microsoft.com/dotnet/fundamentals/code-analysis/quality-rules/ca1416)
warning	CA1416	src/System.Web.ReferenceSource/Security/ADMembershipProvider.cs	3917	44	Security	warning	This call site is reachable on all platforms. 'DirectoryContext' is only supported on: 'windows'. (https://learn.microsoft.com/dotnet/fundamentals/code-analysis/quality-rules/ca1416)
warning	CA1416	src/System.Web.ReferenceSource/Security/ADMembershipProvider.cs	3917	65	Security	warning	This call site is reachable on all platforms. 'DirectoryContextType.Domain' is only supported on: 'windows'. (https://learn.microsoft.com/dotnet/fundamentals/code-analysis/quality-rules/ca1416)
warning	CA1416	src/System.Web.ReferenceSource/Security/ADMembershipProvider.cs	3920	37	Security	warning	This call site is reachable on all platforms. 'Domain.GetDomain(DirectoryContext)' is only supported on: 'windows'. (https://learn.microsoft.com/dotnet/fundamentals/code-analysis/quality-rules/ca1416)
warning	CA1416	src/System.Web.ReferenceSource/Security/ADMembershipProvider.cs	3921	66	Security	warning	This call site is reachable on all platforms. 'ActiveDirectoryPartition.Name' is only supported on: 'windows'. (https://learn.microsoft.com/dotnet/fundamentals/code-analysis/quality-rules/ca1416)
warning	CA1416	src/System.Web.ReferenceSource/Security/ADMembershipProvider.cs	3922	34	Security	warning	This call site is reachable on all platforms. 'Domain.Forest' is only supported on: 'windows'. (https://learn.microsoft.com/dotnet/fundamentals/code-analysis/quality-rules/ca1416)
warning	CA1416	src/System.Web.ReferenceSource/Security/ADMembershipProvider.cs	3922	34	Security	warning	This call site is reachable on all platforms. 'Forest.Name' is only supported on: 'windows'. (https://learn.microsoft.com/dotnet/fundamentals/code-analysis/quality-rules/ca1416)
warning	CA1416	src/System.Web.ReferenceSource/Security/ADMembershipProvider.cs	3933	44	Security	warning	This call site is reachable on all platforms. 'DirectoryContext' is only supported on: 'windows'. (https://learn.microsoft.com/dotnet/fundamentals/code-analysis/quality-rules/ca1416)
warning	CA1416	src/System.Web.ReferenceSource/Security/ADMembershipProvider.cs	3933	65	Security	warning	This call site is reachable on all platforms. 'DirectoryContextType.DirectoryServer' is only supported on: 'windows'. (https://learn.microsoft.com/dotnet/fundamentals/code-analysis/quality-rules/ca1416)
warning	CA1416	src/System.Web.ReferenceSource/Security/ADMembershipProvider.cs	3936	37	Security	warning	This call site is reachable on all platforms. 'Domain.GetDomain(DirectoryContext)' is only supported on: 'windows'. (https://learn.microsoft.com/dotnet/fundamentals/code-analysis/quality-rules/ca1416)
warning	CA1416	src/System.Web.ReferenceSource/Security/ADMembershipProvider.cs	3937	66	Security	warning	This call site is reachable on all platforms. 'ActiveDirectoryPartition.Name' is only supported on: 'windows'. (https://learn.microsoft.com/dotnet/fundamentals/code-analysis/quality-rules/ca1416)
warning	CA1416	src/System.Web.ReferenceSource/Security/ADMembershipProvider.cs	3938	34	Security	warning	This call site is reachable on all platforms. 'Domain.Forest' is only supported on: 'windows'. (https://learn.microsoft.com/dotnet/fundamentals/code-analysis/quality-rules/ca1416)
warning	CA1416	src/System.Web.ReferenceSource/Security/ADMembershipProvider.cs	3938	34	Security	warning	This call site is reachable on all platforms. 'Forest.Name' is only supported on: 'windows'. (https://learn.microsoft.com/dotnet/fundamentals/code-analysis/quality-rules/ca1416)
warning	SYSLIB0003	src/System.Web.ReferenceSource/Security/ADMembershipProvider.cs	4044	10	Security	warning	'EnvironmentPermissionAttribute' is obsolete: 'Code Access Security is not supported or honored by the runtime.' (https://aka.ms/dotnet-warnings/SYSLIB0003)
warning	SYSLIB0003	src/System.Web.ReferenceSource/Security/ADMembershipProvider.cs	4044	32	Security	warning	'SecurityAction' is obsolete: 'Code Access Security is not supported or honored by the runtime.' (https://aka.ms/dotnet-warnings/SYSLIB0003)
warning	SYSLIB0003	src/System.Web.ReferenceSource/Security/ADMembershipProvider.cs	4045	10	Security	warning	'SecurityPermissionAttribute' is obsolete: 'Code Access Security is not supported or honored by the runtime.' (https://aka.ms/dotnet-warnings/SYSLIB0003)
warning	SYSLIB0003	src/System.Web.ReferenceSource/Security/ADMembershipProvider.cs	4045	29	Security	warning	'SecurityAction' is obsolete: 'Code Access Security is not supported or honored by the runtime.' (https://aka.ms/dotnet-warnings/SYSLIB0003)
warning	SYSLIB0003	src/System.Web.ReferenceSource/Security/ADMembershipProvider.cs	4045	58	Security	warning	'SecurityPermissionFlag' is obsolete: 'Code Access Security is not supported or honored by the runtime.' (https://aka.ms/dotnet-warnings/SYSLIB0003)
warning	SYSLIB0003	src/System.Web.ReferenceSource/Security/ADMembershipProvider.cs	4060	10	Security	warning	'EnvironmentPermissionAttribute' is obsolete: 'Code Access Security is not supported or honored by the runtime.' (https://aka.ms/dotnet-warnings/SYSLIB0003)
warning	SYSLIB0003	src/System.Web.ReferenceSource/Security/ADMembershipProvider.cs	4060	32	Security	warning	'SecurityAction' is obsolete: 'Code Access Security is not supported or honored by the runtime.' (https://aka.ms/dotnet-warnings/SYSLIB0003)
warning	SYSLIB0003	src/System.Web.ReferenceSource/Security/ADMembershipProvider.cs	4061	10	Security	warning	'SecurityPermissionAttribute' is obsolete: 'Code Access Security is not supported or honored by the runtime.' (https://aka.ms/dotnet-warnings/SYSLIB0003)
warning	SYSLIB0003	src/System.Web.ReferenceSource/Security/ADMembershipProvider.cs	4061	29	Security	warning	'SecurityAction' is obsolete: 'Code Access Security is not supported or honored by the runtime.' (https://aka.ms/dotnet-warnings/SYSLIB0003)
warning	SYSLIB0003	src/System.Web.ReferenceSource/Security/ADMembershipProvider.cs	4061	58	Security	warning	'SecurityPermissionFlag' is obsolete: 'Code Access Security is not supported or honored by the runtime.' (https://aka.ms/dotnet-warnings/SYSLIB0003)
warning	SYSLIB0003	src/System.Web.ReferenceSource/Security/ADMembershipProvider.cs	4086	10	Security	warning	'EnvironmentPermissionAttribute' is obsolete: 'Code Access Security is not supported or honored by the runtime.' (https://aka.ms/dotnet-warnings/SYSLIB0003)
warning	SYSLIB0003	src/System.Web.ReferenceSource/Security/ADMembershipProvider.cs	4086	32	Security	warning	'SecurityAction' is obsolete: 'Code Access Security is not supported or honored by the runtime.' (https://aka.ms/dotnet-warnings/SYSLIB0003)
warning	SYSLIB0003	src/System.Web.ReferenceSource/Security/ADMembershipProvider.cs	4087	10	Security	warning	'SecurityPermissionAttribute' is obsolete: 'Code Access Security is not supported or honored by the runtime.' (https://aka.ms/dotnet-warnings/SYSLIB0003)
warning	SYSLIB0003	src/System.Web.ReferenceSource/Security/ADMembershipProvider.cs	4087	29	Security	warning	'SecurityAction' is obsolete: 'Code Access Security is not supported or honored by the runtime.' (https://aka.ms/dotnet-warnings/SYSLIB0003)
warning	SYSLIB0003	src/System.Web.ReferenceSource/Security/ADMembershipProvider.cs	4087	58	Security	warning	'SecurityPermissionFlag' is obsolete: 'Code Access Security is not supported or honored by the runtime.' (https://aka.ms/dotnet-warnings/SYSLIB0003)
warning	SYSLIB0003	src/System.Web.ReferenceSource/Security/ADMembershipProvider.cs	4096	10	Security	warning	'EnvironmentPermissionAttribute' is obsolete: 'Code Access Security is not supported or honored by the runtime.' (https://aka.ms/dotnet-warnings/SYSLIB0003)
warning	SYSLIB0003	src/System.Web.ReferenceSource/Security/ADMembershipProvider.cs	4096	32	Security	warning	'SecurityAction' is obsolete: 'Code Access Security is not supported or honored by the runtime.' (https://aka.ms/dotnet-warnings/SYSLIB0003)
warning	SYSLIB0003	src/System.Web.ReferenceSource/Security/ADMembershipProvider.cs	4097	10	Security	warning	'SecurityPermissionAttribute' is obsolete: 'Code Access Security is not supported or honored by the runtime.' (https://aka.ms/dotnet-warnings/SYSLIB0003)
warning	SYSLIB0003	src/System.Web.ReferenceSource/Security/ADMembershipProvider.cs	4097	29	Security	warning	'SecurityAction' is obsolete: 'Code Access Security is not supported or honored by the runtime.' (https://aka.ms/dotnet-warnings/SYSLIB0003)
warning	SYSLIB0003	src/System.Web.ReferenceSource/Security/ADMembershipProvider.cs	4097	58	Security	warning	'SecurityPermissionFlag' is obsolete: 'Code Access Security is not supported or honored by the runtime.' (https://aka.ms/dotnet-warnings/SYSLIB0003)
warning	CA1416	src/System.Web.ReferenceSource/Security/ADMembershipProvider.cs	4173	45	Security	warning	This call site is reachable on all platforms. 'DirectoryEntry.Properties' is only supported on: 'windows'. (https://learn.microsoft.com/dotnet/fundamentals/code-analysis/quality-rules/ca1416)
warning	CA1416	src/System.Web.ReferenceSource/Security/ADMembershipProvider.cs	4173	45	Security	warning	This call site is reachable on all platforms. 'PropertyCollection.this[string]' is only supported on: 'windows'. (https://learn.microsoft.com/dotnet/fundamentals/code-analysis/quality-rules/ca1416)
warning	CA1416	src/System.Web.ReferenceSource/Security/ADMembershipProvider.cs	4202	33	Security	warning	This call site is reachable on all platforms. 'DirectoryEntry' is only supported on: 'windows'. (https://learn.microsoft.com/dotnet/fundamentals/code-analysis/quality-rules/ca1416)
warning	CA1416	src/System.Web.ReferenceSource/Security/ADMembershipProvider.cs	4209	25	Security	warning	This call site is reachable on all platforms. 'DirectoryEntry.InvokeGet(string)' is only supported on: 'windows'. (https://learn.microsoft.com/dotnet/fundamentals/code-analysis/quality-rules/ca1416)
warning	CA1416	src/System.Web.ReferenceSource/Security/ADMembershipProvider.cs	4243	39	Security	warning	This call site is reachable on all platforms. 'DirectoryEntry' is only supported on: 'windows'. (https://learn.microsoft.com/dotnet/fundamentals/code-analysis/quality-rules/ca1416)
warning	CA1416	src/System.Web.ReferenceSource/Security/ADMembershipProvider.cs	4243	78	Security	warning	This call site is reachable on all platforms. 'DirectoryEntry.Properties' is only supported on: 'windows'. (https://learn.microsoft.com/dotnet/fundamentals/code-analysis/quality-rules/ca1416)
warning	CA1416	src/System.Web.ReferenceSource/Security/ADMembershipProvider.cs	4243	78	Security	warning	This call site is reachable on all platforms. 'PropertyCollection.this[string]' is only supported on: 'windows'. (https://learn.microsoft.com/dotnet/fundamentals/code-analysis/quality-rules/ca1416)
warning	CA1416	src/System.Web.ReferenceSource/Security/ADMembershipProvider.cs	4243	78	Security	warning	This call site is reachable on all platforms. 'PropertyValueCollection.Value' is only supported on: 'windows'. (https://learn.microsoft.com/dotnet/fundamentals/code-analysis/quality-rules/ca1416)
warning	CA1416	src/System.Web.ReferenceSource/Security/ADMembershipProvider.cs	4244	42	Security	warning	This call site is reachable on all platforms. 'DirectorySearcher' is only supported on: 'windows'. (https://learn.microsoft.com/dotnet/fundamentals/code-analysis/quality-rules/ca1416)
warning	CA1416	src/System.Web.ReferenceSource/Security/ADMembershipProvider.cs	4246	13	Security	warning	This call site is reachable on all platforms. 'DirectorySearcher.Filter' is only supported on: 'windows'. (https://learn.microsoft.com/dotnet/fundamentals/code-analysis/quality-rules/ca1416)
warning	CA1416	src/System.Web.ReferenceSource/Security/ADMembershipProvider.cs	4248	17	Security	warning	This call site is reachable on all platforms. 'DirectorySearcher.Filter' is only supported on: 'windows'. (https://learn.microsoft.com/dotnet/fundamentals/code-analysis/quality-rules/ca1416)
warning	CA1416	src/System.Web.ReferenceSource/Security/ADMembershipProvider.cs	4249	13	Security	warning	This call site is reachable on all platforms. 'DirectorySearcher.Filter' is only supported on: 'windows'. (https://learn.microsoft.com/dotnet/fundamentals/code-analysis/quality-rules/ca1416)
warning	CA1416	src/System.Web.ReferenceSource/Security/ADMembershipProvider.cs	4251	13	Security	warning	This call site is reachable on all platforms. 'DirectorySearcher.SearchScope' is only supported on: 'windows'. (https://learn.microsoft.com/dotnet/fundamentals/code-analysis/quality-rules/ca1416)
warning	CA1416	src/System.Web.ReferenceSource/Security/ADMembershipProvider.cs	4251	36	Security	warning	This call site is reachable on all platforms. 'SearchScope.OneLevel' is only supported on: 'windows'. (https://learn.microsoft.com/dotnet/fundamentals/code-analysis/quality-rules/ca1416)
warning	CA1416	src/System.Web.ReferenceSource/Security/ADMembershipProvider.cs	4252	13	Security	warning	This call site is reachable on all platforms. 'DirectorySearcher.PropertiesToLoad' is only supported on: 'windows'. (https://learn.microsoft.com/dotnet/fundamentals/code-analysis/quality-rules/ca1416)
warning	CA1416	src/System.Web.ReferenceSource/Security/ADMembershipProvider.cs	4253	13	Security	warning	This call site is reachable on all platforms. 'DirectorySearcher.PropertiesToLoad' is only supported on: 'windows'. (https://learn.microsoft.com/dotnet/fundamentals/code-analysis/quality-rules/ca1416)
warning	CA1416	src/System.Web.ReferenceSource/Security/ADMembershipProvider.cs	4255	45	Security	warning	This call site is reachable on all platforms. 'DirectorySearcher.FindAll()' is only supported on: 'windows'. (https://learn.microsoft.com/dotnet/fundamentals/code-analysis/quality-rules/ca1416)
warning	CA1416	src/System.Web.ReferenceSource/Security/ADMembershipProvider.cs	4261	52	Security	warning	This call site is reachable on all platforms. 'ResultPropertyCollection.this[string]' is only supported on: 'windows'. (https://learn.microsoft.com/dotnet/fundamentals/code-analysis/quality-rules/ca1416)
warning	CA1416	src/System.Web.ReferenceSource/Security/ADMembershipProvider.cs	4261	52	Security	warning	This call site is reachable on all platforms. 'SearchResult.Properties' is only supported on: 'windows'. (https://learn.microsoft.com/dotnet/fundamentals/code-analysis/quality-rules/ca1416)
warning	CA1416	src/System.Web.ReferenceSource/Security/ADMembershipProvider.cs	4262	52	Security	warning	This call site is reachable on all platforms. 'ResultPropertyCollection.this[string]' is only supported on: 'windows'. (https://learn.microsoft.com/dotnet/fundamentals/code-analysis/quality-rules/ca1416)
warning	CA1416	src/System.Web.ReferenceSource/Security/ADMembershipProvider.cs	4262	52	Security	warning	This call site is reachable on all platforms. 'SearchResult.Properties' is only supported on: 'windows'. (https://learn.microsoft.com/dotnet/fundamentals/code-analysis/quality-rules/ca1416)
warning	CA1416	src/System.Web.ReferenceSource/Security/ADMembershipProvider.cs	4267	17	Security	warning	This call site is reachable on all platforms. 'SearchResultCollection.Dispose()' is only supported on: 'windows'. (https://learn.microsoft.com/dotnet/fundamentals/code-analysis/quality-rules/ca1416)
warning	CA1416	src/System.Web.ReferenceSource/Security/ADMembershipProvider.cs	4291	52	Security	warning	This call site is reachable on all platforms. 'DirectoryEntry.Properties' is only supported on: 'windows'. (https://learn.microsoft.com/dotnet/fundamentals/code-analysis/quality-rules/ca1416)
warning	CA1416	src/System.Web.ReferenceSource/Security/ADMembershipProvider.cs	4291	52	Security	warning	This call site is reachable on all platforms. 'PropertyCollection.this[string]' is only supported on: 'windows'. (https://learn.microsoft.com/dotnet/fundamentals/code-analysis/quality-rules/ca1416)
warning	CA1416	src/System.Web.ReferenceSource/Security/ADMembershipProvider.cs	4366	46	Security	warning	This call site is reachable on all platforms. 'DirectoryEntry' is only supported on: 'windows'. (https://learn.microsoft.com/dotnet/fundamentals/code-analysis/quality-rules/ca1416)
warning	CA1416	src/System.Web.ReferenceSource/Security/ADMembershipProvider.cs	4367	42	Security	warning	This call site is reachable on all platforms. 'DirectorySearcher' is only supported on: 'windows'. (https://learn.microsoft.com/dotnet/fundamentals/code-analysis/quality-rules/ca1416)
warning	CA1416	src/System.Web.ReferenceSource/Security/ADMembershipProvider.cs	4368	13	Security	warning	This call site is reachable on all platforms. 'DirectorySearcher.SearchScope' is only supported on: 'windows'. (https://learn.microsoft.com/dotnet/fundamentals/code-analysis/quality-rules/ca1416)
warning	CA1416	src/System.Web.ReferenceSource/Security/ADMembershipProvider.cs	4368	36	Security	warning	This call site is reachable on all platforms. 'SearchScope.OneLevel' is only supported on: 'windows'. (https://learn.microsoft.com/dotnet/fundamentals/code-analysis/quality-rules/ca1416)
warning	CA1416	src/System.Web.ReferenceSource/Security/ADMembershipProvider.cs	4375	13	Security	warning	This call site is reachable on all platforms. 'DirectorySearcher.Filter' is only supported on: 'windows'. (https://learn.microsoft.com/dotnet/fundamentals/code-analysis/quality-rules/ca1416)
warning	CA1416	src/System.Web.ReferenceSource/Security/ADMembershipProvider.cs	4376	13	Security	warning	This call site is reachable on all platforms. 'DirectorySearcher.PropertiesToLoad' is only supported on: 'windows'. (https://learn.microsoft.com/dotnet/fundamentals/code-analysis/quality-rules/ca1416)
warning	CA1416	src/System.Web.ReferenceSource/Security/ADMembershipProvider.cs	4378	32	Security	warning	This call site is reachable on all platforms. 'DirectorySearcher.FindOne()' is only supported on: 'windows'. (https://learn.microsoft.com/dotnet/fundamentals/code-analysis/quality-rules/ca1416)
warning	CA1416	src/System.Web.ReferenceSource/Security/ADMembershipProvider.cs	4379	37	Security	warning	This call site is reachable on all platforms. 'ResultPropertyCollection.Contains(string)' is only supported on: 'windows'. (https://learn.microsoft.com/dotnet/fundamentals/code-analysis/quality-rules/ca1416)
warning	CA1416	src/System.Web.ReferenceSource/Security/ADMembershipProvider.cs	4379	37	Security	warning	This call site is reachable on all platforms. 'SearchResult.Properties' is only supported on: 'windows'. (https://learn.microsoft.com/dotnet/fundamentals/code-analysis/quality-rules/ca1416)
warning	CA1416	src/System.Web.ReferenceSource/Security/ADMembershipProvider.cs	4420	17	Security	warning	This call site is reachable on all platforms. 'DirectoryEntry.Properties' is only supported on: 'windows'. (https://learn.microsoft.com/dotnet/fundamentals/code-analysis/quality-rules/ca1416)
warning	CA1416	src/System.Web.ReferenceSource/Security/ADMembershipProvider.cs	4420	17	Security	warning	This call site is reachable on all platforms. 'PropertyCollection.this[string]' is only supported on: 'windows'. (https://learn.microsoft.com/dotnet/fundamentals/code-analysis/quality-rules/ca1416)
warning	CA1416	src/System.Web.ReferenceSource/Security/ADMembershipProvider.cs	4422	21	Security	warning	This call site is reachable on all platforms. 'DirectoryEntry.Properties' is only supported on: 'windows'. (https://learn.microsoft.com/dotnet/fundamentals/code-analysis/quality-rules/ca1416)
warning	CA1416	src/System.Web.ReferenceSource/Security/ADMembershipProvider.cs	4422	21	Security	warning	This call site is reachable on all platforms. 'PropertyCollection.this[string]' is only supported on: 'windows'. (https://learn.microsoft.com/dotnet/fundamentals/code-analysis/quality-rules/ca1416)
warning	CA1416	src/System.Web.ReferenceSource/Security/ADMembershipProvider.cs	4423	131	Security	warning	This call site is reachable on all platforms. 'DirectoryEntry.Properties' is only supported on: 'windows'. (https://learn.microsoft.com/dotnet/fundamentals/code-analysis/quality-rules/ca1416)
warning	CA1416	src/System.Web.ReferenceSource/Security/ADMembershipProvider.cs	4423	131	Security	warning	This call site is reachable on all platforms. 'PropertyCollection.this[string]' is only supported on: 'windows'. (https://learn.microsoft.com/dotnet/fundamentals/code-analysis/quality-rules/ca1416)
warning	CA1416	src/System.Web.ReferenceSource/Security/ADMembershipProvider.cs	4423	131	Security	warning	This call site is reachable on all platforms. 'PropertyValueCollection.Value' is only supported on: 'windows'. (https://learn.microsoft.com/dotnet/fundamentals/code-analysis/quality-rules/ca1416)
warning	CA1416	src/System.Web.ReferenceSource/Security/ADMembershipProvider.cs	4428	20	Security	warning	This call site is reachable on all platforms. 'DirectoryEntry.Properties' is only supported on: 'windows'. (https://learn.microsoft.com/dotnet/fundamentals/code-analysis/quality-rules/ca1416)
warning	CA1416	src/System.Web.ReferenceSource/Security/ADMembershipProvider.cs	4428	20	Security	warning	This call site is reachable on all platforms. 'PropertyCollection.this[string]' is only supported on: 'windows'. (https://learn.microsoft.com/dotnet/fundamentals/code-analysis/quality-rules/ca1416)
warning	CA1416	src/System.Web.ReferenceSource/Security/ADMembershipProvider.cs	4428	20	Security	warning	This call site is reachable on all platforms. 'PropertyValueCollection.Value' is only supported on: 'windows'. (https://learn.microsoft.com/dotnet/fundamentals/code-analysis/quality-rules/ca1416)
warning	CA1416	src/System.Web.ReferenceSource/Security/ADMembershipProvider.cs	4439	30	Security	warning	This call site is reachable on all platforms. 'ResultPropertyCollection.this[string]' is only supported on: 'windows'. (https://learn.microsoft.com/dotnet/fundamentals/code-analysis/quality-rules/ca1416)
warning	CA1416	src/System.Web.ReferenceSource/Security/ADMembershipProvider.cs	4439	30	Security	warning	This call site is reachable on all platforms. 'SearchResult.Properties' is only supported on: 'windows'. (https://learn.microsoft.com/dotnet/fundamentals/code-analysis/quality-rules/ca1416)
warning	CA1416	src/System.Web.ReferenceSource/Security/ADMembershipProvider.cs	4443	20	Security	warning	This call site is reachable on all platforms. 'ResultPropertyValueCollection.this[int]' is only supported on: 'windows'. (https://learn.microsoft.com/dotnet/fundamentals/code-analysis/quality-rules/ca1416)
warning	CA1416	src/System.Web.ReferenceSource/Security/ADMembershipUser.cs	101	27	Security	warning	This call site is reachable on all platforms. 'SecurityIdentifier' is only supported on: 'windows'. (https://learn.microsoft.com/dotnet/fundamentals/code-analysis/quality-rules/ca1416)
warning	CA1416	src/System.Web.ReferenceSource/Security/ADMembershipUser.cs	142	42	Security	warning	This call site is reachable on all platforms. 'SecurityIdentifier.BinaryLength' is only supported on: 'windows'. (https://learn.microsoft.com/dotnet/fundamentals/code-analysis/quality-rules/ca1416)
warning	CA1416	src/System.Web.ReferenceSource/Security/ADMembershipUser.cs	143	17	Security	warning	This call site is reachable on all platforms. 'SecurityIdentifier.GetBinaryForm(byte[], int)' is only supported on: 'windows'. (https://learn.microsoft.com/dotnet/fundamentals/code-analysis/quality-rules/ca1416)
warning	SYSLIB0003	src/System.Web.ReferenceSource/Security/AnonymousIdentificationModule.cs	45	10	Security	warning	'SecurityPermissionAttribute' is obsolete: 'Code Access Security is not supported or honored by the runtime.' (https://aka.ms/dotnet-warnings/SYSLIB0003)
warning	SYSLIB0003	src/System.Web.ReferenceSource/Security/AnonymousIdentificationModule.cs	45	29	Security	warning	'SecurityAction' is obsolete: 'Code Access Security is not supported or honored by the runtime.' (https://aka.ms/dotnet-warnings/SYSLIB0003)
warning	CA1416	src/System.Web.ReferenceSource/Security/AuthStoreRoleProvider.cs	181	21	Security	warning	This call site is reachable on all platforms. 'Marshal.FinalReleaseComObject(object)' is only supported on: 'windows'. (https://learn.microsoft.com/dotnet/fundamentals/code-analysis/quality-rules/ca1416)
warning	CA1416	src/System.Web.ReferenceSource/Security/AuthStoreRoleProvider.cs	247	21	Security	warning	This call site is reachable on all platforms. 'Marshal.FinalReleaseComObject(object)' is only supported on: 'windows'. (https://learn.microsoft.com/dotnet/fundamentals/code-analysis/quality-rules/ca1416)
warning	CA1416	src/System.Web.ReferenceSource/Security/AuthStoreRoleProvider.cs	300	25	Security	warning	This call site is reachable on all platforms. 'Marshal.FinalReleaseComObject(object)' is only supported on: 'windows'. (https://learn.microsoft.com/dotnet/fundamentals/code-analysis/quality-rules/ca1416)
warning	CA1416	src/System.Web.ReferenceSource/Security/AuthStoreRoleProvider.cs	355	25	Security	warning	This call site is reachable on all platforms. 'Marshal.FinalReleaseComObject(object)' is only supported on: 'windows'. (https://learn.microsoft.com/dotnet/fundamentals/code-analysis/quality-rules/ca1416)
warning	CA1416	src/System.Web.ReferenceSource/Security/AuthStoreRoleProvider.cs	381	21	Security	warning	This call site is reachable on all platforms. 'Marshal.FinalReleaseComObject(object)' is only supported on: 'windows'. (https://learn.microsoft.com/dotnet/fundamentals/code-analysis/quality-rules/ca1416)
warning	SYSLIB0003	src/System.Web.ReferenceSource/Security/AuthStoreRoleProvider.cs	406	25	Security	warning	'CodeAccessPermission' is obsolete: 'Code Access Security is not supported or honored by the runtime.' (https://aka.ms/dotnet-warnings/SYSLIB0003)
warning	SYSLIB0003	src/System.Web.ReferenceSource/Security/AuthStoreRoleProvider.cs	450	25	Security	warning	'CodeAccessPermission' is obsolete: 'Code Access Security is not supported or honored by the runtime.' (https://aka.ms/dotnet-warnings/SYSLIB0003)
warning	SYSLIB0003	src/System.Web.ReferenceSource/Security/AuthStoreRoleProvider.cs	644	10	Security	warning	'PermissionSetAttribute' is obsolete: 'Code Access Security is not supported or honored by the runtime.' (https://aka.ms/dotnet-warnings/SYSLIB0003)
warning	SYSLIB0003	src/System.Web.ReferenceSource/Security/AuthStoreRoleProvider.cs	644	24	Security	warning	'SecurityAction' is obsolete: 'Code Access Security is not supported or honored by the runtime.' (https://aka.ms/dotnet-warnings/SYSLIB0003)
warning	CA1416	src/System.Web.ReferenceSource/Security/AuthStoreRoleProvider.cs	653	28	Security	warning	This call site is reachable on all platforms. 'WindowsIdentity.Token' is only supported on: 'windows'. (https://learn.microsoft.com/dotnet/fundamentals/code-analysis/quality-rules/ca1416)
warning	CA1416	src/System.Web.ReferenceSource/Security/AuthStoreRoleProvider.cs	660	24	Security	warning	This call site is reachable on all platforms. 'WindowsIdentity.Token' is only supported on: 'windows'. (https://learn.microsoft.com/dotnet/fundamentals/code-analysis/quality-rules/ca1416)
warning	SYSLIB0003	src/System.Web.ReferenceSource/Security/AuthStoreRoleProvider.cs	753	25	Security	warning	'CodeAccessPermission' is obsolete: 'Code Access Security is not supported or honored by the runtime.' (https://aka.ms/dotnet-warnings/SYSLIB0003)
warning	SYSLIB0003	src/System.Web.ReferenceSource/Security/AuthStoreRoleProvider.cs	798	25	Security	warning	'CodeAccessPermission' is obsolete: 'Code Access Security is not supported or honored by the runtime.' (https://aka.ms/dotnet-warnings/SYSLIB0003)
warning	SYSLIB0003	src/System.Web.ReferenceSource/Security/BackStopAuthenticationModule.cs	29	10	Security	warning	'SecurityPermissionAttribute' is obsolete: 'Code Access Security is not supported or honored by the runtime.' (https://aka.ms/dotnet-warnings/SYSLIB0003)
warning	SYSLIB0003	src/System.Web.ReferenceSource/Security/BackStopAuthenticationModule.cs	29	29	Security	warning	'SecurityAction' is obsolete: 'Code Access Security is not supported or honored by the runtime.' (https://aka.ms/dotnet-warnings/SYSLIB0003)
warning	SYSLIB0003	src/System.Web.ReferenceSource/Security/BackStopAuthenticationModule.cs	33	10	Security	warning	'SecurityPermissionAttribute' is obsolete: 'Code Access Security is not supported or honored by the runtime.' (https://aka.ms/dotnet-warnings/SYSLIB0003)
warning	SYSLIB0003	src/System.Web.ReferenceSource/Security/BackStopAuthenticationModule.cs	33	29	Security	warning	'SecurityAction' is obsolete: 'Code Access Security is not supported or honored by the runtime.' (https://aka.ms/dotnet-warnings/SYSLIB0003)
warning	SYSLIB0003	src/System.Web.ReferenceSource/Security/BackStopAuthenticationModule.cs	96	10	Security	warning	'SecurityPermissionAttribute' is obsolete: 'Code Access Security is not supported or honored by the runtime.' (https://aka.ms/dotnet-warnings/SYSLIB0003)
warning	SYSLIB0003	src/System.Web.ReferenceSource/Security/BackStopAuthenticationModule.cs	96	29	Security	warning	'SecurityAction' is obsolete: 'Code Access Security is not supported or honored by the runtime.' (https://aka.ms/dotnet-warnings/SYSLIB0003)
warning	SYSLIB0021	src/System.Web.ReferenceSource/Security/Cryptography/CryptoAlgorithms.cs	38	24	Security	warning	'AesCryptoServiceProvider' is obsolete: 'Derived cryptographic types are obsolete. Use the Create method on the base type instead.' (https://aka.ms/dotnet-warnings/SYSLIB0021)
warning	SYSLIB0003	src/System.Web.ReferenceSource/Security/FileAuthorizationModule.cs	48	10	Security	warning	'SecurityPermissionAttribute' is obsolete: 'Code Access Security is not supported or honored by the runtime.' (https://aka.ms/dotnet-warnings/SYSLIB0003)
warning	SYSLIB0003	src/System.Web.ReferenceSource/Security/FileAuthorizationModule.cs	48	29	Security	warning	'SecurityAction' is obsolete: 'Code Access Security is not supported or honored by the runtime.' (https://aka.ms/dotnet-warnings/SYSLIB0003)
warning	SYSLIB0003	src/System.Web.ReferenceSource/Security/FileAuthorizationModule.cs	56	10	Security	warning	'SecurityPermissionAttribute' is obsolete: 'Code Access Security is not supported or honored by the runtime.' (https://aka.ms/dotnet-warnings/SYSLIB0003)
warning	SYSLIB0003	src/System.Web.ReferenceSource/Security/FileAuthorizationModule.cs	56	29	Security	warning	'SecurityAction' is obsolete: 'Code Access Security is not supported or honored by the runtime.' (https://aka.ms/dotnet-warnings/SYSLIB0003)
warning	CS0436	src/System.Web.ReferenceSource/Security/FormsAuthentication.cs	536	33	Security	warning	The type 'HttpUtility' in '/Users/vm/repos/rehost-webforms/src/Rehost.WebForms.Runtime/../System.Web.ReferenceSource/httpserverutility.cs' conflicts with the imported type 'HttpUtility' in 'System.Web.HttpUtility, Version=10.0.0.0, Culture=neutral, PublicKeyToken=cc7b13ffcd2ddd51'. Using the type defined in '/Users/vm/repos/rehost-webforms/src/Rehost.WebForms.Runtime/../System.Web.ReferenceSource/httpserverutility.cs'.
warning	CS0436	src/System.Web.ReferenceSource/Security/FormsAuthentication.cs	748	29	Security	warning	The type 'HttpUtility' in '/Users/vm/repos/rehost-webforms/src/Rehost.WebForms.Runtime/../System.Web.ReferenceSource/httpserverutility.cs' conflicts with the imported type 'HttpUtility' in 'System.Web.HttpUtility, Version=10.0.0.0, Culture=neutral, PublicKeyToken=cc7b13ffcd2ddd51'. Using the type defined in '/Users/vm/repos/rehost-webforms/src/Rehost.WebForms.Runtime/../System.Web.ReferenceSource/httpserverutility.cs'.
warning	CS0436	src/System.Web.ReferenceSource/Security/FormsAuthentication.cs	752	29	Security	warning	The type 'HttpUtility' in '/Users/vm/repos/rehost-webforms/src/Rehost.WebForms.Runtime/../System.Web.ReferenceSource/httpserverutility.cs' conflicts with the imported type 'HttpUtility' in 'System.Web.HttpUtility, Version=10.0.0.0, Culture=neutral, PublicKeyToken=cc7b13ffcd2ddd51'. Using the type defined in '/Users/vm/repos/rehost-webforms/src/Rehost.WebForms.Runtime/../System.Web.ReferenceSource/httpserverutility.cs'.
warning	SYSLIB0023	src/System.Web.ReferenceSource/Security/FormsAuthentication.cs	837	17	Security	warning	'RNGCryptoServiceProvider' is obsolete: 'RNGCryptoServiceProvider is obsolete. To generate a random number, use one of the RandomNumberGenerator static methods instead.' (https://aka.ms/dotnet-warnings/SYSLIB0023)
warning	SYSLIB0023	src/System.Web.ReferenceSource/Security/FormsAuthentication.cs	837	56	Security	warning	'RNGCryptoServiceProvider' is obsolete: 'RNGCryptoServiceProvider is obsolete. To generate a random number, use one of the RandomNumberGenerator static methods instead.' (https://aka.ms/dotnet-warnings/SYSLIB0023)
warning	CS0436	src/System.Web.ReferenceSource/Security/FormsAuthentication.cs	883	19	Security	warning	The type 'HttpUtility' in '/Users/vm/repos/rehost-webforms/src/Rehost.WebForms.Runtime/../System.Web.ReferenceSource/httpserverutility.cs' conflicts with the imported type 'HttpUtility' in 'System.Web.HttpUtility, Version=10.0.0.0, Culture=neutral, PublicKeyToken=cc7b13ffcd2ddd51'. Using the type defined in '/Users/vm/repos/rehost-webforms/src/Rehost.WebForms.Runtime/../System.Web.ReferenceSource/httpserverutility.cs'.
warning	CS0436	src/System.Web.ReferenceSource/Security/FormsAuthentication.cs	884	24	Security	warning	The type 'HttpUtility' in '/Users/vm/repos/rehost-webforms/src/Rehost.WebForms.Runtime/../System.Web.ReferenceSource/httpserverutility.cs' conflicts with the imported type 'HttpUtility' in 'System.Web.HttpUtility, Version=10.0.0.0, Culture=neutral, PublicKeyToken=cc7b13ffcd2ddd51'. Using the type defined in '/Users/vm/repos/rehost-webforms/src/Rehost.WebForms.Runtime/../System.Web.ReferenceSource/httpserverutility.cs'.
warning	CS0436	src/System.Web.ReferenceSource/Security/FormsAuthentication.cs	886	27	Security	warning	The type 'HttpUtility' in '/Users/vm/repos/rehost-webforms/src/Rehost.WebForms.Runtime/../System.Web.ReferenceSource/httpserverutility.cs' conflicts with the imported type 'HttpUtility' in 'System.Web.HttpUtility, Version=10.0.0.0, Culture=neutral, PublicKeyToken=cc7b13ffcd2ddd51'. Using the type defined in '/Users/vm/repos/rehost-webforms/src/Rehost.WebForms.Runtime/../System.Web.ReferenceSource/httpserverutility.cs'.
warning	CS0436	src/System.Web.ReferenceSource/Security/FormsAuthentication.cs	889	32	Security	warning	The type 'HttpUtility' in '/Users/vm/repos/rehost-webforms/src/Rehost.WebForms.Runtime/../System.Web.ReferenceSource/httpserverutility.cs' conflicts with the imported type 'HttpUtility' in 'System.Web.HttpUtility, Version=10.0.0.0, Culture=neutral, PublicKeyToken=cc7b13ffcd2ddd51'. Using the type defined in '/Users/vm/repos/rehost-webforms/src/Rehost.WebForms.Runtime/../System.Web.ReferenceSource/httpserverutility.cs'.
warning	SYSLIB0003	src/System.Web.ReferenceSource/Security/FormsAuthenticationEventArgs.cs	35	14	Security	warning	'SecurityPermissionAttribute' is obsolete: 'Code Access Security is not supported or honored by the runtime.' (https://aka.ms/dotnet-warnings/SYSLIB0003)
warning	SYSLIB0003	src/System.Web.ReferenceSource/Security/FormsAuthenticationEventArgs.cs	35	33	Security	warning	'SecurityAction' is obsolete: 'Code Access Security is not supported or honored by the runtime.' (https://aka.ms/dotnet-warnings/SYSLIB0003)
warning	SYSLIB0003	src/System.Web.ReferenceSource/Security/FormsAuthenticationModule.cs	46	10	Security	warning	'SecurityPermissionAttribute' is obsolete: 'Code Access Security is not supported or honored by the runtime.' (https://aka.ms/dotnet-warnings/SYSLIB0003)
warning	SYSLIB0003	src/System.Web.ReferenceSource/Security/FormsAuthenticationModule.cs	46	29	Security	warning	'SecurityAction' is obsolete: 'Code Access Security is not supported or honored by the runtime.' (https://aka.ms/dotnet-warnings/SYSLIB0003)
warning	CS0436	src/System.Web.ReferenceSource/Security/FormsAuthenticationModule.cs	303	89	Security	warning	The type 'HttpUtility' in '/Users/vm/repos/rehost-webforms/src/Rehost.WebForms.Runtime/../System.Web.ReferenceSource/httpserverutility.cs' conflicts with the imported type 'HttpUtility' in 'System.Web.HttpUtility, Version=10.0.0.0, Culture=neutral, PublicKeyToken=cc7b13ffcd2ddd51'. Using the type defined in '/Users/vm/repos/rehost-webforms/src/Rehost.WebForms.Runtime/../System.Web.ReferenceSource/httpserverutility.cs'.
warning	CS0436	src/System.Web.ReferenceSource/Security/FormsAuthenticationModule.cs	306	89	Security	warning	The type 'HttpUtility' in '/Users/vm/repos/rehost-webforms/src/Rehost.WebForms.Runtime/../System.Web.ReferenceSource/httpserverutility.cs' conflicts with the imported type 'HttpUtility' in 'System.Web.HttpUtility, Version=10.0.0.0, Culture=neutral, PublicKeyToken=cc7b13ffcd2ddd51'. Using the type defined in '/Users/vm/repos/rehost-webforms/src/Rehost.WebForms.Runtime/../System.Web.ReferenceSource/httpserverutility.cs'.
warning	SYSLIB0023	src/System.Web.ReferenceSource/Security/Membership.cs	325	22	Security	warning	'RNGCryptoServiceProvider' is obsolete: 'RNGCryptoServiceProvider is obsolete. To generate a random number, use one of the RandomNumberGenerator static methods instead.' (https://aka.ms/dotnet-warnings/SYSLIB0023)
warning	CS0436	src/System.Web.ReferenceSource/Security/PassportAuthenticationModule.cs	188	53	Security	warning	The type 'HttpUtility' in '/Users/vm/repos/rehost-webforms/src/Rehost.WebForms.Runtime/../System.Web.ReferenceSource/httpserverutility.cs' conflicts with the imported type 'HttpUtility' in 'System.Web.HttpUtility, Version=10.0.0.0, Culture=neutral, PublicKeyToken=cc7b13ffcd2ddd51'. Using the type defined in '/Users/vm/repos/rehost-webforms/src/Rehost.WebForms.Runtime/../System.Web.ReferenceSource/httpserverutility.cs'.
warning	CS0436	src/System.Web.ReferenceSource/Security/PassportAuthenticationModule.cs	221	70	Security	warning	The type 'HttpUtility' in '/Users/vm/repos/rehost-webforms/src/Rehost.WebForms.Runtime/../System.Web.ReferenceSource/httpserverutility.cs' conflicts with the imported type 'HttpUtility' in 'System.Web.HttpUtility, Version=10.0.0.0, Culture=neutral, PublicKeyToken=cc7b13ffcd2ddd51'. Using the type defined in '/Users/vm/repos/rehost-webforms/src/Rehost.WebForms.Runtime/../System.Web.ReferenceSource/httpserverutility.cs'.
warning	CS0436	src/System.Web.ReferenceSource/Security/PassportIdentity.cs	68	37	Security	warning	The type 'HttpUtility' in '/Users/vm/repos/rehost-webforms/src/Rehost.WebForms.Runtime/../System.Web.ReferenceSource/httpserverutility.cs' conflicts with the imported type 'HttpUtility' in 'System.Web.HttpUtility, Version=10.0.0.0, Culture=neutral, PublicKeyToken=cc7b13ffcd2ddd51'. Using the type defined in '/Users/vm/repos/rehost-webforms/src/Rehost.WebForms.Runtime/../System.Web.ReferenceSource/httpserverutility.cs'.
warning	CS0436	src/System.Web.ReferenceSource/Security/PassportIdentity.cs	69	37	Security	warning	The type 'HttpUtility' in '/Users/vm/repos/rehost-webforms/src/Rehost.WebForms.Runtime/../System.Web.ReferenceSource/httpserverutility.cs' conflicts with the imported type 'HttpUtility' in 'System.Web.HttpUtility, Version=10.0.0.0, Culture=neutral, PublicKeyToken=cc7b13ffcd2ddd51'. Using the type defined in '/Users/vm/repos/rehost-webforms/src/Rehost.WebForms.Runtime/../System.Web.ReferenceSource/httpserverutility.cs'.
warning	CS0436	src/System.Web.ReferenceSource/Security/PassportIdentity.cs	70	37	Security	warning	The type 'HttpUtility' in '/Users/vm/repos/rehost-webforms/src/Rehost.WebForms.Runtime/../System.Web.ReferenceSource/httpserverutility.cs' conflicts with the imported type 'HttpUtility' in 'System.Web.HttpUtility, Version=10.0.0.0, Culture=neutral, PublicKeyToken=cc7b13ffcd2ddd51'. Using the type defined in '/Users/vm/repos/rehost-webforms/src/Rehost.WebForms.Runtime/../System.Web.ReferenceSource/httpserverutility.cs'.
warning	CS0436	src/System.Web.ReferenceSource/Security/PassportIdentity.cs	147	24	Security	warning	The type 'HttpUtility' in '/Users/vm/repos/rehost-webforms/src/Rehost.WebForms.Runtime/../System.Web.ReferenceSource/httpserverutility.cs' conflicts with the imported type 'HttpUtility' in 'System.Web.HttpUtility, Version=10.0.0.0, Culture=neutral, PublicKeyToken=cc7b13ffcd2ddd51'. Using the type defined in '/Users/vm/repos/rehost-webforms/src/Rehost.WebForms.Runtime/../System.Web.ReferenceSource/httpserverutility.cs'.
warning	CS0436	src/System.Web.ReferenceSource/Security/PassportIdentity.cs	152	24	Security	warning	The type 'HttpUtility' in '/Users/vm/repos/rehost-webforms/src/Rehost.WebForms.Runtime/../System.Web.ReferenceSource/httpserverutility.cs' conflicts with the imported type 'HttpUtility' in 'System.Web.HttpUtility, Version=10.0.0.0, Culture=neutral, PublicKeyToken=cc7b13ffcd2ddd51'. Using the type defined in '/Users/vm/repos/rehost-webforms/src/Rehost.WebForms.Runtime/../System.Web.ReferenceSource/httpserverutility.cs'.
warning	CS0436	src/System.Web.ReferenceSource/Security/PassportIdentity.cs	158	27	Security	warning	The type 'HttpUtility' in '/Users/vm/repos/rehost-webforms/src/Rehost.WebForms.Runtime/../System.Web.ReferenceSource/httpserverutility.cs' conflicts with the imported type 'HttpUtility' in 'System.Web.HttpUtility, Version=10.0.0.0, Culture=neutral, PublicKeyToken=cc7b13ffcd2ddd51'. Using the type defined in '/Users/vm/repos/rehost-webforms/src/Rehost.WebForms.Runtime/../System.Web.ReferenceSource/httpserverutility.cs'.
warning	SYSLIB0003	src/System.Web.ReferenceSource/Security/RoleManagerModule.cs	38	10	Security	warning	'SecurityPermissionAttribute' is obsolete: 'Code Access Security is not supported or honored by the runtime.' (https://aka.ms/dotnet-warnings/SYSLIB0003)
warning	SYSLIB0003	src/System.Web.ReferenceSource/Security/RoleManagerModule.cs	38	29	Security	warning	'SecurityAction' is obsolete: 'Code Access Security is not supported or honored by the runtime.' (https://aka.ms/dotnet-warnings/SYSLIB0003)
warning	SYSLIB0003	src/System.Web.ReferenceSource/Security/RoleManagerModule.cs	145	10	Security	warning	'SecurityPermissionAttribute' is obsolete: 'Code Access Security is not supported or honored by the runtime.' (https://aka.ms/dotnet-warnings/SYSLIB0003)
warning	SYSLIB0003	src/System.Web.ReferenceSource/Security/RoleManagerModule.cs	145	29	Security	warning	'SecurityAction' is obsolete: 'Code Access Security is not supported or honored by the runtime.' (https://aka.ms/dotnet-warnings/SYSLIB0003)
warning	SYSLIB0011	src/System.Web.ReferenceSource/Security/RolePrincipal.cs	115	27	Security	warning	'BinaryFormatter' is obsolete: 'BinaryFormatter serialization is obsolete and should not be used. See https://aka.ms/binaryformatter for more information.' (https://aka.ms/dotnet-warnings/SYSLIB0011)
warning	SYSLIB0003	src/System.Web.ReferenceSource/Security/RolePrincipal.cs	233	10	Security	warning	'SecurityPermissionAttribute' is obsolete: 'Code Access Security is not supported or honored by the runtime.' (https://aka.ms/dotnet-warnings/SYSLIB0003)
warning	SYSLIB0003	src/System.Web.ReferenceSource/Security/RolePrincipal.cs	233	29	Security	warning	'SecurityAction' is obsolete: 'Code Access Security is not supported or honored by the runtime.' (https://aka.ms/dotnet-warnings/SYSLIB0003)
warning	SYSLIB0003	src/System.Web.ReferenceSource/Security/RolePrincipal.cs	233	60	Security	warning	'SecurityPermissionFlag' is obsolete: 'Code Access Security is not supported or honored by the runtime.' (https://aka.ms/dotnet-warnings/SYSLIB0003)
warning	SYSLIB0011	src/System.Web.ReferenceSource/Security/RolePrincipal.cs	250	17	Security	warning	'BinaryFormatter' is obsolete: 'BinaryFormatter serialization is obsolete and should not be used. See https://aka.ms/binaryformatter for more information.' (https://aka.ms/dotnet-warnings/SYSLIB0011)
warning	SYSLIB0011	src/System.Web.ReferenceSource/Security/RolePrincipal.cs	250	42	Security	warning	'BinaryFormatter' is obsolete: 'BinaryFormatter serialization is obsolete and should not be used. See https://aka.ms/binaryformatter for more information.' (https://aka.ms/dotnet-warnings/SYSLIB0011)
warning	SYSLIB0051	src/System.Web.ReferenceSource/Security/RolePrincipal.cs	357	13	Security	warning	'ClaimsPrincipal.ClaimsPrincipal(SerializationInfo, StreamingContext)' is obsolete: 'This API supports obsolete formatter-based serialization. It should not be called or extended by application code.' (https://aka.ms/dotnet-warnings/SYSLIB0051)
warning	CS0618	src/System.Web.ReferenceSource/Security/SQLMembershipProvider.cs	216	42	Security	warning	'SqlConnection' is obsolete: 'Use the Microsoft.Data.SqlClient package instead.'
warning	CS0618	src/System.Web.ReferenceSource/Security/SQLMembershipProvider.cs	361	21	Security	warning	'SqlCommand' is obsolete: 'Use the Microsoft.Data.SqlClient package instead.'
warning	CS0618	src/System.Web.ReferenceSource/Security/SQLMembershipProvider.cs	361	43	Security	warning	'SqlCommand' is obsolete: 'Use the Microsoft.Data.SqlClient package instead.'
warning	CS0618	src/System.Web.ReferenceSource/Security/SQLMembershipProvider.cs	376	21	Security	warning	'SqlParameter' is obsolete: 'Use the Microsoft.Data.SqlClient package instead.'
warning	CS0618	src/System.Web.ReferenceSource/Security/SQLMembershipProvider.cs	380	29	Security	warning	'SqlParameter' is obsolete: 'Use the Microsoft.Data.SqlClient package instead.'
warning	CS0618	src/System.Web.ReferenceSource/Security/SQLMembershipProvider.cs	386	29	Security	warning	'SqlException' is obsolete: 'Use the Microsoft.Data.SqlClient package instead.'
warning	CS0618	src/System.Web.ReferenceSource/Security/SQLMembershipProvider.cs	464	21	Security	warning	'SqlCommand' is obsolete: 'Use the Microsoft.Data.SqlClient package instead.'
warning	CS0618	src/System.Web.ReferenceSource/Security/SQLMembershipProvider.cs	464	49	Security	warning	'SqlCommand' is obsolete: 'Use the Microsoft.Data.SqlClient package instead.'
warning	CS0618	src/System.Web.ReferenceSource/Security/SQLMembershipProvider.cs	473	21	Security	warning	'SqlParameter' is obsolete: 'Use the Microsoft.Data.SqlClient package instead.'
warning	CS0618	src/System.Web.ReferenceSource/Security/SQLMembershipProvider.cs	473	42	Security	warning	'SqlParameter' is obsolete: 'Use the Microsoft.Data.SqlClient package instead.'
warning	CS0618	src/System.Web.ReferenceSource/Security/SQLMembershipProvider.cs	621	21	Security	warning	'SqlCommand' is obsolete: 'Use the Microsoft.Data.SqlClient package instead.'
warning	CS0618	src/System.Web.ReferenceSource/Security/SQLMembershipProvider.cs	621	43	Security	warning	'SqlCommand' is obsolete: 'Use the Microsoft.Data.SqlClient package instead.'
warning	CS0618	src/System.Web.ReferenceSource/Security/SQLMembershipProvider.cs	632	21	Security	warning	'SqlParameter' is obsolete: 'Use the Microsoft.Data.SqlClient package instead.'
warning	CS0618	src/System.Web.ReferenceSource/Security/SQLMembershipProvider.cs	632	42	Security	warning	'SqlParameter' is obsolete: 'Use the Microsoft.Data.SqlClient package instead.'
warning	CS0618	src/System.Web.ReferenceSource/Security/SQLMembershipProvider.cs	740	21	Security	warning	'SqlCommand' is obsolete: 'Use the Microsoft.Data.SqlClient package instead.'
warning	CS0618	src/System.Web.ReferenceSource/Security/SQLMembershipProvider.cs	740	49	Security	warning	'SqlCommand' is obsolete: 'Use the Microsoft.Data.SqlClient package instead.'
warning	CS0618	src/System.Web.ReferenceSource/Security/SQLMembershipProvider.cs	757	21	Security	warning	'SqlParameter' is obsolete: 'Use the Microsoft.Data.SqlClient package instead.'
warning	CS0618	src/System.Web.ReferenceSource/Security/SQLMembershipProvider.cs	757	42	Security	warning	'SqlParameter' is obsolete: 'Use the Microsoft.Data.SqlClient package instead.'
warning	CS0618	src/System.Web.ReferenceSource/Security/SQLMembershipProvider.cs	821	21	Security	warning	'SqlCommand' is obsolete: 'Use the Microsoft.Data.SqlClient package instead.'
warning	CS0618	src/System.Web.ReferenceSource/Security/SQLMembershipProvider.cs	821	49	Security	warning	'SqlCommand' is obsolete: 'Use the Microsoft.Data.SqlClient package instead.'
warning	CS0618	src/System.Web.ReferenceSource/Security/SQLMembershipProvider.cs	835	21	Security	warning	'SqlParameter' is obsolete: 'Use the Microsoft.Data.SqlClient package instead.'
warning	CS0618	src/System.Web.ReferenceSource/Security/SQLMembershipProvider.cs	835	42	Security	warning	'SqlParameter' is obsolete: 'Use the Microsoft.Data.SqlClient package instead.'
warning	CS0618	src/System.Web.ReferenceSource/Security/SQLMembershipProvider.cs	886	21	Security	warning	'SqlCommand' is obsolete: 'Use the Microsoft.Data.SqlClient package instead.'
warning	CS0618	src/System.Web.ReferenceSource/Security/SQLMembershipProvider.cs	886	42	Security	warning	'SqlCommand' is obsolete: 'Use the Microsoft.Data.SqlClient package instead.'
warning	CS0618	src/System.Web.ReferenceSource/Security/SQLMembershipProvider.cs	893	21	Security	warning	'SqlParameter' is obsolete: 'Use the Microsoft.Data.SqlClient package instead.'
warning	CS0618	src/System.Web.ReferenceSource/Security/SQLMembershipProvider.cs	893	42	Security	warning	'SqlParameter' is obsolete: 'Use the Microsoft.Data.SqlClient package instead.'
warning	CS0618	src/System.Web.ReferenceSource/Security/SQLMembershipProvider.cs	930	13	Security	warning	'SqlDataReader' is obsolete: 'Use the Microsoft.Data.SqlClient package instead.'
warning	CS0618	src/System.Web.ReferenceSource/Security/SQLMembershipProvider.cs	938	21	Security	warning	'SqlCommand' is obsolete: 'Use the Microsoft.Data.SqlClient package instead.'
warning	CS0618	src/System.Web.ReferenceSource/Security/SQLMembershipProvider.cs	938	49	Security	warning	'SqlCommand' is obsolete: 'Use the Microsoft.Data.SqlClient package instead.'
warning	CS0618	src/System.Web.ReferenceSource/Security/SQLMembershipProvider.cs	945	21	Security	warning	'SqlParameter' is obsolete: 'Use the Microsoft.Data.SqlClient package instead.'
warning	CS0618	src/System.Web.ReferenceSource/Security/SQLMembershipProvider.cs	945	42	Security	warning	'SqlParameter' is obsolete: 'Use the Microsoft.Data.SqlClient package instead.'
warning	CS0618	src/System.Web.ReferenceSource/Security/SQLMembershipProvider.cs	1018	13	Security	warning	'SqlDataReader' is obsolete: 'Use the Microsoft.Data.SqlClient package instead.'
warning	CS0618	src/System.Web.ReferenceSource/Security/SQLMembershipProvider.cs	1026	21	Security	warning	'SqlCommand' is obsolete: 'Use the Microsoft.Data.SqlClient package instead.'
warning	CS0618	src/System.Web.ReferenceSource/Security/SQLMembershipProvider.cs	1026	49	Security	warning	'SqlCommand' is obsolete: 'Use the Microsoft.Data.SqlClient package instead.'
warning	CS0618	src/System.Web.ReferenceSource/Security/SQLMembershipProvider.cs	1034	21	Security	warning	'SqlParameter' is obsolete: 'Use the Microsoft.Data.SqlClient package instead.'
warning	CS0618	src/System.Web.ReferenceSource/Security/SQLMembershipProvider.cs	1034	42	Security	warning	'SqlParameter' is obsolete: 'Use the Microsoft.Data.SqlClient package instead.'
warning	CS0618	src/System.Web.ReferenceSource/Security/SQLMembershipProvider.cs	1115	21	Security	warning	'SqlCommand' is obsolete: 'Use the Microsoft.Data.SqlClient package instead.'
warning	CS0618	src/System.Web.ReferenceSource/Security/SQLMembershipProvider.cs	1115	53	Security	warning	'SqlCommand' is obsolete: 'Use the Microsoft.Data.SqlClient package instead.'
warning	CS0618	src/System.Web.ReferenceSource/Security/SQLMembershipProvider.cs	1117	21	Security	warning	'SqlDataReader' is obsolete: 'Use the Microsoft.Data.SqlClient package instead.'
warning	CS0618	src/System.Web.ReferenceSource/Security/SQLMembershipProvider.cs	1124	21	Security	warning	'SqlParameter' is obsolete: 'Use the Microsoft.Data.SqlClient package instead.'
warning	CS0618	src/System.Web.ReferenceSource/Security/SQLMembershipProvider.cs	1124	42	Security	warning	'SqlParameter' is obsolete: 'Use the Microsoft.Data.SqlClient package instead.'
warning	CS0618	src/System.Web.ReferenceSource/Security/SQLMembershipProvider.cs	1171	21	Security	warning	'SqlCommand' is obsolete: 'Use the Microsoft.Data.SqlClient package instead.'
warning	CS0618	src/System.Web.ReferenceSource/Security/SQLMembershipProvider.cs	1171	42	Security	warning	'SqlCommand' is obsolete: 'Use the Microsoft.Data.SqlClient package instead.'
warning	CS0618	src/System.Web.ReferenceSource/Security/SQLMembershipProvider.cs	1187	21	Security	warning	'SqlParameter' is obsolete: 'Use the Microsoft.Data.SqlClient package instead.'
warning	CS0618	src/System.Web.ReferenceSource/Security/SQLMembershipProvider.cs	1187	42	Security	warning	'SqlParameter' is obsolete: 'Use the Microsoft.Data.SqlClient package instead.'
warning	CS0618	src/System.Web.ReferenceSource/Security/SQLMembershipProvider.cs	1234	21	Security	warning	'SqlCommand' is obsolete: 'Use the Microsoft.Data.SqlClient package instead.'
warning	CS0618	src/System.Web.ReferenceSource/Security/SQLMembershipProvider.cs	1234	60	Security	warning	'SqlCommand' is obsolete: 'Use the Microsoft.Data.SqlClient package instead.'
warning	CS0618	src/System.Web.ReferenceSource/Security/SQLMembershipProvider.cs	1235	21	Security	warning	'SqlDataReader' is obsolete: 'Use the Microsoft.Data.SqlClient package instead.'
warning	CS0618	src/System.Web.ReferenceSource/Security/SQLMembershipProvider.cs	1236	21	Security	warning	'SqlParameter' is obsolete: 'Use the Microsoft.Data.SqlClient package instead.'
warning	CS0618	src/System.Web.ReferenceSource/Security/SQLMembershipProvider.cs	1236	60	Security	warning	'SqlParameter' is obsolete: 'Use the Microsoft.Data.SqlClient package instead.'
warning	CS0618	src/System.Web.ReferenceSource/Security/SQLMembershipProvider.cs	1317	21	Security	warning	'SqlCommand' is obsolete: 'Use the Microsoft.Data.SqlClient package instead.'
warning	CS0618	src/System.Web.ReferenceSource/Security/SQLMembershipProvider.cs	1317	49	Security	warning	'SqlCommand' is obsolete: 'Use the Microsoft.Data.SqlClient package instead.'
warning	CS0618	src/System.Web.ReferenceSource/Security/SQLMembershipProvider.cs	1318	21	Security	warning	'SqlParameter' is obsolete: 'Use the Microsoft.Data.SqlClient package instead.'
warning	CS0618	src/System.Web.ReferenceSource/Security/SQLMembershipProvider.cs	1318	49	Security	warning	'SqlParameter' is obsolete: 'Use the Microsoft.Data.SqlClient package instead.'
warning	CS0618	src/System.Web.ReferenceSource/Security/SQLMembershipProvider.cs	1365	17	Security	warning	'SqlParameter' is obsolete: 'Use the Microsoft.Data.SqlClient package instead.'
warning	CS0618	src/System.Web.ReferenceSource/Security/SQLMembershipProvider.cs	1365	38	Security	warning	'SqlParameter' is obsolete: 'Use the Microsoft.Data.SqlClient package instead.'
warning	CS0618	src/System.Web.ReferenceSource/Security/SQLMembershipProvider.cs	1371	21	Security	warning	'SqlCommand' is obsolete: 'Use the Microsoft.Data.SqlClient package instead.'
warning	CS0618	src/System.Web.ReferenceSource/Security/SQLMembershipProvider.cs	1371	42	Security	warning	'SqlCommand' is obsolete: 'Use the Microsoft.Data.SqlClient package instead.'
warning	CS0618	src/System.Web.ReferenceSource/Security/SQLMembershipProvider.cs	1373	21	Security	warning	'SqlDataReader' is obsolete: 'Use the Microsoft.Data.SqlClient package instead.'
warning	CS0618	src/System.Web.ReferenceSource/Security/SQLMembershipProvider.cs	1463	17	Security	warning	'SqlParameter' is obsolete: 'Use the Microsoft.Data.SqlClient package instead.'
warning	CS0618	src/System.Web.ReferenceSource/Security/SQLMembershipProvider.cs	1463	38	Security	warning	'SqlParameter' is obsolete: 'Use the Microsoft.Data.SqlClient package instead.'
warning	CS0618	src/System.Web.ReferenceSource/Security/SQLMembershipProvider.cs	1469	21	Security	warning	'SqlCommand' is obsolete: 'Use the Microsoft.Data.SqlClient package instead.'
warning	CS0618	src/System.Web.ReferenceSource/Security/SQLMembershipProvider.cs	1469	42	Security	warning	'SqlCommand' is obsolete: 'Use the Microsoft.Data.SqlClient package instead.'
warning	CS0618	src/System.Web.ReferenceSource/Security/SQLMembershipProvider.cs	1471	21	Security	warning	'SqlDataReader' is obsolete: 'Use the Microsoft.Data.SqlClient package instead.'
warning	CS0618	src/System.Web.ReferenceSource/Security/SQLMembershipProvider.cs	1581	21	Security	warning	'SqlCommand' is obsolete: 'Use the Microsoft.Data.SqlClient package instead.'
warning	CS0618	src/System.Web.ReferenceSource/Security/SQLMembershipProvider.cs	1581	42	Security	warning	'SqlCommand' is obsolete: 'Use the Microsoft.Data.SqlClient package instead.'
warning	CS0618	src/System.Web.ReferenceSource/Security/SQLMembershipProvider.cs	1594	21	Security	warning	'SqlParameter' is obsolete: 'Use the Microsoft.Data.SqlClient package instead.'
warning	CS0618	src/System.Web.ReferenceSource/Security/SQLMembershipProvider.cs	1594	42	Security	warning	'SqlParameter' is obsolete: 'Use the Microsoft.Data.SqlClient package instead.'
warning	CS0618	src/System.Web.ReferenceSource/Security/SQLMembershipProvider.cs	1635	17	Security	warning	'SqlDataReader' is obsolete: 'Use the Microsoft.Data.SqlClient package instead.'
warning	CS0618	src/System.Web.ReferenceSource/Security/SQLMembershipProvider.cs	1636	17	Security	warning	'SqlParameter' is obsolete: 'Use the Microsoft.Data.SqlClient package instead.'
warning	CS0618	src/System.Web.ReferenceSource/Security/SQLMembershipProvider.cs	1642	21	Security	warning	'SqlCommand' is obsolete: 'Use the Microsoft.Data.SqlClient package instead.'
warning	CS0618	src/System.Web.ReferenceSource/Security/SQLMembershipProvider.cs	1642	49	Security	warning	'SqlCommand' is obsolete: 'Use the Microsoft.Data.SqlClient package instead.'
warning	CS0618	src/System.Web.ReferenceSource/Security/SQLMembershipProvider.cs	1651	29	Security	warning	'SqlParameter' is obsolete: 'Use the Microsoft.Data.SqlClient package instead.'
warning	CS0618	src/System.Web.ReferenceSource/Security/SQLMembershipProvider.cs	1715	17	Security	warning	'SqlDataReader' is obsolete: 'Use the Microsoft.Data.SqlClient package instead.'
warning	CS0618	src/System.Web.ReferenceSource/Security/SQLMembershipProvider.cs	1716	17	Security	warning	'SqlParameter' is obsolete: 'Use the Microsoft.Data.SqlClient package instead.'
warning	CS0618	src/System.Web.ReferenceSource/Security/SQLMembershipProvider.cs	1722	21	Security	warning	'SqlCommand' is obsolete: 'Use the Microsoft.Data.SqlClient package instead.'
warning	CS0618	src/System.Web.ReferenceSource/Security/SQLMembershipProvider.cs	1722	42	Security	warning	'SqlCommand' is obsolete: 'Use the Microsoft.Data.SqlClient package instead.'
warning	CS0618	src/System.Web.ReferenceSource/Security/SQLMembershipProvider.cs	1737	29	Security	warning	'SqlParameter' is obsolete: 'Use the Microsoft.Data.SqlClient package instead.'
warning	CS0618	src/System.Web.ReferenceSource/Security/SQLMembershipProvider.cs	1818	17	Security	warning	'SqlParameter' is obsolete: 'Use the Microsoft.Data.SqlClient package instead.'
warning	CS0618	src/System.Web.ReferenceSource/Security/SQLMembershipProvider.cs	1823	13	Security	warning	'SqlParameter' is obsolete: 'Use the Microsoft.Data.SqlClient package instead.'
warning	CS0618	src/System.Web.ReferenceSource/Security/SQLMembershipProvider.cs	1823	38	Security	warning	'SqlParameter' is obsolete: 'Use the Microsoft.Data.SqlClient package instead.'
warning	CS0618	src/System.Web.ReferenceSource/Security/SQLMembershipProvider.cs	1840	42	Security	warning	'SqlDataReader' is obsolete: 'Use the Microsoft.Data.SqlClient package instead.'
warning	SYSLIB0023	src/System.Web.ReferenceSource/Security/SQLMembershipProvider.cs	1971	18	Security	warning	'RNGCryptoServiceProvider' is obsolete: 'RNGCryptoServiceProvider is obsolete. To generate a random number, use one of the RandomNumberGenerator static methods instead.' (https://aka.ms/dotnet-warnings/SYSLIB0023)
warning	SYSLIB0045	src/System.Web.ReferenceSource/Security/SQLMembershipProvider.cs	1977	24	Security	warning	'HashAlgorithm.Create(string)' is obsolete: 'Cryptographic factory methods accepting an algorithm name are obsolete. Use the parameterless Create factory method on the algorithm type instead.' (https://aka.ms/dotnet-warnings/SYSLIB0045)
warning	SYSLIB0045	src/System.Web.ReferenceSource/Security/SQLMembershipProvider.cs	1986	38	Security	warning	'HashAlgorithm.Create(string)' is obsolete: 'Cryptographic factory methods accepting an algorithm name are obsolete. Use the parameterless Create factory method on the algorithm type instead.' (https://aka.ms/dotnet-warnings/SYSLIB0045)
warning	CS0618	src/System.Web.ReferenceSource/Security/SQLRoleProvider.cs	85	42	Security	warning	'SqlConnection' is obsolete: 'Use the Microsoft.Data.SqlClient package instead.'
warning	CS0618	src/System.Web.ReferenceSource/Security/SQLRoleProvider.cs	114	21	Security	warning	'SqlCommand' is obsolete: 'Use the Microsoft.Data.SqlClient package instead.'
warning	CS0618	src/System.Web.ReferenceSource/Security/SQLRoleProvider.cs	114	49	Security	warning	'SqlCommand' is obsolete: 'Use the Microsoft.Data.SqlClient package instead.'
warning	CS0618	src/System.Web.ReferenceSource/Security/SQLRoleProvider.cs	118	21	Security	warning	'SqlParameter' is obsolete: 'Use the Microsoft.Data.SqlClient package instead.'
warning	CS0618	src/System.Web.ReferenceSource/Security/SQLRoleProvider.cs	118	42	Security	warning	'SqlParameter' is obsolete: 'Use the Microsoft.Data.SqlClient package instead.'
warning	CS0618	src/System.Web.ReferenceSource/Security/SQLRoleProvider.cs	172	21	Security	warning	'SqlCommand' is obsolete: 'Use the Microsoft.Data.SqlClient package instead.'
warning	CS0618	src/System.Web.ReferenceSource/Security/SQLRoleProvider.cs	172	51	Security	warning	'SqlCommand' is obsolete: 'Use the Microsoft.Data.SqlClient package instead.'
warning	CS0618	src/System.Web.ReferenceSource/Security/SQLRoleProvider.cs	173	21	Security	warning	'SqlParameter' is obsolete: 'Use the Microsoft.Data.SqlClient package instead.'
warning	CS0618	src/System.Web.ReferenceSource/Security/SQLRoleProvider.cs	173	51	Security	warning	'SqlParameter' is obsolete: 'Use the Microsoft.Data.SqlClient package instead.'
warning	CS0618	src/System.Web.ReferenceSource/Security/SQLRoleProvider.cs	174	21	Security	warning	'SqlDataReader' is obsolete: 'Use the Microsoft.Data.SqlClient package instead.'
warning	CS0618	src/System.Web.ReferenceSource/Security/SQLRoleProvider.cs	244	21	Security	warning	'SqlCommand' is obsolete: 'Use the Microsoft.Data.SqlClient package instead.'
warning	CS0618	src/System.Web.ReferenceSource/Security/SQLRoleProvider.cs	244	42	Security	warning	'SqlCommand' is obsolete: 'Use the Microsoft.Data.SqlClient package instead.'
warning	CS0618	src/System.Web.ReferenceSource/Security/SQLRoleProvider.cs	248	21	Security	warning	'SqlParameter' is obsolete: 'Use the Microsoft.Data.SqlClient package instead.'
warning	CS0618	src/System.Web.ReferenceSource/Security/SQLRoleProvider.cs	248	42	Security	warning	'SqlParameter' is obsolete: 'Use the Microsoft.Data.SqlClient package instead.'
warning	CS0618	src/System.Web.ReferenceSource/Security/SQLRoleProvider.cs	297	21	Security	warning	'SqlCommand' is obsolete: 'Use the Microsoft.Data.SqlClient package instead.'
warning	CS0618	src/System.Web.ReferenceSource/Security/SQLRoleProvider.cs	297	49	Security	warning	'SqlCommand' is obsolete: 'Use the Microsoft.Data.SqlClient package instead.'
warning	CS0618	src/System.Web.ReferenceSource/Security/SQLRoleProvider.cs	302	21	Security	warning	'SqlParameter' is obsolete: 'Use the Microsoft.Data.SqlClient package instead.'
warning	CS0618	src/System.Web.ReferenceSource/Security/SQLRoleProvider.cs	302	42	Security	warning	'SqlParameter' is obsolete: 'Use the Microsoft.Data.SqlClient package instead.'
warning	CS0618	src/System.Web.ReferenceSource/Security/SQLRoleProvider.cs	348	21	Security	warning	'SqlCommand' is obsolete: 'Use the Microsoft.Data.SqlClient package instead.'
warning	CS0618	src/System.Web.ReferenceSource/Security/SQLRoleProvider.cs	348	49	Security	warning	'SqlCommand' is obsolete: 'Use the Microsoft.Data.SqlClient package instead.'
warning	CS0618	src/System.Web.ReferenceSource/Security/SQLRoleProvider.cs	353	21	Security	warning	'SqlParameter' is obsolete: 'Use the Microsoft.Data.SqlClient package instead.'
warning	CS0618	src/System.Web.ReferenceSource/Security/SQLRoleProvider.cs	353	42	Security	warning	'SqlParameter' is obsolete: 'Use the Microsoft.Data.SqlClient package instead.'
warning	CS0618	src/System.Web.ReferenceSource/Security/SQLRoleProvider.cs	428	38	Security	warning	'SqlCommand' is obsolete: 'Use the Microsoft.Data.SqlClient package instead.'
warning	CS0618	src/System.Web.ReferenceSource/Security/SQLRoleProvider.cs	435	30	Security	warning	'SqlCommand' is obsolete: 'Use the Microsoft.Data.SqlClient package instead.'
warning	CS0618	src/System.Web.ReferenceSource/Security/SQLRoleProvider.cs	441	34	Security	warning	'SqlCommand' is obsolete: 'Use the Microsoft.Data.SqlClient package instead.'
warning	CS0618	src/System.Web.ReferenceSource/Security/SQLRoleProvider.cs	459	43	Security	warning	'SqlConnection' is obsolete: 'Use the Microsoft.Data.SqlClient package instead.'
warning	CS0618	src/System.Web.ReferenceSource/Security/SQLRoleProvider.cs	461	13	Security	warning	'SqlCommand' is obsolete: 'Use the Microsoft.Data.SqlClient package instead.'
warning	CS0618	src/System.Web.ReferenceSource/Security/SQLRoleProvider.cs	461	43	Security	warning	'SqlCommand' is obsolete: 'Use the Microsoft.Data.SqlClient package instead.'
warning	CS0618	src/System.Web.ReferenceSource/Security/SQLRoleProvider.cs	462	13	Security	warning	'SqlDataReader' is obsolete: 'Use the Microsoft.Data.SqlClient package instead.'
warning	CS0618	src/System.Web.ReferenceSource/Security/SQLRoleProvider.cs	463	13	Security	warning	'SqlParameter' is obsolete: 'Use the Microsoft.Data.SqlClient package instead.'
warning	CS0618	src/System.Web.ReferenceSource/Security/SQLRoleProvider.cs	463	43	Security	warning	'SqlParameter' is obsolete: 'Use the Microsoft.Data.SqlClient package instead.'
warning	CS0618	src/System.Web.ReferenceSource/Security/SQLRoleProvider.cs	543	38	Security	warning	'SqlCommand' is obsolete: 'Use the Microsoft.Data.SqlClient package instead.'
warning	CS0618	src/System.Web.ReferenceSource/Security/SQLRoleProvider.cs	550	30	Security	warning	'SqlCommand' is obsolete: 'Use the Microsoft.Data.SqlClient package instead.'
warning	CS0618	src/System.Web.ReferenceSource/Security/SQLRoleProvider.cs	555	30	Security	warning	'SqlCommand' is obsolete: 'Use the Microsoft.Data.SqlClient package instead.'
warning	CS0618	src/System.Web.ReferenceSource/Security/SQLRoleProvider.cs	571	47	Security	warning	'SqlConnection' is obsolete: 'Use the Microsoft.Data.SqlClient package instead.'
warning	CS0618	src/System.Web.ReferenceSource/Security/SQLRoleProvider.cs	573	13	Security	warning	'SqlCommand' is obsolete: 'Use the Microsoft.Data.SqlClient package instead.'
warning	CS0618	src/System.Web.ReferenceSource/Security/SQLRoleProvider.cs	573	43	Security	warning	'SqlCommand' is obsolete: 'Use the Microsoft.Data.SqlClient package instead.'
warning	CS0618	src/System.Web.ReferenceSource/Security/SQLRoleProvider.cs	574	13	Security	warning	'SqlDataReader' is obsolete: 'Use the Microsoft.Data.SqlClient package instead.'
warning	CS0618	src/System.Web.ReferenceSource/Security/SQLRoleProvider.cs	575	13	Security	warning	'SqlParameter' is obsolete: 'Use the Microsoft.Data.SqlClient package instead.'
warning	CS0618	src/System.Web.ReferenceSource/Security/SQLRoleProvider.cs	575	43	Security	warning	'SqlParameter' is obsolete: 'Use the Microsoft.Data.SqlClient package instead.'
warning	CS0618	src/System.Web.ReferenceSource/Security/SQLRoleProvider.cs	628	21	Security	warning	'SqlCommand' is obsolete: 'Use the Microsoft.Data.SqlClient package instead.'
warning	CS0618	src/System.Web.ReferenceSource/Security/SQLRoleProvider.cs	628	51	Security	warning	'SqlCommand' is obsolete: 'Use the Microsoft.Data.SqlClient package instead.'
warning	CS0618	src/System.Web.ReferenceSource/Security/SQLRoleProvider.cs	629	21	Security	warning	'SqlDataReader' is obsolete: 'Use the Microsoft.Data.SqlClient package instead.'
warning	CS0618	src/System.Web.ReferenceSource/Security/SQLRoleProvider.cs	630	21	Security	warning	'SqlParameter' is obsolete: 'Use the Microsoft.Data.SqlClient package instead.'
warning	CS0618	src/System.Web.ReferenceSource/Security/SQLRoleProvider.cs	630	51	Security	warning	'SqlParameter' is obsolete: 'Use the Microsoft.Data.SqlClient package instead.'
warning	CS0618	src/System.Web.ReferenceSource/Security/SQLRoleProvider.cs	697	21	Security	warning	'SqlCommand' is obsolete: 'Use the Microsoft.Data.SqlClient package instead.'
warning	CS0618	src/System.Web.ReferenceSource/Security/SQLRoleProvider.cs	697	51	Security	warning	'SqlCommand' is obsolete: 'Use the Microsoft.Data.SqlClient package instead.'
warning	CS0618	src/System.Web.ReferenceSource/Security/SQLRoleProvider.cs	699	21	Security	warning	'SqlParameter' is obsolete: 'Use the Microsoft.Data.SqlClient package instead.'
warning	CS0618	src/System.Web.ReferenceSource/Security/SQLRoleProvider.cs	699	51	Security	warning	'SqlParameter' is obsolete: 'Use the Microsoft.Data.SqlClient package instead.'
warning	CS0618	src/System.Web.ReferenceSource/Security/SQLRoleProvider.cs	700	21	Security	warning	'SqlDataReader' is obsolete: 'Use the Microsoft.Data.SqlClient package instead.'
warning	CS0618	src/System.Web.ReferenceSource/Security/SQLRoleProvider.cs	757	21	Security	warning	'SqlCommand' is obsolete: 'Use the Microsoft.Data.SqlClient package instead.'
warning	CS0618	src/System.Web.ReferenceSource/Security/SQLRoleProvider.cs	757	42	Security	warning	'SqlCommand' is obsolete: 'Use the Microsoft.Data.SqlClient package instead.'
warning	CS0618	src/System.Web.ReferenceSource/Security/SQLRoleProvider.cs	758	21	Security	warning	'SqlDataReader' is obsolete: 'Use the Microsoft.Data.SqlClient package instead.'
warning	CS0618	src/System.Web.ReferenceSource/Security/SQLRoleProvider.cs	759	21	Security	warning	'SqlParameter' is obsolete: 'Use the Microsoft.Data.SqlClient package instead.'
warning	CS0618	src/System.Web.ReferenceSource/Security/SQLRoleProvider.cs	759	42	Security	warning	'SqlParameter' is obsolete: 'Use the Microsoft.Data.SqlClient package instead.'
warning	CS0618	src/System.Web.ReferenceSource/Security/SQLRoleProvider.cs	836	17	Security	warning	'SqlParameter' is obsolete: 'Use the Microsoft.Data.SqlClient package instead.'
warning	CS0618	src/System.Web.ReferenceSource/Security/SQLRoleProvider.cs	837	13	Security	warning	'SqlParameter' is obsolete: 'Use the Microsoft.Data.SqlClient package instead.'
warning	CS0618	src/System.Web.ReferenceSource/Security/SQLRoleProvider.cs	837	38	Security	warning	'SqlParameter' is obsolete: 'Use the Microsoft.Data.SqlClient package instead.'
warning	CS0618	src/System.Web.ReferenceSource/Security/SQLRoleProvider.cs	847	36	Security	warning	'SqlCommand' is obsolete: 'Use the Microsoft.Data.SqlClient package instead.'
warning	CS0618	src/System.Web.ReferenceSource/Security/SQLRoleProvider.cs	848	21	Security	warning	'SqlParameter' is obsolete: 'Use the Microsoft.Data.SqlClient package instead.'
warning	SYSLIB0003	src/System.Web.ReferenceSource/Security/UrlAuthorizationModule.cs	41	10	Security	warning	'SecurityPermissionAttribute' is obsolete: 'Code Access Security is not supported or honored by the runtime.' (https://aka.ms/dotnet-warnings/SYSLIB0003)
warning	SYSLIB0003	src/System.Web.ReferenceSource/Security/UrlAuthorizationModule.cs	41	29	Security	warning	'SecurityAction' is obsolete: 'Code Access Security is not supported or honored by the runtime.' (https://aka.ms/dotnet-warnings/SYSLIB0003)
warning	SYSLIB0003	src/System.Web.ReferenceSource/Security/UrlAuthorizationModule.cs	63	10	Security	warning	'SecurityPermissionAttribute' is obsolete: 'Code Access Security is not supported or honored by the runtime.' (https://aka.ms/dotnet-warnings/SYSLIB0003)
warning	SYSLIB0003	src/System.Web.ReferenceSource/Security/UrlAuthorizationModule.cs	63	29	Security	warning	'SecurityAction' is obsolete: 'Code Access Security is not supported or honored by the runtime.' (https://aka.ms/dotnet-warnings/SYSLIB0003)
warning	SYSLIB0003	src/System.Web.ReferenceSource/Security/WindowsAuthenticationEventArgs.cs	40	14	Security	warning	'SecurityPermissionAttribute' is obsolete: 'Code Access Security is not supported or honored by the runtime.' (https://aka.ms/dotnet-warnings/SYSLIB0003)
warning	SYSLIB0003	src/System.Web.ReferenceSource/Security/WindowsAuthenticationEventArgs.cs	40	33	Security	warning	'SecurityAction' is obsolete: 'Code Access Security is not supported or honored by the runtime.' (https://aka.ms/dotnet-warnings/SYSLIB0003)
warning	CA1416	src/System.Web.ReferenceSource/Security/WindowsAuthenticationModule.cs	34	69	Security	warning	This call site is reachable on all platforms. 'WindowsIdentity.GetAnonymous()' is only supported on: 'windows'. (https://learn.microsoft.com/dotnet/fundamentals/code-analysis/quality-rules/ca1416)
warning	CA1416	src/System.Web.ReferenceSource/Security/WindowsAuthenticationModule.cs	35	72	Security	warning	This call site is reachable on all platforms. 'WindowsPrincipal' is only supported on: 'windows'. (https://learn.microsoft.com/dotnet/fundamentals/code-analysis/quality-rules/ca1416)
warning	SYSLIB0003	src/System.Web.ReferenceSource/Security/WindowsAuthenticationModule.cs	44	10	Security	warning	'SecurityPermissionAttribute' is obsolete: 'Code Access Security is not supported or honored by the runtime.' (https://aka.ms/dotnet-warnings/SYSLIB0003)
warning	SYSLIB0003	src/System.Web.ReferenceSource/Security/WindowsAuthenticationModule.cs	44	29	Security	warning	'SecurityAction' is obsolete: 'Code Access Security is not supported or honored by the runtime.' (https://aka.ms/dotnet-warnings/SYSLIB0003)
warning	CA1416	src/System.Web.ReferenceSource/Security/WindowsAuthenticationModule.cs	100	52	Security	warning	This call site is reachable on all platforms. 'WindowsPrincipal' is only supported on: 'windows'. (https://learn.microsoft.com/dotnet/fundamentals/code-analysis/quality-rules/ca1416)
warning	SYSLIB0003	src/System.Web.ReferenceSource/Security/WindowsAuthenticationModule.cs	114	10	Security	warning	'SecurityPermissionAttribute' is obsolete: 'Code Access Security is not supported or honored by the runtime.' (https://aka.ms/dotnet-warnings/SYSLIB0003)
warning	SYSLIB0003	src/System.Web.ReferenceSource/Security/WindowsAuthenticationModule.cs	114	29	Security	warning	'SecurityAction' is obsolete: 'Code Access Security is not supported or honored by the runtime.' (https://aka.ms/dotnet-warnings/SYSLIB0003)
warning	CA1416	src/System.Web.ReferenceSource/Security/WindowsAuthenticationModule.cs	132	32	Security	warning	This call site is reachable on all platforms. 'WindowsPrincipal.Identity' is only supported on: 'windows'. (https://learn.microsoft.com/dotnet/fundamentals/code-analysis/quality-rules/ca1416)
warning	CA1416	src/System.Web.ReferenceSource/Security/WindowsAuthenticationModule.cs	156	32	Security	warning	This call site is reachable on all platforms. 'WindowsIdentity' is only supported on: 'windows'. (https://learn.microsoft.com/dotnet/fundamentals/code-analysis/quality-rules/ca1416)
warning	CA1416	src/System.Web.ReferenceSource/Security/WindowsAuthenticationModule.cs	159	25	Security	warning	This call site is reachable on all platforms. 'WindowsAccountType.Normal' is only supported on: 'windows'. (https://learn.microsoft.com/dotnet/fundamentals/code-analysis/quality-rules/ca1416)
warning	CA1416	src/System.Web.ReferenceSource/Security/WindowsTokenRoleProvider.cs	80	38	Security	warning	This call site is reachable on all platforms. 'WindowsPrincipal' is only supported on: 'windows'. (https://learn.microsoft.com/dotnet/fundamentals/code-analysis/quality-rules/ca1416)
warning	CA1416	src/System.Web.ReferenceSource/Security/WindowsTokenRoleProvider.cs	81	20	Security	warning	This call site is reachable on all platforms. 'WindowsPrincipal.IsInRole(WindowsBuiltInRole)' is only supported on: 'windows'. (https://learn.microsoft.com/dotnet/fundamentals/code-analysis/quality-rules/ca1416)
warning	SYSLIB0003	src/System.Web.ReferenceSource/Security/WindowsTokenRoleProvider.cs	178	10	Security	warning	'PermissionSetAttribute' is obsolete: 'Code Access Security is not supported or honored by the runtime.' (https://aka.ms/dotnet-warnings/SYSLIB0003)
warning	SYSLIB0003	src/System.Web.ReferenceSource/Security/WindowsTokenRoleProvider.cs	178	24	Security	warning	'SecurityAction' is obsolete: 'Code Access Security is not supported or honored by the runtime.' (https://aka.ms/dotnet-warnings/SYSLIB0003)
warning	CA1416	src/System.Web.ReferenceSource/Security/WindowsTokenRoleProvider.cs	181	20	Security	warning	This call site is reachable on all platforms. 'WindowsIdentity.Token' is only supported on: 'windows'. (https://learn.microsoft.com/dotnet/fundamentals/code-analysis/quality-rules/ca1416)
warning	SYSLIB0003	src/System.Web.ReferenceSource/Security/WindowsTokenRoleProvider.cs	183	10	Security	warning	'PermissionSetAttribute' is obsolete: 'Code Access Security is not supported or honored by the runtime.' (https://aka.ms/dotnet-warnings/SYSLIB0003)
warning	SYSLIB0003	src/System.Web.ReferenceSource/Security/WindowsTokenRoleProvider.cs	183	24	Security	warning	'SecurityAction' is obsolete: 'Code Access Security is not supported or honored by the runtime.' (https://aka.ms/dotnet-warnings/SYSLIB0003)
warning	CS0436	src/System.Web.ReferenceSource/State/OutOfProcStateClientManager.cs	317	23	State	warning	The type 'HttpUtility' in '/Users/vm/repos/rehost-webforms/src/Rehost.WebForms.Runtime/../System.Web.ReferenceSource/httpserverutility.cs' conflicts with the imported type 'HttpUtility' in 'System.Web.HttpUtility, Version=10.0.0.0, Culture=neutral, PublicKeyToken=cc7b13ffcd2ddd51'. Using the type defined in '/Users/vm/repos/rehost-webforms/src/Rehost.WebForms.Runtime/../System.Web.ReferenceSource/httpserverutility.cs'.
warning	SYSLIB0003	src/System.Web.ReferenceSource/State/OutOfProcStateClientManager.cs	431	10	State	warning	'SecurityPermissionAttribute' is obsolete: 'Code Access Security is not supported or honored by the runtime.' (https://aka.ms/dotnet-warnings/SYSLIB0003)
warning	SYSLIB0003	src/System.Web.ReferenceSource/State/OutOfProcStateClientManager.cs	431	29	State	warning	'SecurityAction' is obsolete: 'Code Access Security is not supported or honored by the runtime.' (https://aka.ms/dotnet-warnings/SYSLIB0003)
warning	CS0436	src/System.Web.ReferenceSource/State/SessionIDManager.cs	224	24	State	warning	The type 'HttpUtility' in '/Users/vm/repos/rehost-webforms/src/Rehost.WebForms.Runtime/../System.Web.ReferenceSource/httpserverutility.cs' conflicts with the imported type 'HttpUtility' in 'System.Web.HttpUtility, Version=10.0.0.0, Culture=neutral, PublicKeyToken=cc7b13ffcd2ddd51'. Using the type defined in '/Users/vm/repos/rehost-webforms/src/Rehost.WebForms.Runtime/../System.Web.ReferenceSource/httpserverutility.cs'.
warning	CS0436	src/System.Web.ReferenceSource/State/SessionIDManager.cs	236	24	State	warning	The type 'HttpUtility' in '/Users/vm/repos/rehost-webforms/src/Rehost.WebForms.Runtime/../System.Web.ReferenceSource/httpserverutility.cs' conflicts with the imported type 'HttpUtility' in 'System.Web.HttpUtility, Version=10.0.0.0, Culture=neutral, PublicKeyToken=cc7b13ffcd2ddd51'. Using the type defined in '/Users/vm/repos/rehost-webforms/src/Rehost.WebForms.Runtime/../System.Web.ReferenceSource/httpserverutility.cs'.
warning	SYSLIB0023	src/System.Web.ReferenceSource/State/SessionIDManager.cs	504	31	State	warning	'RNGCryptoServiceProvider' is obsolete: 'RNGCryptoServiceProvider is obsolete. To generate a random number, use one of the RandomNumberGenerator static methods instead.' (https://aka.ms/dotnet-warnings/SYSLIB0023)
warning	SYSLIB0003	src/System.Web.ReferenceSource/State/SessionStateItemCollection.cs	237	10	State	warning	'SecurityPermissionAttribute' is obsolete: 'Code Access Security is not supported or honored by the runtime.' (https://aka.ms/dotnet-warnings/SYSLIB0003)
warning	SYSLIB0003	src/System.Web.ReferenceSource/State/SessionStateItemCollection.cs	237	29	State	warning	'SecurityAction' is obsolete: 'Code Access Security is not supported or honored by the runtime.' (https://aka.ms/dotnet-warnings/SYSLIB0003)
warning	SYSLIB0003	src/System.Web.ReferenceSource/State/SessionStateItemCollection.cs	237	60	State	warning	'SecurityPermissionFlag' is obsolete: 'Code Access Security is not supported or honored by the runtime.' (https://aka.ms/dotnet-warnings/SYSLIB0003)
warning	SYSLIB0003	src/System.Web.ReferenceSource/State/SessionStateItemCollection.cs	444	10	State	warning	'SecurityPermissionAttribute' is obsolete: 'Code Access Security is not supported or honored by the runtime.' (https://aka.ms/dotnet-warnings/SYSLIB0003)
warning	SYSLIB0003	src/System.Web.ReferenceSource/State/SessionStateItemCollection.cs	444	29	State	warning	'SecurityAction' is obsolete: 'Code Access Security is not supported or honored by the runtime.' (https://aka.ms/dotnet-warnings/SYSLIB0003)
warning	SYSLIB0003	src/System.Web.ReferenceSource/State/SessionStateItemCollection.cs	444	60	State	warning	'SecurityPermissionFlag' is obsolete: 'Code Access Security is not supported or honored by the runtime.' (https://aka.ms/dotnet-warnings/SYSLIB0003)
warning	CA2022	src/System.Web.ReferenceSource/State/SessionStateItemCollection.cs	531	29	State	warning	Avoid inexact read with 'System.IO.Stream.Read(byte[], int, int)' (https://learn.microsoft.com/dotnet/fundamentals/code-analysis/quality-rules/ca2022)
warning	SYSLIB0003	src/System.Web.ReferenceSource/State/SessionStateModule.cs	244	10	State	warning	'SecurityPermissionAttribute' is obsolete: 'Code Access Security is not supported or honored by the runtime.' (https://aka.ms/dotnet-warnings/SYSLIB0003)
warning	SYSLIB0003	src/System.Web.ReferenceSource/State/SessionStateModule.cs	244	29	State	warning	'SecurityAction' is obsolete: 'Code Access Security is not supported or honored by the runtime.' (https://aka.ms/dotnet-warnings/SYSLIB0003)
warning	SYSLIB0003	src/System.Web.ReferenceSource/State/SessionStateModule.cs	261	10	State	warning	'AspNetHostingPermissionAttribute' is obsolete: 'Code Access Security is not supported or honored by the runtime.' (https://aka.ms/dotnet-warnings/SYSLIB0003)
warning	SYSLIB0003	src/System.Web.ReferenceSource/State/SessionStateModule.cs	261	34	State	warning	'SecurityAction' is obsolete: 'Code Access Security is not supported or honored by the runtime.' (https://aka.ms/dotnet-warnings/SYSLIB0003)
warning	SYSLIB0003	src/System.Web.ReferenceSource/State/SessionStateModule.cs	1088	10	State	warning	'RegistryPermissionAttribute' is obsolete: 'Code Access Security is not supported or honored by the runtime.' (https://aka.ms/dotnet-warnings/SYSLIB0003)
warning	SYSLIB0003	src/System.Web.ReferenceSource/State/SessionStateModule.cs	1088	29	State	warning	'SecurityAction' is obsolete: 'Code Access Security is not supported or honored by the runtime.' (https://aka.ms/dotnet-warnings/SYSLIB0003)
warning	CA1416	src/System.Web.ReferenceSource/State/SessionStateModule.cs	1094	32	State	warning	This call site is reachable on all platforms. 'Registry.GetValue(string, string?, object?)' is only supported on: 'windows'. (https://learn.microsoft.com/dotnet/fundamentals/code-analysis/quality-rules/ca1416)
warning	SYSLIB0050	src/System.Web.ReferenceSource/State/SessionStateUtil.cs	26	23	State	warning	'ISurrogateSelector' is obsolete: 'Formatter-based serialization is obsolete and should not be used.' (https://aka.ms/dotnet-warnings/SYSLIB0050)
warning	SYSLIB0003	src/System.Web.ReferenceSource/State/SessionStateUtil.cs	27	14	State	warning	'SecurityPermissionAttribute' is obsolete: 'Code Access Security is not supported or honored by the runtime.' (https://aka.ms/dotnet-warnings/SYSLIB0003)
warning	SYSLIB0003	src/System.Web.ReferenceSource/State/SessionStateUtil.cs	27	33	State	warning	'SecurityAction' is obsolete: 'Code Access Security is not supported or honored by the runtime.' (https://aka.ms/dotnet-warnings/SYSLIB0003)
warning	SYSLIB0003	src/System.Web.ReferenceSource/State/SessionStateUtil.cs	29	14	State	warning	'SecurityPermissionAttribute' is obsolete: 'Code Access Security is not supported or honored by the runtime.' (https://aka.ms/dotnet-warnings/SYSLIB0003)
warning	SYSLIB0003	src/System.Web.ReferenceSource/State/SessionStateUtil.cs	29	33	State	warning	'SecurityAction' is obsolete: 'Code Access Security is not supported or honored by the runtime.' (https://aka.ms/dotnet-warnings/SYSLIB0003)
warning	SYSLIB0003	src/System.Web.ReferenceSource/State/SessionStateUtil.cs	111	10	State	warning	'SecurityPermissionAttribute' is obsolete: 'Code Access Security is not supported or honored by the runtime.' (https://aka.ms/dotnet-warnings/SYSLIB0003)
warning	SYSLIB0003	src/System.Web.ReferenceSource/State/SessionStateUtil.cs	111	29	State	warning	'SecurityAction' is obsolete: 'Code Access Security is not supported or honored by the runtime.' (https://aka.ms/dotnet-warnings/SYSLIB0003)
warning	SYSLIB0003	src/System.Web.ReferenceSource/State/SessionStateUtil.cs	144	10	State	warning	'SecurityPermissionAttribute' is obsolete: 'Code Access Security is not supported or honored by the runtime.' (https://aka.ms/dotnet-warnings/SYSLIB0003)
warning	SYSLIB0003	src/System.Web.ReferenceSource/State/SessionStateUtil.cs	144	29	State	warning	'SecurityAction' is obsolete: 'Code Access Security is not supported or honored by the runtime.' (https://aka.ms/dotnet-warnings/SYSLIB0003)
warning	SYSLIB0003	src/System.Web.ReferenceSource/State/StateRuntime.cs	36	10	State	warning	'SecurityPermissionAttribute' is obsolete: 'Code Access Security is not supported or honored by the runtime.' (https://aka.ms/dotnet-warnings/SYSLIB0003)
warning	SYSLIB0003	src/System.Web.ReferenceSource/State/StateRuntime.cs	36	29	State	warning	'SecurityAction' is obsolete: 'Code Access Security is not supported or honored by the runtime.' (https://aka.ms/dotnet-warnings/SYSLIB0003)
warning	SYSLIB0003	src/System.Web.ReferenceSource/State/StateRuntime.cs	37	10	State	warning	'SecurityPermissionAttribute' is obsolete: 'Code Access Security is not supported or honored by the runtime.' (https://aka.ms/dotnet-warnings/SYSLIB0003)
warning	SYSLIB0003	src/System.Web.ReferenceSource/State/StateRuntime.cs	37	29	State	warning	'SecurityAction' is obsolete: 'Code Access Security is not supported or honored by the runtime.' (https://aka.ms/dotnet-warnings/SYSLIB0003)
warning	SYSLIB0003	src/System.Web.ReferenceSource/State/StateRuntime.cs	44	10	State	warning	'SecurityPermissionAttribute' is obsolete: 'Code Access Security is not supported or honored by the runtime.' (https://aka.ms/dotnet-warnings/SYSLIB0003)
warning	SYSLIB0003	src/System.Web.ReferenceSource/State/StateRuntime.cs	44	29	State	warning	'SecurityAction' is obsolete: 'Code Access Security is not supported or honored by the runtime.' (https://aka.ms/dotnet-warnings/SYSLIB0003)
warning	SYSLIB0003	src/System.Web.ReferenceSource/State/StateRuntime.cs	45	10	State	warning	'SecurityPermissionAttribute' is obsolete: 'Code Access Security is not supported or honored by the runtime.' (https://aka.ms/dotnet-warnings/SYSLIB0003)
warning	SYSLIB0003	src/System.Web.ReferenceSource/State/StateRuntime.cs	45	29	State	warning	'SecurityAction' is obsolete: 'Code Access Security is not supported or honored by the runtime.' (https://aka.ms/dotnet-warnings/SYSLIB0003)
warning	SYSLIB0003	src/System.Web.ReferenceSource/State/StateRuntime.cs	66	10	State	warning	'SecurityPermissionAttribute' is obsolete: 'Code Access Security is not supported or honored by the runtime.' (https://aka.ms/dotnet-warnings/SYSLIB0003)
warning	SYSLIB0003	src/System.Web.ReferenceSource/State/StateRuntime.cs	66	29	State	warning	'SecurityAction' is obsolete: 'Code Access Security is not supported or honored by the runtime.' (https://aka.ms/dotnet-warnings/SYSLIB0003)
warning	SYSLIB0003	src/System.Web.ReferenceSource/State/StateRuntime.cs	67	10	State	warning	'SecurityPermissionAttribute' is obsolete: 'Code Access Security is not supported or honored by the runtime.' (https://aka.ms/dotnet-warnings/SYSLIB0003)
warning	SYSLIB0003	src/System.Web.ReferenceSource/State/StateRuntime.cs	67	29	State	warning	'SecurityAction' is obsolete: 'Code Access Security is not supported or honored by the runtime.' (https://aka.ms/dotnet-warnings/SYSLIB0003)
warning	SYSLIB0003	src/System.Web.ReferenceSource/State/StateRuntime.cs	96	6	State	warning	'SecurityPermissionAttribute' is obsolete: 'Code Access Security is not supported or honored by the runtime.' (https://aka.ms/dotnet-warnings/SYSLIB0003)
warning	SYSLIB0003	src/System.Web.ReferenceSource/State/StateRuntime.cs	96	25	State	warning	'SecurityAction' is obsolete: 'Code Access Security is not supported or honored by the runtime.' (https://aka.ms/dotnet-warnings/SYSLIB0003)
warning	CS0436	src/System.Web.ReferenceSource/State/StateRuntime.cs	291	59	State	warning	The type 'HttpUtility' in '/Users/vm/repos/rehost-webforms/src/Rehost.WebForms.Runtime/../System.Web.ReferenceSource/httpserverutility.cs' conflicts with the imported type 'HttpUtility' in 'System.Web.HttpUtility, Version=10.0.0.0, Culture=neutral, PublicKeyToken=cc7b13ffcd2ddd51'. Using the type defined in '/Users/vm/repos/rehost-webforms/src/Rehost.WebForms.Runtime/../System.Web.ReferenceSource/httpserverutility.cs'.
warning	CA2022	src/System.Web.ReferenceSource/State/StateRuntime.cs	530	13	State	warning	Avoid inexact read with 'System.IO.Stream.Read(byte[], int, int)' (https://learn.microsoft.com/dotnet/fundamentals/code-analysis/quality-rules/ca2022)
warning	CS0436	src/System.Web.ReferenceSource/State/StateWorkerRequest.cs	138	20	State	warning	The type 'HttpUtility' in '/Users/vm/repos/rehost-webforms/src/Rehost.WebForms.Runtime/../System.Web.ReferenceSource/httpserverutility.cs' conflicts with the imported type 'HttpUtility' in 'System.Web.HttpUtility, Version=10.0.0.0, Culture=neutral, PublicKeyToken=cc7b13ffcd2ddd51'. Using the type defined in '/Users/vm/repos/rehost-webforms/src/Rehost.WebForms.Runtime/../System.Web.ReferenceSource/httpserverutility.cs'.
warning	CS0618	src/System.Web.ReferenceSource/State/sqlstateclientmanager.cs	186	13	State	warning	'SqlConnection' is obsolete: 'Use the Microsoft.Data.SqlClient package instead.'
warning	CS0618	src/System.Web.ReferenceSource/State/sqlstateclientmanager.cs	190	39	State	warning	'SqlConnection' is obsolete: 'Use the Microsoft.Data.SqlClient package instead.'
warning	CS0618	src/System.Web.ReferenceSource/State/sqlstateclientmanager.cs	211	13	State	warning	'SqlConnectionStringBuilder' is obsolete: 'Use the Microsoft.Data.SqlClient package instead.'
warning	CS0618	src/System.Web.ReferenceSource/State/sqlstateclientmanager.cs	211	52	State	warning	'SqlConnectionStringBuilder' is obsolete: 'Use the Microsoft.Data.SqlClient package instead.'
warning	CA1416	src/System.Web.ReferenceSource/State/sqlstateclientmanager.cs	350	81	State	warning	This call site is reachable on all platforms. 'WindowsIdentity.GetCurrent()' is only supported on: 'windows'. (https://learn.microsoft.com/dotnet/fundamentals/code-analysis/quality-rules/ca1416)
warning	CA1416	src/System.Web.ReferenceSource/State/sqlstateclientmanager.cs	350	81	State	warning	This call site is reachable on all platforms. 'WindowsIdentity.Name' is only supported on: 'windows'. (https://learn.microsoft.com/dotnet/fundamentals/code-analysis/quality-rules/ca1416)
warning	CS0618	src/System.Web.ReferenceSource/State/sqlstateclientmanager.cs	391	58	State	warning	'SqlConnection' is obsolete: 'Use the Microsoft.Data.SqlClient package instead.'
warning	CS0618	src/System.Web.ReferenceSource/State/sqlstateclientmanager.cs	410	13	State	warning	'SqlDataReader' is obsolete: 'Use the Microsoft.Data.SqlClient package instead.'
warning	CS0618	src/System.Web.ReferenceSource/State/sqlstateclientmanager.cs	416	13	State	warning	'SqlCommand' is obsolete: 'Use the Microsoft.Data.SqlClient package instead.'
warning	CS0618	src/System.Web.ReferenceSource/State/sqlstateclientmanager.cs	609	17	State	warning	'SqlCommand' is obsolete: 'Use the Microsoft.Data.SqlClient package instead.'
warning	CS0618	src/System.Web.ReferenceSource/State/sqlstateclientmanager.cs	627	13	State	warning	'SqlCommand' is obsolete: 'Use the Microsoft.Data.SqlClient package instead.'
warning	CS0618	src/System.Web.ReferenceSource/State/sqlstateclientmanager.cs	722	17	State	warning	'SqlCommand' is obsolete: 'Use the Microsoft.Data.SqlClient package instead.'
warning	CS0618	src/System.Web.ReferenceSource/State/sqlstateclientmanager.cs	743	17	State	warning	'SqlCommand' is obsolete: 'Use the Microsoft.Data.SqlClient package instead.'
warning	CS0618	src/System.Web.ReferenceSource/State/sqlstateclientmanager.cs	776	17	State	warning	'SqlCommand' is obsolete: 'Use the Microsoft.Data.SqlClient package instead.'
warning	CS0618	src/System.Web.ReferenceSource/State/sqlstateclientmanager.cs	788	41	State	warning	'SqlException' is obsolete: 'Use the Microsoft.Data.SqlClient package instead.'
warning	CS0618	src/System.Web.ReferenceSource/State/sqlstateclientmanager.cs	807	41	State	warning	'SqlException' is obsolete: 'Use the Microsoft.Data.SqlClient package instead.'
warning	CS0618	src/System.Web.ReferenceSource/State/sqlstateclientmanager.cs	829	30	State	warning	'SqlException' is obsolete: 'Use the Microsoft.Data.SqlClient package instead.'
warning	CS0618	src/System.Web.ReferenceSource/State/sqlstateclientmanager.cs	829	47	State	warning	'SqlConnection' is obsolete: 'Use the Microsoft.Data.SqlClient package instead.'
warning	CS0618	src/System.Web.ReferenceSource/State/sqlstateclientmanager.cs	851	21	State	warning	'SqlConnection' is obsolete: 'Use the Microsoft.Data.SqlClient package instead.'
warning	CS0618	src/System.Web.ReferenceSource/State/sqlstateclientmanager.cs	873	48	State	warning	'SqlCommand' is obsolete: 'Use the Microsoft.Data.SqlClient package instead.'
warning	CS0618	src/System.Web.ReferenceSource/State/sqlstateclientmanager.cs	893	24	State	warning	'SqlException' is obsolete: 'Use the Microsoft.Data.SqlClient package instead.'
warning	CS0618	src/System.Web.ReferenceSource/State/sqlstateclientmanager.cs	912	16	State	warning	'SqlDataReader' is obsolete: 'Use the Microsoft.Data.SqlClient package instead.'
warning	CS0618	src/System.Web.ReferenceSource/State/sqlstateclientmanager.cs	912	56	State	warning	'SqlCommand' is obsolete: 'Use the Microsoft.Data.SqlClient package instead.'
warning	CS0618	src/System.Web.ReferenceSource/State/sqlstateclientmanager.cs	923	21	State	warning	'SqlDataReader' is obsolete: 'Use the Microsoft.Data.SqlClient package instead.'
warning	CS0618	src/System.Web.ReferenceSource/State/sqlstateclientmanager.cs	930	24	State	warning	'SqlException' is obsolete: 'Use the Microsoft.Data.SqlClient package instead.'
warning	CS0618	src/System.Web.ReferenceSource/State/sqlstateclientmanager.cs	980	25	State	warning	'SqlConnectionStringBuilder' is obsolete: 'Use the Microsoft.Data.SqlClient package instead.'
warning	CS0618	src/System.Web.ReferenceSource/State/sqlstateclientmanager.cs	980	66	State	warning	'SqlConnectionStringBuilder' is obsolete: 'Use the Microsoft.Data.SqlClient package instead.'
warning	CS0618	src/System.Web.ReferenceSource/State/sqlstateclientmanager.cs	993	42	State	warning	'SqlConnection' is obsolete: 'Use the Microsoft.Data.SqlClient package instead.'
warning	CS0618	src/System.Web.ReferenceSource/State/sqlstateclientmanager.cs	996	17	State	warning	'SqlCommand' is obsolete: 'Use the Microsoft.Data.SqlClient package instead.'
warning	CS0618	src/System.Web.ReferenceSource/State/sqlstateclientmanager.cs	997	17	State	warning	'SqlDataReader' is obsolete: 'Use the Microsoft.Data.SqlClient package instead.'
warning	CS0618	src/System.Web.ReferenceSource/State/sqlstateclientmanager.cs	1000	17	State	warning	'SqlParameter' is obsolete: 'Use the Microsoft.Data.SqlClient package instead.'
warning	CS0618	src/System.Web.ReferenceSource/State/sqlstateclientmanager.cs	1003	27	State	warning	'SqlCommand' is obsolete: 'Use the Microsoft.Data.SqlClient package instead.'
warning	CS0618	src/System.Web.ReferenceSource/State/sqlstateclientmanager.cs	1029	27	State	warning	'SqlCommand' is obsolete: 'Use the Microsoft.Data.SqlClient package instead.'
warning	CS0618	src/System.Web.ReferenceSource/State/sqlstateclientmanager.cs	1031	44	State	warning	'SqlParameter' is obsolete: 'Use the Microsoft.Data.SqlClient package instead.'
warning	CS0618	src/System.Web.ReferenceSource/State/sqlstateclientmanager.cs	1052	39	State	warning	'SqlConnection' is obsolete: 'Use the Microsoft.Data.SqlClient package instead.'
warning	CS0618	src/System.Web.ReferenceSource/State/sqlstateclientmanager.cs	1066	21	State	warning	'SqlParameter' is obsolete: 'Use the Microsoft.Data.SqlClient package instead.'
warning	CS0618	src/System.Web.ReferenceSource/State/sqlstateclientmanager.cs	1068	21	State	warning	'SqlCommand' is obsolete: 'Use the Microsoft.Data.SqlClient package instead.'
warning	CS0618	src/System.Web.ReferenceSource/State/sqlstateclientmanager.cs	1068	55	State	warning	'SqlCommand' is obsolete: 'Use the Microsoft.Data.SqlClient package instead.'
warning	CS0618	src/System.Web.ReferenceSource/State/sqlstateclientmanager.cs	1074	60	State	warning	'SqlParameter' is obsolete: 'Use the Microsoft.Data.SqlClient package instead.'
warning	CS0618	src/System.Web.ReferenceSource/State/sqlstateclientmanager.cs	1077	60	State	warning	'SqlParameter' is obsolete: 'Use the Microsoft.Data.SqlClient package instead.'
warning	CS0618	src/System.Web.ReferenceSource/State/sqlstateclientmanager.cs	1167	13	State	warning	'SqlConnection' is obsolete: 'Use the Microsoft.Data.SqlClient package instead.'
warning	CS0618	src/System.Web.ReferenceSource/State/sqlstateclientmanager.cs	1168	13	State	warning	'SqlCommand' is obsolete: 'Use the Microsoft.Data.SqlClient package instead.'
warning	CS0618	src/System.Web.ReferenceSource/State/sqlstateclientmanager.cs	1169	13	State	warning	'SqlCommand' is obsolete: 'Use the Microsoft.Data.SqlClient package instead.'
warning	CS0618	src/System.Web.ReferenceSource/State/sqlstateclientmanager.cs	1170	13	State	warning	'SqlCommand' is obsolete: 'Use the Microsoft.Data.SqlClient package instead.'
warning	CS0618	src/System.Web.ReferenceSource/State/sqlstateclientmanager.cs	1171	13	State	warning	'SqlCommand' is obsolete: 'Use the Microsoft.Data.SqlClient package instead.'
warning	CS0618	src/System.Web.ReferenceSource/State/sqlstateclientmanager.cs	1172	13	State	warning	'SqlCommand' is obsolete: 'Use the Microsoft.Data.SqlClient package instead.'
warning	CS0618	src/System.Web.ReferenceSource/State/sqlstateclientmanager.cs	1173	13	State	warning	'SqlCommand' is obsolete: 'Use the Microsoft.Data.SqlClient package instead.'
warning	CS0618	src/System.Web.ReferenceSource/State/sqlstateclientmanager.cs	1174	13	State	warning	'SqlCommand' is obsolete: 'Use the Microsoft.Data.SqlClient package instead.'
warning	CS0618	src/System.Web.ReferenceSource/State/sqlstateclientmanager.cs	1175	13	State	warning	'SqlCommand' is obsolete: 'Use the Microsoft.Data.SqlClient package instead.'
warning	CS0618	src/System.Web.ReferenceSource/State/sqlstateclientmanager.cs	1176	13	State	warning	'SqlCommand' is obsolete: 'Use the Microsoft.Data.SqlClient package instead.'
warning	CS0618	src/System.Web.ReferenceSource/State/sqlstateclientmanager.cs	1177	13	State	warning	'SqlCommand' is obsolete: 'Use the Microsoft.Data.SqlClient package instead.'
warning	CS0618	src/System.Web.ReferenceSource/State/sqlstateclientmanager.cs	1178	13	State	warning	'SqlCommand' is obsolete: 'Use the Microsoft.Data.SqlClient package instead.'
warning	CS0618	src/System.Web.ReferenceSource/State/sqlstateclientmanager.cs	1179	13	State	warning	'SqlCommand' is obsolete: 'Use the Microsoft.Data.SqlClient package instead.'
warning	CA1416	src/System.Web.ReferenceSource/State/sqlstateclientmanager.cs	1184	85	State	warning	This call site is reachable on all platforms. 'WindowsIdentity.GetCurrent()' is only supported on: 'windows'. (https://learn.microsoft.com/dotnet/fundamentals/code-analysis/quality-rules/ca1416)
warning	CA1416	src/System.Web.ReferenceSource/State/sqlstateclientmanager.cs	1184	85	State	warning	This call site is reachable on all platforms. 'WindowsIdentity.Name' is only supported on: 'windows'. (https://learn.microsoft.com/dotnet/fundamentals/code-analysis/quality-rules/ca1416)
warning	CS0618	src/System.Web.ReferenceSource/State/sqlstateclientmanager.cs	1187	38	State	warning	'SqlConnection' is obsolete: 'Use the Microsoft.Data.SqlClient package instead.'
warning	CS0618	src/System.Web.ReferenceSource/State/sqlstateclientmanager.cs	1201	28	State	warning	'SqlException' is obsolete: 'Use the Microsoft.Data.SqlClient package instead.'
warning	CS0618	src/System.Web.ReferenceSource/State/sqlstateclientmanager.cs	1209	29	State	warning	'SqlConnectionStringBuilder' is obsolete: 'Use the Microsoft.Data.SqlClient package instead.'
warning	CS0618	src/System.Web.ReferenceSource/State/sqlstateclientmanager.cs	1209	68	State	warning	'SqlConnectionStringBuilder' is obsolete: 'Use the Microsoft.Data.SqlClient package instead.'
warning	CA1416	src/System.Web.ReferenceSource/State/sqlstateclientmanager.cs	1211	40	State	warning	This call site is reachable on all platforms. 'WindowsIdentity.GetCurrent()' is only supported on: 'windows'. (https://learn.microsoft.com/dotnet/fundamentals/code-analysis/quality-rules/ca1416)
warning	CA1416	src/System.Web.ReferenceSource/State/sqlstateclientmanager.cs	1211	40	State	warning	This call site is reachable on all platforms. 'WindowsIdentity.Name' is only supported on: 'windows'. (https://learn.microsoft.com/dotnet/fundamentals/code-analysis/quality-rules/ca1416)
warning	CS0618	src/System.Web.ReferenceSource/State/sqlstateclientmanager.cs	1248	17	State	warning	'SqlConnection' is obsolete: 'Use the Microsoft.Data.SqlClient package instead.'
warning	CS0618	src/System.Web.ReferenceSource/State/sqlstateclientmanager.cs	1268	47	State	warning	'SqlCommand' is obsolete: 'Use the Microsoft.Data.SqlClient package instead.'
warning	CS0618	src/System.Web.ReferenceSource/State/sqlstateclientmanager.cs	1273	27	State	warning	'SqlParameter' is obsolete: 'Use the Microsoft.Data.SqlClient package instead.'
warning	CS0618	src/System.Web.ReferenceSource/State/sqlstateclientmanager.cs	1278	22	State	warning	'SqlCommand' is obsolete: 'Use the Microsoft.Data.SqlClient package instead.'
warning	CS0618	src/System.Web.ReferenceSource/State/sqlstateclientmanager.cs	1281	25	State	warning	'SqlParameter' is obsolete: 'Use the Microsoft.Data.SqlClient package instead.'
warning	CS0618	src/System.Web.ReferenceSource/State/sqlstateclientmanager.cs	1283	43	State	warning	'SqlCommand' is obsolete: 'Use the Microsoft.Data.SqlClient package instead.'
warning	CS0618	src/System.Web.ReferenceSource/State/sqlstateclientmanager.cs	1289	60	State	warning	'SqlParameter' is obsolete: 'Use the Microsoft.Data.SqlClient package instead.'
warning	CS0618	src/System.Web.ReferenceSource/State/sqlstateclientmanager.cs	1290	64	State	warning	'SqlParameter' is obsolete: 'Use the Microsoft.Data.SqlClient package instead.'
warning	CS0618	src/System.Web.ReferenceSource/State/sqlstateclientmanager.cs	1292	64	State	warning	'SqlParameter' is obsolete: 'Use the Microsoft.Data.SqlClient package instead.'
warning	CS0618	src/System.Web.ReferenceSource/State/sqlstateclientmanager.cs	1294	64	State	warning	'SqlParameter' is obsolete: 'Use the Microsoft.Data.SqlClient package instead.'
warning	CS0618	src/System.Web.ReferenceSource/State/sqlstateclientmanager.cs	1296	64	State	warning	'SqlParameter' is obsolete: 'Use the Microsoft.Data.SqlClient package instead.'
warning	CS0618	src/System.Web.ReferenceSource/State/sqlstateclientmanager.cs	1298	64	State	warning	'SqlParameter' is obsolete: 'Use the Microsoft.Data.SqlClient package instead.'
warning	CS0618	src/System.Web.ReferenceSource/State/sqlstateclientmanager.cs	1302	60	State	warning	'SqlParameter' is obsolete: 'Use the Microsoft.Data.SqlClient package instead.'
warning	CS0618	src/System.Web.ReferenceSource/State/sqlstateclientmanager.cs	1303	64	State	warning	'SqlParameter' is obsolete: 'Use the Microsoft.Data.SqlClient package instead.'
warning	CS0618	src/System.Web.ReferenceSource/State/sqlstateclientmanager.cs	1305	64	State	warning	'SqlParameter' is obsolete: 'Use the Microsoft.Data.SqlClient package instead.'
warning	CS0618	src/System.Web.ReferenceSource/State/sqlstateclientmanager.cs	1307	64	State	warning	'SqlParameter' is obsolete: 'Use the Microsoft.Data.SqlClient package instead.'
warning	CS0618	src/System.Web.ReferenceSource/State/sqlstateclientmanager.cs	1309	64	State	warning	'SqlParameter' is obsolete: 'Use the Microsoft.Data.SqlClient package instead.'
warning	CS0618	src/System.Web.ReferenceSource/State/sqlstateclientmanager.cs	1311	64	State	warning	'SqlParameter' is obsolete: 'Use the Microsoft.Data.SqlClient package instead.'
warning	CS0618	src/System.Web.ReferenceSource/State/sqlstateclientmanager.cs	1320	22	State	warning	'SqlCommand' is obsolete: 'Use the Microsoft.Data.SqlClient package instead.'
warning	CS0618	src/System.Web.ReferenceSource/State/sqlstateclientmanager.cs	1323	25	State	warning	'SqlParameter' is obsolete: 'Use the Microsoft.Data.SqlClient package instead.'
warning	CS0618	src/System.Web.ReferenceSource/State/sqlstateclientmanager.cs	1325	52	State	warning	'SqlCommand' is obsolete: 'Use the Microsoft.Data.SqlClient package instead.'
warning	CS0618	src/System.Web.ReferenceSource/State/sqlstateclientmanager.cs	1331	69	State	warning	'SqlParameter' is obsolete: 'Use the Microsoft.Data.SqlClient package instead.'
warning	CS0618	src/System.Web.ReferenceSource/State/sqlstateclientmanager.cs	1332	73	State	warning	'SqlParameter' is obsolete: 'Use the Microsoft.Data.SqlClient package instead.'
warning	CS0618	src/System.Web.ReferenceSource/State/sqlstateclientmanager.cs	1334	73	State	warning	'SqlParameter' is obsolete: 'Use the Microsoft.Data.SqlClient package instead.'
warning	CS0618	src/System.Web.ReferenceSource/State/sqlstateclientmanager.cs	1336	73	State	warning	'SqlParameter' is obsolete: 'Use the Microsoft.Data.SqlClient package instead.'
warning	CS0618	src/System.Web.ReferenceSource/State/sqlstateclientmanager.cs	1338	73	State	warning	'SqlParameter' is obsolete: 'Use the Microsoft.Data.SqlClient package instead.'
warning	CS0618	src/System.Web.ReferenceSource/State/sqlstateclientmanager.cs	1340	73	State	warning	'SqlParameter' is obsolete: 'Use the Microsoft.Data.SqlClient package instead.'
warning	CS0618	src/System.Web.ReferenceSource/State/sqlstateclientmanager.cs	1344	69	State	warning	'SqlParameter' is obsolete: 'Use the Microsoft.Data.SqlClient package instead.'
warning	CS0618	src/System.Web.ReferenceSource/State/sqlstateclientmanager.cs	1345	73	State	warning	'SqlParameter' is obsolete: 'Use the Microsoft.Data.SqlClient package instead.'
warning	CS0618	src/System.Web.ReferenceSource/State/sqlstateclientmanager.cs	1347	73	State	warning	'SqlParameter' is obsolete: 'Use the Microsoft.Data.SqlClient package instead.'
warning	CS0618	src/System.Web.ReferenceSource/State/sqlstateclientmanager.cs	1349	73	State	warning	'SqlParameter' is obsolete: 'Use the Microsoft.Data.SqlClient package instead.'
warning	CS0618	src/System.Web.ReferenceSource/State/sqlstateclientmanager.cs	1351	73	State	warning	'SqlParameter' is obsolete: 'Use the Microsoft.Data.SqlClient package instead.'
warning	CS0618	src/System.Web.ReferenceSource/State/sqlstateclientmanager.cs	1353	73	State	warning	'SqlParameter' is obsolete: 'Use the Microsoft.Data.SqlClient package instead.'
warning	CS0618	src/System.Web.ReferenceSource/State/sqlstateclientmanager.cs	1362	22	State	warning	'SqlCommand' is obsolete: 'Use the Microsoft.Data.SqlClient package instead.'
warning	CS0618	src/System.Web.ReferenceSource/State/sqlstateclientmanager.cs	1366	56	State	warning	'SqlCommand' is obsolete: 'Use the Microsoft.Data.SqlClient package instead.'
warning	CS0618	src/System.Web.ReferenceSource/State/sqlstateclientmanager.cs	1369	69	State	warning	'SqlParameter' is obsolete: 'Use the Microsoft.Data.SqlClient package instead.'
warning	CS0618	src/System.Web.ReferenceSource/State/sqlstateclientmanager.cs	1370	69	State	warning	'SqlParameter' is obsolete: 'Use the Microsoft.Data.SqlClient package instead.'
warning	CS0618	src/System.Web.ReferenceSource/State/sqlstateclientmanager.cs	1377	22	State	warning	'SqlCommand' is obsolete: 'Use the Microsoft.Data.SqlClient package instead.'
warning	CS0618	src/System.Web.ReferenceSource/State/sqlstateclientmanager.cs	1380	50	State	warning	'SqlCommand' is obsolete: 'Use the Microsoft.Data.SqlClient package instead.'
warning	CS0618	src/System.Web.ReferenceSource/State/sqlstateclientmanager.cs	1383	63	State	warning	'SqlParameter' is obsolete: 'Use the Microsoft.Data.SqlClient package instead.'
warning	CS0618	src/System.Web.ReferenceSource/State/sqlstateclientmanager.cs	1384	63	State	warning	'SqlParameter' is obsolete: 'Use the Microsoft.Data.SqlClient package instead.'
warning	CS0618	src/System.Web.ReferenceSource/State/sqlstateclientmanager.cs	1385	63	State	warning	'SqlParameter' is obsolete: 'Use the Microsoft.Data.SqlClient package instead.'
warning	CS0618	src/System.Web.ReferenceSource/State/sqlstateclientmanager.cs	1392	22	State	warning	'SqlCommand' is obsolete: 'Use the Microsoft.Data.SqlClient package instead.'
warning	CS0618	src/System.Web.ReferenceSource/State/sqlstateclientmanager.cs	1396	51	State	warning	'SqlCommand' is obsolete: 'Use the Microsoft.Data.SqlClient package instead.'
warning	CS0618	src/System.Web.ReferenceSource/State/sqlstateclientmanager.cs	1399	64	State	warning	'SqlParameter' is obsolete: 'Use the Microsoft.Data.SqlClient package instead.'
warning	CS0618	src/System.Web.ReferenceSource/State/sqlstateclientmanager.cs	1400	64	State	warning	'SqlParameter' is obsolete: 'Use the Microsoft.Data.SqlClient package instead.'
warning	CS0618	src/System.Web.ReferenceSource/State/sqlstateclientmanager.cs	1401	64	State	warning	'SqlParameter' is obsolete: 'Use the Microsoft.Data.SqlClient package instead.'
warning	CS0618	src/System.Web.ReferenceSource/State/sqlstateclientmanager.cs	1408	22	State	warning	'SqlCommand' is obsolete: 'Use the Microsoft.Data.SqlClient package instead.'
warning	CS0618	src/System.Web.ReferenceSource/State/sqlstateclientmanager.cs	1411	50	State	warning	'SqlCommand' is obsolete: 'Use the Microsoft.Data.SqlClient package instead.'
warning	CS0618	src/System.Web.ReferenceSource/State/sqlstateclientmanager.cs	1414	63	State	warning	'SqlParameter' is obsolete: 'Use the Microsoft.Data.SqlClient package instead.'
warning	CS0618	src/System.Web.ReferenceSource/State/sqlstateclientmanager.cs	1415	63	State	warning	'SqlParameter' is obsolete: 'Use the Microsoft.Data.SqlClient package instead.'
warning	CS0618	src/System.Web.ReferenceSource/State/sqlstateclientmanager.cs	1416	63	State	warning	'SqlParameter' is obsolete: 'Use the Microsoft.Data.SqlClient package instead.'
warning	CS0618	src/System.Web.ReferenceSource/State/sqlstateclientmanager.cs	1417	63	State	warning	'SqlParameter' is obsolete: 'Use the Microsoft.Data.SqlClient package instead.'
warning	CS0618	src/System.Web.ReferenceSource/State/sqlstateclientmanager.cs	1424	22	State	warning	'SqlCommand' is obsolete: 'Use the Microsoft.Data.SqlClient package instead.'
warning	CS0618	src/System.Web.ReferenceSource/State/sqlstateclientmanager.cs	1428	51	State	warning	'SqlCommand' is obsolete: 'Use the Microsoft.Data.SqlClient package instead.'
warning	CS0618	src/System.Web.ReferenceSource/State/sqlstateclientmanager.cs	1431	64	State	warning	'SqlParameter' is obsolete: 'Use the Microsoft.Data.SqlClient package instead.'
warning	CS0618	src/System.Web.ReferenceSource/State/sqlstateclientmanager.cs	1432	64	State	warning	'SqlParameter' is obsolete: 'Use the Microsoft.Data.SqlClient package instead.'
warning	CS0618	src/System.Web.ReferenceSource/State/sqlstateclientmanager.cs	1433	64	State	warning	'SqlParameter' is obsolete: 'Use the Microsoft.Data.SqlClient package instead.'
warning	CS0618	src/System.Web.ReferenceSource/State/sqlstateclientmanager.cs	1434	64	State	warning	'SqlParameter' is obsolete: 'Use the Microsoft.Data.SqlClient package instead.'
warning	CS0618	src/System.Web.ReferenceSource/State/sqlstateclientmanager.cs	1442	22	State	warning	'SqlCommand' is obsolete: 'Use the Microsoft.Data.SqlClient package instead.'
warning	CS0618	src/System.Web.ReferenceSource/State/sqlstateclientmanager.cs	1445	59	State	warning	'SqlCommand' is obsolete: 'Use the Microsoft.Data.SqlClient package instead.'
warning	CS0618	src/System.Web.ReferenceSource/State/sqlstateclientmanager.cs	1448	72	State	warning	'SqlParameter' is obsolete: 'Use the Microsoft.Data.SqlClient package instead.'
warning	CS0618	src/System.Web.ReferenceSource/State/sqlstateclientmanager.cs	1449	72	State	warning	'SqlParameter' is obsolete: 'Use the Microsoft.Data.SqlClient package instead.'
warning	CS0618	src/System.Web.ReferenceSource/State/sqlstateclientmanager.cs	1450	72	State	warning	'SqlParameter' is obsolete: 'Use the Microsoft.Data.SqlClient package instead.'
warning	CS0618	src/System.Web.ReferenceSource/State/sqlstateclientmanager.cs	1451	72	State	warning	'SqlParameter' is obsolete: 'Use the Microsoft.Data.SqlClient package instead.'
warning	CS0618	src/System.Web.ReferenceSource/State/sqlstateclientmanager.cs	1458	22	State	warning	'SqlCommand' is obsolete: 'Use the Microsoft.Data.SqlClient package instead.'
warning	CS0618	src/System.Web.ReferenceSource/State/sqlstateclientmanager.cs	1461	59	State	warning	'SqlCommand' is obsolete: 'Use the Microsoft.Data.SqlClient package instead.'
warning	CS0618	src/System.Web.ReferenceSource/State/sqlstateclientmanager.cs	1464	72	State	warning	'SqlParameter' is obsolete: 'Use the Microsoft.Data.SqlClient package instead.'
warning	CS0618	src/System.Web.ReferenceSource/State/sqlstateclientmanager.cs	1465	72	State	warning	'SqlParameter' is obsolete: 'Use the Microsoft.Data.SqlClient package instead.'
warning	CS0618	src/System.Web.ReferenceSource/State/sqlstateclientmanager.cs	1466	72	State	warning	'SqlParameter' is obsolete: 'Use the Microsoft.Data.SqlClient package instead.'
warning	CS0618	src/System.Web.ReferenceSource/State/sqlstateclientmanager.cs	1467	72	State	warning	'SqlParameter' is obsolete: 'Use the Microsoft.Data.SqlClient package instead.'
warning	CS0618	src/System.Web.ReferenceSource/State/sqlstateclientmanager.cs	1474	22	State	warning	'SqlCommand' is obsolete: 'Use the Microsoft.Data.SqlClient package instead.'
warning	CS0618	src/System.Web.ReferenceSource/State/sqlstateclientmanager.cs	1478	46	State	warning	'SqlCommand' is obsolete: 'Use the Microsoft.Data.SqlClient package instead.'
warning	CS0618	src/System.Web.ReferenceSource/State/sqlstateclientmanager.cs	1481	59	State	warning	'SqlParameter' is obsolete: 'Use the Microsoft.Data.SqlClient package instead.'
warning	CS0618	src/System.Web.ReferenceSource/State/sqlstateclientmanager.cs	1482	59	State	warning	'SqlParameter' is obsolete: 'Use the Microsoft.Data.SqlClient package instead.'
warning	CS0618	src/System.Web.ReferenceSource/State/sqlstateclientmanager.cs	1490	22	State	warning	'SqlCommand' is obsolete: 'Use the Microsoft.Data.SqlClient package instead.'
warning	CS0618	src/System.Web.ReferenceSource/State/sqlstateclientmanager.cs	1493	63	State	warning	'SqlCommand' is obsolete: 'Use the Microsoft.Data.SqlClient package instead.'
warning	CS0618	src/System.Web.ReferenceSource/State/sqlstateclientmanager.cs	1496	76	State	warning	'SqlParameter' is obsolete: 'Use the Microsoft.Data.SqlClient package instead.'
warning	CS0618	src/System.Web.ReferenceSource/State/sqlstateclientmanager.cs	1497	76	State	warning	'SqlParameter' is obsolete: 'Use the Microsoft.Data.SqlClient package instead.'
warning	CS0618	src/System.Web.ReferenceSource/State/sqlstateclientmanager.cs	1498	76	State	warning	'SqlParameter' is obsolete: 'Use the Microsoft.Data.SqlClient package instead.'
warning	CS0618	src/System.Web.ReferenceSource/State/sqlstateclientmanager.cs	1505	22	State	warning	'SqlCommand' is obsolete: 'Use the Microsoft.Data.SqlClient package instead.'
warning	CS0618	src/System.Web.ReferenceSource/State/sqlstateclientmanager.cs	1509	52	State	warning	'SqlCommand' is obsolete: 'Use the Microsoft.Data.SqlClient package instead.'
warning	CS0618	src/System.Web.ReferenceSource/State/sqlstateclientmanager.cs	1512	65	State	warning	'SqlParameter' is obsolete: 'Use the Microsoft.Data.SqlClient package instead.'
warning	CS0618	src/System.Web.ReferenceSource/State/sqlstateclientmanager.cs	1528	22	State	warning	'SqlConnection' is obsolete: 'Use the Microsoft.Data.SqlClient package instead.'
warning	CS0436	src/System.Web.ReferenceSource/StaticFileHandler.cs	469	52	root	warning	The type 'HttpUtility' in '/Users/vm/repos/rehost-webforms/src/Rehost.WebForms.Runtime/../System.Web.ReferenceSource/httpserverutility.cs' conflicts with the imported type 'HttpUtility' in 'System.Web.HttpUtility, Version=10.0.0.0, Culture=neutral, PublicKeyToken=cc7b13ffcd2ddd51'. Using the type defined in '/Users/vm/repos/rehost-webforms/src/Rehost.WebForms.Runtime/../System.Web.ReferenceSource/httpserverutility.cs'.
warning	SYSLIB0021	src/System.Web.ReferenceSource/TelemetryLogger.cs	106	36	root	warning	'SHA256Managed' is obsolete: 'Derived cryptographic types are obsolete. Use the Create method on the base type instead.' (https://aka.ms/dotnet-warnings/SYSLIB0021)
warning	CS0436	src/System.Web.ReferenceSource/UI/ClientScriptManager.cs	833	50	UI	warning	The type 'HttpUtility' in '/Users/vm/repos/rehost-webforms/src/Rehost.WebForms.Runtime/../System.Web.ReferenceSource/httpserverutility.cs' conflicts with the imported type 'HttpUtility' in 'System.Web.HttpUtility, Version=10.0.0.0, Culture=neutral, PublicKeyToken=cc7b13ffcd2ddd51'. Using the type defined in '/Users/vm/repos/rehost-webforms/src/Rehost.WebForms.Runtime/../System.Web.ReferenceSource/httpserverutility.cs'.
warning	CS0436	src/System.Web.ReferenceSource/UI/ClientScriptManager.cs	1119	17	UI	warning	The type 'HttpUtility' in '/Users/vm/repos/rehost-webforms/src/Rehost.WebForms.Runtime/../System.Web.ReferenceSource/httpserverutility.cs' conflicts with the imported type 'HttpUtility' in 'System.Web.HttpUtility, Version=10.0.0.0, Culture=neutral, PublicKeyToken=cc7b13ffcd2ddd51'. Using the type defined in '/Users/vm/repos/rehost-webforms/src/Rehost.WebForms.Runtime/../System.Web.ReferenceSource/httpserverutility.cs'.
warning	CS0436	src/System.Web.ReferenceSource/UI/Control.cs	3058	19	UI	warning	The type 'HttpUtility' in '/Users/vm/repos/rehost-webforms/src/Rehost.WebForms.Runtime/../System.Web.ReferenceSource/httpserverutility.cs' conflicts with the imported type 'HttpUtility' in 'System.Web.HttpUtility, Version=10.0.0.0, Culture=neutral, PublicKeyToken=cc7b13ffcd2ddd51'. Using the type defined in '/Users/vm/repos/rehost-webforms/src/Rehost.WebForms.Runtime/../System.Web.ReferenceSource/httpserverutility.cs'.
warning	SYSLIB0003	src/System.Web.ReferenceSource/UI/Control.cs	3207	10	UI	warning	'SecurityPermissionAttribute' is obsolete: 'Code Access Security is not supported or honored by the runtime.' (https://aka.ms/dotnet-warnings/SYSLIB0003)
warning	SYSLIB0003	src/System.Web.ReferenceSource/UI/Control.cs	3207	29	UI	warning	'SecurityAction' is obsolete: 'Code Access Security is not supported or honored by the runtime.' (https://aka.ms/dotnet-warnings/SYSLIB0003)
warning	CS0436	src/System.Web.ReferenceSource/UI/ControlBuilder.cs	1258	21	UI	warning	The type 'HttpUtility' in '/Users/vm/repos/rehost-webforms/src/Rehost.WebForms.Runtime/../System.Web.ReferenceSource/httpserverutility.cs' conflicts with the imported type 'HttpUtility' in 'System.Web.HttpUtility, Version=10.0.0.0, Culture=neutral, PublicKeyToken=cc7b13ffcd2ddd51'. Using the type defined in '/Users/vm/repos/rehost-webforms/src/Rehost.WebForms.Runtime/../System.Web.ReferenceSource/httpserverutility.cs'.
warning	CS0436	src/System.Web.ReferenceSource/UI/CssTextWriter.cs	465	26	UI	warning	The type 'HttpUtility' in '/Users/vm/repos/rehost-webforms/src/Rehost.WebForms.Runtime/../System.Web.ReferenceSource/httpserverutility.cs' conflicts with the imported type 'HttpUtility' in 'System.Web.HttpUtility, Version=10.0.0.0, Culture=neutral, PublicKeyToken=cc7b13ffcd2ddd51'. Using the type defined in '/Users/vm/repos/rehost-webforms/src/Rehost.WebForms.Runtime/../System.Web.ReferenceSource/httpserverutility.cs'.
warning	SYSLIB0003	src/System.Web.ReferenceSource/UI/DesignTimeTemplateParser.cs	43	10	UI	warning	'SecurityPermissionAttribute' is obsolete: 'Code Access Security is not supported or honored by the runtime.' (https://aka.ms/dotnet-warnings/SYSLIB0003)
warning	SYSLIB0003	src/System.Web.ReferenceSource/UI/DesignTimeTemplateParser.cs	43	29	UI	warning	'SecurityAction' is obsolete: 'Code Access Security is not supported or honored by the runtime.' (https://aka.ms/dotnet-warnings/SYSLIB0003)
warning	SYSLIB0003	src/System.Web.ReferenceSource/UI/DesignTimeTemplateParser.cs	123	10	UI	warning	'SecurityPermissionAttribute' is obsolete: 'Code Access Security is not supported or honored by the runtime.' (https://aka.ms/dotnet-warnings/SYSLIB0003)
warning	SYSLIB0003	src/System.Web.ReferenceSource/UI/DesignTimeTemplateParser.cs	123	29	UI	warning	'SecurityAction' is obsolete: 'Code Access Security is not supported or honored by the runtime.' (https://aka.ms/dotnet-warnings/SYSLIB0003)
warning	CS3021	src/System.Web.ReferenceSource/UI/HTMLTextWriter.cs	600	30	UI	warning	'HtmlTextWriter.WriteLine(uint)' does not need a CLSCompliant attribute because the assembly does not have a CLSCompliant attribute
warning	CS0436	src/System.Web.ReferenceSource/UI/HTMLTextWriter.cs	783	34	UI	warning	The type 'HttpUtility' in '/Users/vm/repos/rehost-webforms/src/Rehost.WebForms.Runtime/../System.Web.ReferenceSource/httpserverutility.cs' conflicts with the imported type 'HttpUtility' in 'System.Web.HttpUtility, Version=10.0.0.0, Culture=neutral, PublicKeyToken=cc7b13ffcd2ddd51'. Using the type defined in '/Users/vm/repos/rehost-webforms/src/Rehost.WebForms.Runtime/../System.Web.ReferenceSource/httpserverutility.cs'.
warning	CS0436	src/System.Web.ReferenceSource/UI/HTMLTextWriter.cs	799	20	UI	warning	The type 'HttpUtility' in '/Users/vm/repos/rehost-webforms/src/Rehost.WebForms.Runtime/../System.Web.ReferenceSource/httpserverutility.cs' conflicts with the imported type 'HttpUtility' in 'System.Web.HttpUtility, Version=10.0.0.0, Culture=neutral, PublicKeyToken=cc7b13ffcd2ddd51'. Using the type defined in '/Users/vm/repos/rehost-webforms/src/Rehost.WebForms.Runtime/../System.Web.ReferenceSource/httpserverutility.cs'.
warning	CS0436	src/System.Web.ReferenceSource/UI/HTMLTextWriter.cs	817	24	UI	warning	The type 'HttpUtility' in '/Users/vm/repos/rehost-webforms/src/Rehost.WebForms.Runtime/../System.Web.ReferenceSource/httpserverutility.cs' conflicts with the imported type 'HttpUtility' in 'System.Web.HttpUtility, Version=10.0.0.0, Culture=neutral, PublicKeyToken=cc7b13ffcd2ddd51'. Using the type defined in '/Users/vm/repos/rehost-webforms/src/Rehost.WebForms.Runtime/../System.Web.ReferenceSource/httpserverutility.cs'.
warning	CS0436	src/System.Web.ReferenceSource/UI/HTMLTextWriter.cs	1266	21	UI	warning	The type 'HttpUtility' in '/Users/vm/repos/rehost-webforms/src/Rehost.WebForms.Runtime/../System.Web.ReferenceSource/httpserverutility.cs' conflicts with the imported type 'HttpUtility' in 'System.Web.HttpUtility, Version=10.0.0.0, Culture=neutral, PublicKeyToken=cc7b13ffcd2ddd51'. Using the type defined in '/Users/vm/repos/rehost-webforms/src/Rehost.WebForms.Runtime/../System.Web.ReferenceSource/httpserverutility.cs'.
warning	CS0436	src/System.Web.ReferenceSource/UI/HTMLTextWriter.cs	1271	25	UI	warning	The type 'HttpUtility' in '/Users/vm/repos/rehost-webforms/src/Rehost.WebForms.Runtime/../System.Web.ReferenceSource/httpserverutility.cs' conflicts with the imported type 'HttpUtility' in 'System.Web.HttpUtility, Version=10.0.0.0, Culture=neutral, PublicKeyToken=cc7b13ffcd2ddd51'. Using the type defined in '/Users/vm/repos/rehost-webforms/src/Rehost.WebForms.Runtime/../System.Web.ReferenceSource/httpserverutility.cs'.
warning	CS0436	src/System.Web.ReferenceSource/UI/HTMLTextWriter.cs	1308	27	UI	warning	The type 'HttpUtility' in '/Users/vm/repos/rehost-webforms/src/Rehost.WebForms.Runtime/../System.Web.ReferenceSource/httpserverutility.cs' conflicts with the imported type 'HttpUtility' in 'System.Web.HttpUtility, Version=10.0.0.0, Culture=neutral, PublicKeyToken=cc7b13ffcd2ddd51'. Using the type defined in '/Users/vm/repos/rehost-webforms/src/Rehost.WebForms.Runtime/../System.Web.ReferenceSource/httpserverutility.cs'.
warning	CS0436	src/System.Web.ReferenceSource/UI/HTMLTextWriter.cs	1314	13	UI	warning	The type 'HttpUtility' in '/Users/vm/repos/rehost-webforms/src/Rehost.WebForms.Runtime/../System.Web.ReferenceSource/httpserverutility.cs' conflicts with the imported type 'HttpUtility' in 'System.Web.HttpUtility, Version=10.0.0.0, Culture=neutral, PublicKeyToken=cc7b13ffcd2ddd51'. Using the type defined in '/Users/vm/repos/rehost-webforms/src/Rehost.WebForms.Runtime/../System.Web.ReferenceSource/httpserverutility.cs'.
warning	CS0436	src/System.Web.ReferenceSource/UI/HtmlControls/HtmlContainerControl.cs	111	24	UI	warning	The type 'HttpUtility' in '/Users/vm/repos/rehost-webforms/src/Rehost.WebForms.Runtime/../System.Web.ReferenceSource/httpserverutility.cs' conflicts with the imported type 'HttpUtility' in 'System.Web.HttpUtility, Version=10.0.0.0, Culture=neutral, PublicKeyToken=cc7b13ffcd2ddd51'. Using the type defined in '/Users/vm/repos/rehost-webforms/src/Rehost.WebForms.Runtime/../System.Web.ReferenceSource/httpserverutility.cs'.
warning	CS0436	src/System.Web.ReferenceSource/UI/HtmlControls/HtmlContainerControl.cs	115	29	UI	warning	The type 'HttpUtility' in '/Users/vm/repos/rehost-webforms/src/Rehost.WebForms.Runtime/../System.Web.ReferenceSource/httpserverutility.cs' conflicts with the imported type 'HttpUtility' in 'System.Web.HttpUtility, Version=10.0.0.0, Culture=neutral, PublicKeyToken=cc7b13ffcd2ddd51'. Using the type defined in '/Users/vm/repos/rehost-webforms/src/Rehost.WebForms.Runtime/../System.Web.ReferenceSource/httpserverutility.cs'.
warning	CS0436	src/System.Web.ReferenceSource/UI/HtmlControls/HtmlSelect.cs	855	21	UI	warning	The type 'HttpUtility' in '/Users/vm/repos/rehost-webforms/src/Rehost.WebForms.Runtime/../System.Web.ReferenceSource/httpserverutility.cs' conflicts with the imported type 'HttpUtility' in 'System.Web.HttpUtility, Version=10.0.0.0, Culture=neutral, PublicKeyToken=cc7b13ffcd2ddd51'. Using the type defined in '/Users/vm/repos/rehost-webforms/src/Rehost.WebForms.Runtime/../System.Web.ReferenceSource/httpserverutility.cs'.
warning	CS0436	src/System.Web.ReferenceSource/UI/HtmlForm.cs	258	62	UI	warning	The type 'HttpUtility' in '/Users/vm/repos/rehost-webforms/src/Rehost.WebForms.Runtime/../System.Web.ReferenceSource/httpserverutility.cs' conflicts with the imported type 'HttpUtility' in 'System.Web.HttpUtility, Version=10.0.0.0, Culture=neutral, PublicKeyToken=cc7b13ffcd2ddd51'. Using the type defined in '/Users/vm/repos/rehost-webforms/src/Rehost.WebForms.Runtime/../System.Web.ReferenceSource/httpserverutility.cs'.
warning	CS0618	src/System.Web.ReferenceSource/UI/LOSFormatter.cs	296	33	UI	warning	'MachineKeySection.GetDecodedData(byte[], byte[], int, int, ref int)' is obsolete: 'This API exists only for backward compatibility; new framework features that require cryptographic services MUST NOT call it. New features should use the AspNetCryptoServiceProvider class instead.'
warning	SYSLIB0011	src/System.Web.ReferenceSource/UI/LOSFormatter.cs	469	25	UI	warning	'IFormatter' is obsolete: 'BinaryFormatter serialization is obsolete and should not be used. See https://aka.ms/binaryformatter for more information.' (https://aka.ms/dotnet-warnings/SYSLIB0011)
warning	SYSLIB0011	src/System.Web.ReferenceSource/UI/LOSFormatter.cs	469	81	UI	warning	'BinaryFormatter' is obsolete: 'BinaryFormatter serialization is obsolete and should not be used. See https://aka.ms/binaryformatter for more information.' (https://aka.ms/dotnet-warnings/SYSLIB0011)
warning	SYSLIB0011	src/System.Web.ReferenceSource/UI/LOSFormatter.cs	813	25	UI	warning	'IFormatter' is obsolete: 'BinaryFormatter serialization is obsolete and should not be used. See https://aka.ms/binaryformatter for more information.' (https://aka.ms/dotnet-warnings/SYSLIB0011)
warning	SYSLIB0011	src/System.Web.ReferenceSource/UI/LOSFormatter.cs	813	81	UI	warning	'BinaryFormatter' is obsolete: 'BinaryFormatter serialization is obsolete and should not be used. See https://aka.ms/binaryformatter for more information.' (https://aka.ms/dotnet-warnings/SYSLIB0011)
warning	SYSLIB0006	src/System.Web.ReferenceSource/UI/LegacyPageAsyncTask.cs	216	12	UI	warning	'Thread.ResetAbort()' is obsolete: 'Thread.ResetAbort is not supported and throws PlatformNotSupportedException.' (https://aka.ms/dotnet-warnings/SYSLIB0006)
warning	CS0108	src/System.Web.ReferenceSource/UI/LosWriter.cs	49	23	UI	warning	'LosWriter.Dispose()' hides inherited member 'TextWriter.Dispose()'. Use the new keyword if hiding was intended.
warning	CS0618	src/System.Web.ReferenceSource/UI/LosWriter.cs	119	35	UI	warning	'MachineKeySection.GetEncodedData(byte[], byte[], int, ref int)' is obsolete: 'This API exists only for backward compatibility; new framework features that require cryptographic services MUST NOT call it. New features should use the AspNetCryptoServiceProvider class instead.'
warning	CS0618	src/System.Web.ReferenceSource/UI/LosWriter.cs	136	35	UI	warning	'MachineKeySection.GetEncodedData(byte[], byte[], int, ref int)' is obsolete: 'This API exists only for backward compatibility; new framework features that require cryptographic services MUST NOT call it. New features should use the AspNetCryptoServiceProvider class instead.'
warning	SYSLIB0011	src/System.Web.ReferenceSource/UI/ObjectStateFormatter.cs	45	83	UI	warning	'IFormatter' is obsolete: 'BinaryFormatter serialization is obsolete and should not be used. See https://aka.ms/binaryformatter for more information.' (https://aka.ms/dotnet-warnings/SYSLIB0011)
warning	SYSLIB0003	src/System.Web.ReferenceSource/UI/ObjectStateFormatter.cs	311	10	UI	warning	'SecurityPermissionAttribute' is obsolete: 'Code Access Security is not supported or honored by the runtime.' (https://aka.ms/dotnet-warnings/SYSLIB0003)
warning	SYSLIB0003	src/System.Web.ReferenceSource/UI/ObjectStateFormatter.cs	311	29	UI	warning	'SecurityAction' is obsolete: 'Code Access Security is not supported or honored by the runtime.' (https://aka.ms/dotnet-warnings/SYSLIB0003)
warning	SYSLIB0003	src/System.Web.ReferenceSource/UI/ObjectStateFormatter.cs	311	60	UI	warning	'SecurityPermissionFlag' is obsolete: 'Code Access Security is not supported or honored by the runtime.' (https://aka.ms/dotnet-warnings/SYSLIB0003)
warning	SYSLIB0011	src/System.Web.ReferenceSource/UI/ObjectStateFormatter.cs	685	29	UI	warning	'IFormatter' is obsolete: 'BinaryFormatter serialization is obsolete and should not be used. See https://aka.ms/binaryformatter for more information.' (https://aka.ms/dotnet-warnings/SYSLIB0011)
warning	SYSLIB0011	src/System.Web.ReferenceSource/UI/ObjectStateFormatter.cs	685	56	UI	warning	'BinaryFormatter' is obsolete: 'BinaryFormatter serialization is obsolete and should not be used. See https://aka.ms/binaryformatter for more information.' (https://aka.ms/dotnet-warnings/SYSLIB0011)
warning	SYSLIB0003	src/System.Web.ReferenceSource/UI/ObjectStateFormatter.cs	814	10	UI	warning	'SecurityPermissionAttribute' is obsolete: 'Code Access Security is not supported or honored by the runtime.' (https://aka.ms/dotnet-warnings/SYSLIB0003)
warning	SYSLIB0003	src/System.Web.ReferenceSource/UI/ObjectStateFormatter.cs	814	29	UI	warning	'SecurityAction' is obsolete: 'Code Access Security is not supported or honored by the runtime.' (https://aka.ms/dotnet-warnings/SYSLIB0003)
warning	SYSLIB0003	src/System.Web.ReferenceSource/UI/ObjectStateFormatter.cs	814	60	UI	warning	'SecurityPermissionFlag' is obsolete: 'Code Access Security is not supported or honored by the runtime.' (https://aka.ms/dotnet-warnings/SYSLIB0003)
warning	SYSLIB0011	src/System.Web.ReferenceSource/UI/ObjectStateFormatter.cs	1176	25	UI	warning	'IFormatter' is obsolete: 'BinaryFormatter serialization is obsolete and should not be used. See https://aka.ms/binaryformatter for more information.' (https://aka.ms/dotnet-warnings/SYSLIB0011)
warning	SYSLIB0011	src/System.Web.ReferenceSource/UI/ObjectStateFormatter.cs	1176	52	UI	warning	'BinaryFormatter' is obsolete: 'BinaryFormatter serialization is obsolete and should not be used. See https://aka.ms/binaryformatter for more information.' (https://aka.ms/dotnet-warnings/SYSLIB0011)
warning	CA2200	src/System.Web.ReferenceSource/UI/ObjectStateFormatter.cs	1196	17	UI	warning	Re-throwing caught exception changes stack information (https://learn.microsoft.com/dotnet/fundamentals/code-analysis/quality-rules/ca2200)
warning	SYSLIB0050	src/System.Web.ReferenceSource/UI/ObjectStateFormatter.cs	1225	24	UI	warning	'StreamingContext.StreamingContext(StreamingContextStates)' is obsolete: 'Formatter-based serialization is obsolete and should not be used.' (https://aka.ms/dotnet-warnings/SYSLIB0050)
warning	SYSLIB0050	src/System.Web.ReferenceSource/UI/ObjectStateFormatter.cs	1225	45	UI	warning	'StreamingContextStates' is obsolete: 'Formatter-based serialization is obsolete and should not be used.' (https://aka.ms/dotnet-warnings/SYSLIB0050)
warning	SYSLIB0050	src/System.Web.ReferenceSource/UI/ObjectStateFormatter.cs	1233	9	UI	warning	'ISurrogateSelector' is obsolete: 'Formatter-based serialization is obsolete and should not be used.' (https://aka.ms/dotnet-warnings/SYSLIB0050)
warning	CA1416	src/System.Web.ReferenceSource/UI/ObjectTag.cs	101	25	UI	warning	This call site is reachable on all platforms. 'Type.GetTypeFromCLSID(Guid)' is only supported on: 'windows'. (https://learn.microsoft.com/dotnet/fundamentals/code-analysis/quality-rules/ca1416)
warning	CA1416	src/System.Web.ReferenceSource/UI/ObjectTag.cs	131	25	UI	warning	This call site is reachable on all platforms. 'Type.GetTypeFromProgID(string)' is only supported on: 'windows'. (https://learn.microsoft.com/dotnet/fundamentals/code-analysis/quality-rules/ca1416)
warning	SYSLIB0003	src/System.Web.ReferenceSource/UI/Page.cs	897	10	UI	warning	'AspNetHostingPermissionAttribute' is obsolete: 'Code Access Security is not supported or honored by the runtime.' (https://aka.ms/dotnet-warnings/SYSLIB0003)
warning	SYSLIB0003	src/System.Web.ReferenceSource/UI/Page.cs	897	34	UI	warning	'SecurityAction' is obsolete: 'Code Access Security is not supported or honored by the runtime.' (https://aka.ms/dotnet-warnings/SYSLIB0003)
warning	CS0436	src/System.Web.ReferenceSource/UI/Page.cs	2175	36	UI	warning	The type 'HttpUtility' in '/Users/vm/repos/rehost-webforms/src/Rehost.WebForms.Runtime/../System.Web.ReferenceSource/httpserverutility.cs' conflicts with the imported type 'HttpUtility' in 'System.Web.HttpUtility, Version=10.0.0.0, Culture=neutral, PublicKeyToken=cc7b13ffcd2ddd51'. Using the type defined in '/Users/vm/repos/rehost-webforms/src/Rehost.WebForms.Runtime/../System.Web.ReferenceSource/httpserverutility.cs'.
warning	CS0436	src/System.Web.ReferenceSource/UI/Page.cs	2179	36	UI	warning	The type 'HttpUtility' in '/Users/vm/repos/rehost-webforms/src/Rehost.WebForms.Runtime/../System.Web.ReferenceSource/httpserverutility.cs' conflicts with the imported type 'HttpUtility' in 'System.Web.HttpUtility, Version=10.0.0.0, Culture=neutral, PublicKeyToken=cc7b13ffcd2ddd51'. Using the type defined in '/Users/vm/repos/rehost-webforms/src/Rehost.WebForms.Runtime/../System.Web.ReferenceSource/httpserverutility.cs'.
warning	SYSLIB0003	src/System.Web.ReferenceSource/UI/Page.cs	2569	6	UI	warning	'SecurityPermissionAttribute' is obsolete: 'Code Access Security is not supported or honored by the runtime.' (https://aka.ms/dotnet-warnings/SYSLIB0003)
warning	SYSLIB0003	src/System.Web.ReferenceSource/UI/Page.cs	2569	25	UI	warning	'SecurityAction' is obsolete: 'Code Access Security is not supported or honored by the runtime.' (https://aka.ms/dotnet-warnings/SYSLIB0003)
warning	SYSLIB0006	src/System.Web.ReferenceSource/UI/Page.cs	2571	9	UI	warning	'Thread.ResetAbort()' is obsolete: 'Thread.ResetAbort is not supported and throws PlatformNotSupportedException.' (https://aka.ms/dotnet-warnings/SYSLIB0006)
warning	SYSLIB0003	src/System.Web.ReferenceSource/UI/Page.cs	4377	6	UI	warning	'PermissionSetAttribute' is obsolete: 'Code Access Security is not supported or honored by the runtime.' (https://aka.ms/dotnet-warnings/SYSLIB0003)
warning	SYSLIB0003	src/System.Web.ReferenceSource/UI/Page.cs	4377	20	UI	warning	'SecurityAction' is obsolete: 'Code Access Security is not supported or honored by the runtime.' (https://aka.ms/dotnet-warnings/SYSLIB0003)
warning	SYSLIB0003	src/System.Web.ReferenceSource/UI/Page.cs	4388	6	UI	warning	'SecurityPermissionAttribute' is obsolete: 'Code Access Security is not supported or honored by the runtime.' (https://aka.ms/dotnet-warnings/SYSLIB0003)
warning	SYSLIB0003	src/System.Web.ReferenceSource/UI/Page.cs	4388	25	UI	warning	'SecurityAction' is obsolete: 'Code Access Security is not supported or honored by the runtime.' (https://aka.ms/dotnet-warnings/SYSLIB0003)
warning	CS0436	src/System.Web.ReferenceSource/UI/Page.cs	5333	45	UI	warning	The type 'HttpUtility' in '/Users/vm/repos/rehost-webforms/src/Rehost.WebForms.Runtime/../System.Web.ReferenceSource/httpserverutility.cs' conflicts with the imported type 'HttpUtility' in 'System.Web.HttpUtility, Version=10.0.0.0, Culture=neutral, PublicKeyToken=cc7b13ffcd2ddd51'. Using the type defined in '/Users/vm/repos/rehost-webforms/src/Rehost.WebForms.Runtime/../System.Web.ReferenceSource/httpserverutility.cs'.
warning	CS0436	src/System.Web.ReferenceSource/UI/Page.cs	5334	21	UI	warning	The type 'HttpUtility' in '/Users/vm/repos/rehost-webforms/src/Rehost.WebForms.Runtime/../System.Web.ReferenceSource/httpserverutility.cs' conflicts with the imported type 'HttpUtility' in 'System.Web.HttpUtility, Version=10.0.0.0, Culture=neutral, PublicKeyToken=cc7b13ffcd2ddd51'. Using the type defined in '/Users/vm/repos/rehost-webforms/src/Rehost.WebForms.Runtime/../System.Web.ReferenceSource/httpserverutility.cs'.
warning	CS0436	src/System.Web.ReferenceSource/UI/Page.cs	5369	45	UI	warning	The type 'HttpUtility' in '/Users/vm/repos/rehost-webforms/src/Rehost.WebForms.Runtime/../System.Web.ReferenceSource/httpserverutility.cs' conflicts with the imported type 'HttpUtility' in 'System.Web.HttpUtility, Version=10.0.0.0, Culture=neutral, PublicKeyToken=cc7b13ffcd2ddd51'. Using the type defined in '/Users/vm/repos/rehost-webforms/src/Rehost.WebForms.Runtime/../System.Web.ReferenceSource/httpserverutility.cs'.
warning	CS0436	src/System.Web.ReferenceSource/UI/Page.cs	5370	21	UI	warning	The type 'HttpUtility' in '/Users/vm/repos/rehost-webforms/src/Rehost.WebForms.Runtime/../System.Web.ReferenceSource/httpserverutility.cs' conflicts with the imported type 'HttpUtility' in 'System.Web.HttpUtility, Version=10.0.0.0, Culture=neutral, PublicKeyToken=cc7b13ffcd2ddd51'. Using the type defined in '/Users/vm/repos/rehost-webforms/src/Rehost.WebForms.Runtime/../System.Web.ReferenceSource/httpserverutility.cs'.
warning	CS0436	src/System.Web.ReferenceSource/UI/Page.cs	5429	45	UI	warning	The type 'HttpUtility' in '/Users/vm/repos/rehost-webforms/src/Rehost.WebForms.Runtime/../System.Web.ReferenceSource/httpserverutility.cs' conflicts with the imported type 'HttpUtility' in 'System.Web.HttpUtility, Version=10.0.0.0, Culture=neutral, PublicKeyToken=cc7b13ffcd2ddd51'. Using the type defined in '/Users/vm/repos/rehost-webforms/src/Rehost.WebForms.Runtime/../System.Web.ReferenceSource/httpserverutility.cs'.
warning	CS0436	src/System.Web.ReferenceSource/UI/Page.cs	5430	21	UI	warning	The type 'HttpUtility' in '/Users/vm/repos/rehost-webforms/src/Rehost.WebForms.Runtime/../System.Web.ReferenceSource/httpserverutility.cs' conflicts with the imported type 'HttpUtility' in 'System.Web.HttpUtility, Version=10.0.0.0, Culture=neutral, PublicKeyToken=cc7b13ffcd2ddd51'. Using the type defined in '/Users/vm/repos/rehost-webforms/src/Rehost.WebForms.Runtime/../System.Web.ReferenceSource/httpserverutility.cs'.
warning	CS0436	src/System.Web.ReferenceSource/UI/PageAdapter.cs	167	23	UI	warning	The type 'HttpUtility' in '/Users/vm/repos/rehost-webforms/src/Rehost.WebForms.Runtime/../System.Web.ReferenceSource/httpserverutility.cs' conflicts with the imported type 'HttpUtility' in 'System.Web.HttpUtility, Version=10.0.0.0, Culture=neutral, PublicKeyToken=cc7b13ffcd2ddd51'. Using the type defined in '/Users/vm/repos/rehost-webforms/src/Rehost.WebForms.Runtime/../System.Web.ReferenceSource/httpserverutility.cs'.
warning	CS0436	src/System.Web.ReferenceSource/UI/PageAdapter.cs	242	40	UI	warning	The type 'HttpUtility' in '/Users/vm/repos/rehost-webforms/src/Rehost.WebForms.Runtime/../System.Web.ReferenceSource/httpserverutility.cs' conflicts with the imported type 'HttpUtility' in 'System.Web.HttpUtility, Version=10.0.0.0, Culture=neutral, PublicKeyToken=cc7b13ffcd2ddd51'. Using the type defined in '/Users/vm/repos/rehost-webforms/src/Rehost.WebForms.Runtime/../System.Web.ReferenceSource/httpserverutility.cs'.
warning	CS0436	src/System.Web.ReferenceSource/UI/PageAdapter.cs	255	45	UI	warning	The type 'HttpUtility' in '/Users/vm/repos/rehost-webforms/src/Rehost.WebForms.Runtime/../System.Web.ReferenceSource/httpserverutility.cs' conflicts with the imported type 'HttpUtility' in 'System.Web.HttpUtility, Version=10.0.0.0, Culture=neutral, PublicKeyToken=cc7b13ffcd2ddd51'. Using the type defined in '/Users/vm/repos/rehost-webforms/src/Rehost.WebForms.Runtime/../System.Web.ReferenceSource/httpserverutility.cs'.
warning	CS0436	src/System.Web.ReferenceSource/UI/PageAdapter.cs	257	47	UI	warning	The type 'HttpUtility' in '/Users/vm/repos/rehost-webforms/src/Rehost.WebForms.Runtime/../System.Web.ReferenceSource/httpserverutility.cs' conflicts with the imported type 'HttpUtility' in 'System.Web.HttpUtility, Version=10.0.0.0, Culture=neutral, PublicKeyToken=cc7b13ffcd2ddd51'. Using the type defined in '/Users/vm/repos/rehost-webforms/src/Rehost.WebForms.Runtime/../System.Web.ReferenceSource/httpserverutility.cs'.
warning	SYSLIB0003	src/System.Web.ReferenceSource/UI/PageHandlerFactory.cs	25	2	UI	warning	'PermissionSetAttribute' is obsolete: 'Code Access Security is not supported or honored by the runtime.' (https://aka.ms/dotnet-warnings/SYSLIB0003)
warning	SYSLIB0003	src/System.Web.ReferenceSource/UI/PageHandlerFactory.cs	25	16	UI	warning	'SecurityAction' is obsolete: 'Code Access Security is not supported or honored by the runtime.' (https://aka.ms/dotnet-warnings/SYSLIB0003)
warning	SYSLIB0003	src/System.Web.ReferenceSource/UI/PageHandlerFactory.cs	26	2	UI	warning	'PermissionSetAttribute' is obsolete: 'Code Access Security is not supported or honored by the runtime.' (https://aka.ms/dotnet-warnings/SYSLIB0003)
warning	SYSLIB0003	src/System.Web.ReferenceSource/UI/PageHandlerFactory.cs	26	16	UI	warning	'SecurityAction' is obsolete: 'Code Access Security is not supported or honored by the runtime.' (https://aka.ms/dotnet-warnings/SYSLIB0003)
warning	SYSLIB0003	src/System.Web.ReferenceSource/UI/PageParser.cs	106	6	UI	warning	'SecurityPermissionAttribute' is obsolete: 'Code Access Security is not supported or honored by the runtime.' (https://aka.ms/dotnet-warnings/SYSLIB0003)
warning	SYSLIB0003	src/System.Web.ReferenceSource/UI/PageParser.cs	106	25	UI	warning	'SecurityAction' is obsolete: 'Code Access Security is not supported or honored by the runtime.' (https://aka.ms/dotnet-warnings/SYSLIB0003)
warning	SYSLIB0003	src/System.Web.ReferenceSource/UI/PageParserFilter.cs	21	2	UI	warning	'AspNetHostingPermissionAttribute' is obsolete: 'Code Access Security is not supported or honored by the runtime.' (https://aka.ms/dotnet-warnings/SYSLIB0003)
warning	SYSLIB0003	src/System.Web.ReferenceSource/UI/PageParserFilter.cs	21	26	UI	warning	'SecurityAction' is obsolete: 'Code Access Security is not supported or honored by the runtime.' (https://aka.ms/dotnet-warnings/SYSLIB0003)
warning	SYSLIB0003	src/System.Web.ReferenceSource/UI/PageParserFilter.cs	22	2	UI	warning	'AspNetHostingPermissionAttribute' is obsolete: 'Code Access Security is not supported or honored by the runtime.' (https://aka.ms/dotnet-warnings/SYSLIB0003)
warning	SYSLIB0003	src/System.Web.ReferenceSource/UI/PageParserFilter.cs	22	26	UI	warning	'SecurityAction' is obsolete: 'Code Access Security is not supported or honored by the runtime.' (https://aka.ms/dotnet-warnings/SYSLIB0003)
warning	SYSLIB0003	src/System.Web.ReferenceSource/UI/SimpleWebHandlerParser.cs	93	6	UI	warning	'SecurityPermissionAttribute' is obsolete: 'Code Access Security is not supported or honored by the runtime.' (https://aka.ms/dotnet-warnings/SYSLIB0003)
warning	SYSLIB0003	src/System.Web.ReferenceSource/UI/SimpleWebHandlerParser.cs	93	25	UI	warning	'SecurityAction' is obsolete: 'Code Access Security is not supported or honored by the runtime.' (https://aka.ms/dotnet-warnings/SYSLIB0003)
warning	SYSLIB0003	src/System.Web.ReferenceSource/UI/SimpleWebHandlerParser.cs	538	6	UI	warning	'SecurityPermissionAttribute' is obsolete: 'Code Access Security is not supported or honored by the runtime.' (https://aka.ms/dotnet-warnings/SYSLIB0003)
warning	SYSLIB0003	src/System.Web.ReferenceSource/UI/SimpleWebHandlerParser.cs	538	25	UI	warning	'SecurityAction' is obsolete: 'Code Access Security is not supported or honored by the runtime.' (https://aka.ms/dotnet-warnings/SYSLIB0003)
warning	CS0436	src/System.Web.ReferenceSource/UI/StringPropertyBuilder.cs	42	21	UI	warning	The type 'HttpUtility' in '/Users/vm/repos/rehost-webforms/src/Rehost.WebForms.Runtime/../System.Web.ReferenceSource/httpserverutility.cs' conflicts with the imported type 'HttpUtility' in 'System.Web.HttpUtility, Version=10.0.0.0, Culture=neutral, PublicKeyToken=cc7b13ffcd2ddd51'. Using the type defined in '/Users/vm/repos/rehost-webforms/src/Rehost.WebForms.Runtime/../System.Web.ReferenceSource/httpserverutility.cs'.
warning	SYSLIB0003	src/System.Web.ReferenceSource/UI/TemplateControl.cs	496	6	UI	warning	'ReflectionPermissionAttribute' is obsolete: 'Code Access Security is not supported or honored by the runtime.' (https://aka.ms/dotnet-warnings/SYSLIB0003)
warning	SYSLIB0003	src/System.Web.ReferenceSource/UI/TemplateControl.cs	496	27	UI	warning	'SecurityAction' is obsolete: 'Code Access Security is not supported or honored by the runtime.' (https://aka.ms/dotnet-warnings/SYSLIB0003)
warning	SYSLIB0003	src/System.Web.ReferenceSource/UI/TemplateControl.cs	496	58	UI	warning	'ReflectionPermissionFlag' is obsolete: 'Code Access Security is not supported or honored by the runtime.' (https://aka.ms/dotnet-warnings/SYSLIB0003)
warning	SYSLIB0003	src/System.Web.ReferenceSource/UI/TemplateControl.cs	611	6	UI	warning	'ReflectionPermissionAttribute' is obsolete: 'Code Access Security is not supported or honored by the runtime.' (https://aka.ms/dotnet-warnings/SYSLIB0003)
warning	SYSLIB0003	src/System.Web.ReferenceSource/UI/TemplateControl.cs	611	27	UI	warning	'SecurityAction' is obsolete: 'Code Access Security is not supported or honored by the runtime.' (https://aka.ms/dotnet-warnings/SYSLIB0003)
warning	SYSLIB0003	src/System.Web.ReferenceSource/UI/TemplateControl.cs	611	56	UI	warning	'ReflectionPermissionFlag' is obsolete: 'Code Access Security is not supported or honored by the runtime.' (https://aka.ms/dotnet-warnings/SYSLIB0003)
warning	CS0436	src/System.Web.ReferenceSource/UI/TemplateParser.cs	2697	27	UI	warning	The type 'HttpUtility' in '/Users/vm/repos/rehost-webforms/src/Rehost.WebForms.Runtime/../System.Web.ReferenceSource/httpserverutility.cs' conflicts with the imported type 'HttpUtility' in 'System.Web.HttpUtility, Version=10.0.0.0, Culture=neutral, PublicKeyToken=cc7b13ffcd2ddd51'. Using the type defined in '/Users/vm/repos/rehost-webforms/src/Rehost.WebForms.Runtime/../System.Web.ReferenceSource/httpserverutility.cs'.
warning	CS0436	src/System.Web.ReferenceSource/UI/TraceContext.cs	607	48	UI	warning	The type 'HttpUtility' in '/Users/vm/repos/rehost-webforms/src/Rehost.WebForms.Runtime/../System.Web.ReferenceSource/httpserverutility.cs' conflicts with the imported type 'HttpUtility' in 'System.Web.HttpUtility, Version=10.0.0.0, Culture=neutral, PublicKeyToken=cc7b13ffcd2ddd51'. Using the type defined in '/Users/vm/repos/rehost-webforms/src/Rehost.WebForms.Runtime/../System.Web.ReferenceSource/httpserverutility.cs'.
warning	SYSLIB0003	src/System.Web.ReferenceSource/UI/Util.cs	43	6	UI	warning	'SecurityPermissionAttribute' is obsolete: 'Code Access Security is not supported or honored by the runtime.' (https://aka.ms/dotnet-warnings/SYSLIB0003)
warning	SYSLIB0003	src/System.Web.ReferenceSource/UI/Util.cs	43	25	UI	warning	'SecurityAction' is obsolete: 'Code Access Security is not supported or honored by the runtime.' (https://aka.ms/dotnet-warnings/SYSLIB0003)
warning	SYSLIB0003	src/System.Web.ReferenceSource/UI/Util.cs	43	56	UI	warning	'SecurityPermissionFlag' is obsolete: 'Code Access Security is not supported or honored by the runtime.' (https://aka.ms/dotnet-warnings/SYSLIB0003)
warning	SYSLIB0003	src/System.Web.ReferenceSource/UI/Util.cs	49	6	UI	warning	'SecurityPermissionAttribute' is obsolete: 'Code Access Security is not supported or honored by the runtime.' (https://aka.ms/dotnet-warnings/SYSLIB0003)
warning	SYSLIB0003	src/System.Web.ReferenceSource/UI/Util.cs	49	25	UI	warning	'SecurityAction' is obsolete: 'Code Access Security is not supported or honored by the runtime.' (https://aka.ms/dotnet-warnings/SYSLIB0003)
warning	SYSLIB0003	src/System.Web.ReferenceSource/UI/Util.cs	49	56	UI	warning	'SecurityPermissionFlag' is obsolete: 'Code Access Security is not supported or honored by the runtime.' (https://aka.ms/dotnet-warnings/SYSLIB0003)
warning	SYSLIB0003	src/System.Web.ReferenceSource/UI/Util.cs	55	6	UI	warning	'SecurityPermissionAttribute' is obsolete: 'Code Access Security is not supported or honored by the runtime.' (https://aka.ms/dotnet-warnings/SYSLIB0003)
warning	SYSLIB0003	src/System.Web.ReferenceSource/UI/Util.cs	55	25	UI	warning	'SecurityAction' is obsolete: 'Code Access Security is not supported or honored by the runtime.' (https://aka.ms/dotnet-warnings/SYSLIB0003)
warning	SYSLIB0003	src/System.Web.ReferenceSource/UI/Util.cs	55	56	UI	warning	'SecurityPermissionFlag' is obsolete: 'Code Access Security is not supported or honored by the runtime.' (https://aka.ms/dotnet-warnings/SYSLIB0003)
warning	SYSLIB0003	src/System.Web.ReferenceSource/UI/Util.cs	508	21	UI	warning	'FileIOPermission' is obsolete: 'Code Access Security is not supported or honored by the runtime.' (https://aka.ms/dotnet-warnings/SYSLIB0003)
warning	SYSLIB0003	src/System.Web.ReferenceSource/UI/Util.cs	508	38	UI	warning	'FileIOPermissionAccess' is obsolete: 'Code Access Security is not supported or honored by the runtime.' (https://aka.ms/dotnet-warnings/SYSLIB0003)
warning	CS0436	src/System.Web.ReferenceSource/UI/Util.cs	1122	16	UI	warning	The type 'HttpUtility' in '/Users/vm/repos/rehost-webforms/src/Rehost.WebForms.Runtime/../System.Web.ReferenceSource/httpserverutility.cs' conflicts with the imported type 'HttpUtility' in 'System.Web.HttpUtility, Version=10.0.0.0, Culture=neutral, PublicKeyToken=cc7b13ffcd2ddd51'. Using the type defined in '/Users/vm/repos/rehost-webforms/src/Rehost.WebForms.Runtime/../System.Web.ReferenceSource/httpserverutility.cs'.
warning	SYSLIB0012	src/System.Web.ReferenceSource/UI/Util.cs	1224	41	UI	warning	'Assembly.EscapedCodeBase' is obsolete: 'Assembly.CodeBase and Assembly.EscapedCodeBase are only included for .NET Framework compatibility. Use Assembly.Location.' (https://aka.ms/dotnet-warnings/SYSLIB0012)
warning	SYSLIB0003	src/System.Web.ReferenceSource/UI/Util.cs	1234	6	UI	warning	'FileIOPermissionAttribute' is obsolete: 'Code Access Security is not supported or honored by the runtime.' (https://aka.ms/dotnet-warnings/SYSLIB0003)
warning	SYSLIB0003	src/System.Web.ReferenceSource/UI/Util.cs	1234	23	UI	warning	'SecurityAction' is obsolete: 'Code Access Security is not supported or honored by the runtime.' (https://aka.ms/dotnet-warnings/SYSLIB0003)
warning	SYSLIB0003	src/System.Web.ReferenceSource/UI/Util.cs	1234	57	UI	warning	'FileIOPermissionAccess' is obsolete: 'Code Access Security is not supported or honored by the runtime.' (https://aka.ms/dotnet-warnings/SYSLIB0003)
warning	SYSLIB0005	src/System.Web.ReferenceSource/UI/Util.cs	1236	13	UI	warning	'Assembly.GlobalAssemblyCache' is obsolete: 'The Global Assembly Cache is not supported.' (https://aka.ms/dotnet-warnings/SYSLIB0005)
warning	SYSLIB0003	src/System.Web.ReferenceSource/UI/Util.cs	1265	6	UI	warning	'FileIOPermissionAttribute' is obsolete: 'Code Access Security is not supported or honored by the runtime.' (https://aka.ms/dotnet-warnings/SYSLIB0003)
warning	SYSLIB0003	src/System.Web.ReferenceSource/UI/Util.cs	1265	23	UI	warning	'SecurityAction' is obsolete: 'Code Access Security is not supported or honored by the runtime.' (https://aka.ms/dotnet-warnings/SYSLIB0003)
warning	SYSLIB0003	src/System.Web.ReferenceSource/UI/Util.cs	1265	57	UI	warning	'FileIOPermissionAccess' is obsolete: 'Code Access Security is not supported or honored by the runtime.' (https://aka.ms/dotnet-warnings/SYSLIB0003)
warning	SYSLIB0003	src/System.Web.ReferenceSource/UI/Util.cs	1371	6	UI	warning	'ReflectionPermissionAttribute' is obsolete: 'Code Access Security is not supported or honored by the runtime.' (https://aka.ms/dotnet-warnings/SYSLIB0003)
warning	SYSLIB0003	src/System.Web.ReferenceSource/UI/Util.cs	1371	27	UI	warning	'SecurityAction' is obsolete: 'Code Access Security is not supported or honored by the runtime.' (https://aka.ms/dotnet-warnings/SYSLIB0003)
warning	SYSLIB0003	src/System.Web.ReferenceSource/UI/Util.cs	1371	56	UI	warning	'ReflectionPermissionFlag' is obsolete: 'Code Access Security is not supported or honored by the runtime.' (https://aka.ms/dotnet-warnings/SYSLIB0003)
warning	CA1416	src/System.Web.ReferenceSource/UI/Util.cs	1399	20	UI	warning	This call site is reachable on all platforms. 'WindowsIdentity.Name' is only supported on: 'windows'. (https://learn.microsoft.com/dotnet/fundamentals/code-analysis/quality-rules/ca1416)
warning	SYSLIB0003	src/System.Web.ReferenceSource/UI/Util.cs	1679	6	UI	warning	'FileIOPermissionAttribute' is obsolete: 'Code Access Security is not supported or honored by the runtime.' (https://aka.ms/dotnet-warnings/SYSLIB0003)
warning	SYSLIB0003	src/System.Web.ReferenceSource/UI/Util.cs	1679	23	UI	warning	'SecurityAction' is obsolete: 'Code Access Security is not supported or honored by the runtime.' (https://aka.ms/dotnet-warnings/SYSLIB0003)
warning	SYSLIB0051	src/System.Web.ReferenceSource/UI/ViewStateException.cs	36	13	UI	warning	'Exception.Exception(SerializationInfo, StreamingContext)' is obsolete: 'This API supports obsolete formatter-based serialization. It should not be called or extended by application code.' (https://aka.ms/dotnet-warnings/SYSLIB0051)
warning	SYSLIB0003	src/System.Web.ReferenceSource/UI/ViewStateException.cs	86	10	UI	warning	'SecurityPermissionAttribute' is obsolete: 'Code Access Security is not supported or honored by the runtime.' (https://aka.ms/dotnet-warnings/SYSLIB0003)
warning	SYSLIB0003	src/System.Web.ReferenceSource/UI/ViewStateException.cs	86	38	UI	warning	'SecurityAction' is obsolete: 'Code Access Security is not supported or honored by the runtime.' (https://aka.ms/dotnet-warnings/SYSLIB0003)
warning	CS0672	src/System.Web.ReferenceSource/UI/ViewStateException.cs	87	34	UI	warning	Member 'ViewStateException.GetObjectData(SerializationInfo, StreamingContext)' overrides obsolete member 'Exception.GetObjectData(SerializationInfo, StreamingContext)'. Add the Obsolete attribute to 'ViewStateException.GetObjectData(SerializationInfo, StreamingContext)'.
warning	SYSLIB0051	src/System.Web.ReferenceSource/UI/ViewStateException.cs	88	13	UI	warning	'Exception.GetObjectData(SerializationInfo, StreamingContext)' is obsolete: 'This API supports obsolete formatter-based serialization. It should not be called or extended by application code.' (https://aka.ms/dotnet-warnings/SYSLIB0051)
warning	CS0436	src/System.Web.ReferenceSource/UI/WebControls/Adapters/MenuAdapter.cs	282	34	UI	warning	The type 'HttpUtility' in '/Users/vm/repos/rehost-webforms/src/Rehost.WebForms.Runtime/../System.Web.ReferenceSource/httpserverutility.cs' conflicts with the imported type 'HttpUtility' in 'System.Web.HttpUtility, Version=10.0.0.0, Culture=neutral, PublicKeyToken=cc7b13ffcd2ddd51'. Using the type defined in '/Users/vm/repos/rehost-webforms/src/Rehost.WebForms.Runtime/../System.Web.ReferenceSource/httpserverutility.cs'.
warning	CS0436	src/System.Web.ReferenceSource/UI/WebControls/Adapters/MenuAdapter.cs	290	34	UI	warning	The type 'HttpUtility' in '/Users/vm/repos/rehost-webforms/src/Rehost.WebForms.Runtime/../System.Web.ReferenceSource/httpserverutility.cs' conflicts with the imported type 'HttpUtility' in 'System.Web.HttpUtility, Version=10.0.0.0, Culture=neutral, PublicKeyToken=cc7b13ffcd2ddd51'. Using the type defined in '/Users/vm/repos/rehost-webforms/src/Rehost.WebForms.Runtime/../System.Web.ReferenceSource/httpserverutility.cs'.
warning	CS0436	src/System.Web.ReferenceSource/UI/WebControls/Adapters/MenuAdapter.cs	296	34	UI	warning	The type 'HttpUtility' in '/Users/vm/repos/rehost-webforms/src/Rehost.WebForms.Runtime/../System.Web.ReferenceSource/httpserverutility.cs' conflicts with the imported type 'HttpUtility' in 'System.Web.HttpUtility, Version=10.0.0.0, Culture=neutral, PublicKeyToken=cc7b13ffcd2ddd51'. Using the type defined in '/Users/vm/repos/rehost-webforms/src/Rehost.WebForms.Runtime/../System.Web.ReferenceSource/httpserverutility.cs'.
warning	CS0436	src/System.Web.ReferenceSource/UI/WebControls/Adapters/MenuAdapter.cs	431	38	UI	warning	The type 'HttpUtility' in '/Users/vm/repos/rehost-webforms/src/Rehost.WebForms.Runtime/../System.Web.ReferenceSource/httpserverutility.cs' conflicts with the imported type 'HttpUtility' in 'System.Web.HttpUtility, Version=10.0.0.0, Culture=neutral, PublicKeyToken=cc7b13ffcd2ddd51'. Using the type defined in '/Users/vm/repos/rehost-webforms/src/Rehost.WebForms.Runtime/../System.Web.ReferenceSource/httpserverutility.cs'.
warning	CS0436	src/System.Web.ReferenceSource/UI/WebControls/Adapters/MenuAdapter.cs	598	47	UI	warning	The type 'HttpUtility' in '/Users/vm/repos/rehost-webforms/src/Rehost.WebForms.Runtime/../System.Web.ReferenceSource/httpserverutility.cs' conflicts with the imported type 'HttpUtility' in 'System.Web.HttpUtility, Version=10.0.0.0, Culture=neutral, PublicKeyToken=cc7b13ffcd2ddd51'. Using the type defined in '/Users/vm/repos/rehost-webforms/src/Rehost.WebForms.Runtime/../System.Web.ReferenceSource/httpserverutility.cs'.
warning	CS0436	src/System.Web.ReferenceSource/UI/WebControls/Adapters/MenuAdapter.cs	642	34	UI	warning	The type 'HttpUtility' in '/Users/vm/repos/rehost-webforms/src/Rehost.WebForms.Runtime/../System.Web.ReferenceSource/httpserverutility.cs' conflicts with the imported type 'HttpUtility' in 'System.Web.HttpUtility, Version=10.0.0.0, Culture=neutral, PublicKeyToken=cc7b13ffcd2ddd51'. Using the type defined in '/Users/vm/repos/rehost-webforms/src/Rehost.WebForms.Runtime/../System.Web.ReferenceSource/httpserverutility.cs'.
warning	CS0436	src/System.Web.ReferenceSource/UI/WebControls/BoundField.cs	356	37	UI	warning	The type 'HttpUtility' in '/Users/vm/repos/rehost-webforms/src/Rehost.WebForms.Runtime/../System.Web.ReferenceSource/httpserverutility.cs' conflicts with the imported type 'HttpUtility' in 'System.Web.HttpUtility, Version=10.0.0.0, Culture=neutral, PublicKeyToken=cc7b13ffcd2ddd51'. Using the type defined in '/Users/vm/repos/rehost-webforms/src/Rehost.WebForms.Runtime/../System.Web.ReferenceSource/httpserverutility.cs'.
warning	CS0436	src/System.Web.ReferenceSource/UI/WebControls/BoundField.cs	399	43	UI	warning	The type 'HttpUtility' in '/Users/vm/repos/rehost-webforms/src/Rehost.WebForms.Runtime/../System.Web.ReferenceSource/httpserverutility.cs' conflicts with the imported type 'HttpUtility' in 'System.Web.HttpUtility, Version=10.0.0.0, Culture=neutral, PublicKeyToken=cc7b13ffcd2ddd51'. Using the type defined in '/Users/vm/repos/rehost-webforms/src/Rehost.WebForms.Runtime/../System.Web.ReferenceSource/httpserverutility.cs'.
warning	CS0436	src/System.Web.ReferenceSource/UI/WebControls/BoundField.cs	433	47	UI	warning	The type 'HttpUtility' in '/Users/vm/repos/rehost-webforms/src/Rehost.WebForms.Runtime/../System.Web.ReferenceSource/httpserverutility.cs' conflicts with the imported type 'HttpUtility' in 'System.Web.HttpUtility, Version=10.0.0.0, Culture=neutral, PublicKeyToken=cc7b13ffcd2ddd51'. Using the type defined in '/Users/vm/repos/rehost-webforms/src/Rehost.WebForms.Runtime/../System.Web.ReferenceSource/httpserverutility.cs'.
warning	CS0436	src/System.Web.ReferenceSource/UI/WebControls/BoundField.cs	551	30	UI	warning	The type 'HttpUtility' in '/Users/vm/repos/rehost-webforms/src/Rehost.WebForms.Runtime/../System.Web.ReferenceSource/httpserverutility.cs' conflicts with the imported type 'HttpUtility' in 'System.Web.HttpUtility, Version=10.0.0.0, Culture=neutral, PublicKeyToken=cc7b13ffcd2ddd51'. Using the type defined in '/Users/vm/repos/rehost-webforms/src/Rehost.WebForms.Runtime/../System.Web.ReferenceSource/httpserverutility.cs'.
warning	CS0436	src/System.Web.ReferenceSource/UI/WebControls/BulletedList.cs	353	91	UI	warning	The type 'HttpUtility' in '/Users/vm/repos/rehost-webforms/src/Rehost.WebForms.Runtime/../System.Web.ReferenceSource/httpserverutility.cs' conflicts with the imported type 'HttpUtility' in 'System.Web.HttpUtility, Version=10.0.0.0, Culture=neutral, PublicKeyToken=cc7b13ffcd2ddd51'. Using the type defined in '/Users/vm/repos/rehost-webforms/src/Rehost.WebForms.Runtime/../System.Web.ReferenceSource/httpserverutility.cs'.
warning	CS0436	src/System.Web.ReferenceSource/UI/WebControls/BulletedList.cs	394	21	UI	warning	The type 'HttpUtility' in '/Users/vm/repos/rehost-webforms/src/Rehost.WebForms.Runtime/../System.Web.ReferenceSource/httpserverutility.cs' conflicts with the imported type 'HttpUtility' in 'System.Web.HttpUtility, Version=10.0.0.0, Culture=neutral, PublicKeyToken=cc7b13ffcd2ddd51'. Using the type defined in '/Users/vm/repos/rehost-webforms/src/Rehost.WebForms.Runtime/../System.Web.ReferenceSource/httpserverutility.cs'.
warning	CS0436	src/System.Web.ReferenceSource/UI/WebControls/BulletedList.cs	414	21	UI	warning	The type 'HttpUtility' in '/Users/vm/repos/rehost-webforms/src/Rehost.WebForms.Runtime/../System.Web.ReferenceSource/httpserverutility.cs' conflicts with the imported type 'HttpUtility' in 'System.Web.HttpUtility, Version=10.0.0.0, Culture=neutral, PublicKeyToken=cc7b13ffcd2ddd51'. Using the type defined in '/Users/vm/repos/rehost-webforms/src/Rehost.WebForms.Runtime/../System.Web.ReferenceSource/httpserverutility.cs'.
warning	CS0436	src/System.Web.ReferenceSource/UI/WebControls/BulletedList.cs	428	21	UI	warning	The type 'HttpUtility' in '/Users/vm/repos/rehost-webforms/src/Rehost.WebForms.Runtime/../System.Web.ReferenceSource/httpserverutility.cs' conflicts with the imported type 'HttpUtility' in 'System.Web.HttpUtility, Version=10.0.0.0, Culture=neutral, PublicKeyToken=cc7b13ffcd2ddd51'. Using the type defined in '/Users/vm/repos/rehost-webforms/src/Rehost.WebForms.Runtime/../System.Web.ReferenceSource/httpserverutility.cs'.
warning	CS0436	src/System.Web.ReferenceSource/UI/WebControls/Button.cs	342	41	UI	warning	The type 'HttpUtility' in '/Users/vm/repos/rehost-webforms/src/Rehost.WebForms.Runtime/../System.Web.ReferenceSource/httpserverutility.cs' conflicts with the imported type 'HttpUtility' in 'System.Web.HttpUtility, Version=10.0.0.0, Culture=neutral, PublicKeyToken=cc7b13ffcd2ddd51'. Using the type defined in '/Users/vm/repos/rehost-webforms/src/Rehost.WebForms.Runtime/../System.Web.ReferenceSource/httpserverutility.cs'.
warning	SYSLIB0003	src/System.Web.ReferenceSource/UI/WebControls/ChangePassword.cs	2213	10	UI	warning	'SecurityPermissionAttribute' is obsolete: 'Code Access Security is not supported or honored by the runtime.' (https://aka.ms/dotnet-warnings/SYSLIB0003)
warning	SYSLIB0003	src/System.Web.ReferenceSource/UI/WebControls/ChangePassword.cs	2213	29	UI	warning	'SecurityAction' is obsolete: 'Code Access Security is not supported or honored by the runtime.' (https://aka.ms/dotnet-warnings/SYSLIB0003)
warning	SYSLIB0003	src/System.Web.ReferenceSource/UI/WebControls/CreateUserWizard.cs	2467	10	UI	warning	'SecurityPermissionAttribute' is obsolete: 'Code Access Security is not supported or honored by the runtime.' (https://aka.ms/dotnet-warnings/SYSLIB0003)
warning	SYSLIB0003	src/System.Web.ReferenceSource/UI/WebControls/CreateUserWizard.cs	2467	29	UI	warning	'SecurityAction' is obsolete: 'Code Access Security is not supported or honored by the runtime.' (https://aka.ms/dotnet-warnings/SYSLIB0003)
warning	SYSLIB0003	src/System.Web.ReferenceSource/UI/WebControls/CreateUserWizard.cs	2839	10	UI	warning	'SecurityPermissionAttribute' is obsolete: 'Code Access Security is not supported or honored by the runtime.' (https://aka.ms/dotnet-warnings/SYSLIB0003)
warning	SYSLIB0003	src/System.Web.ReferenceSource/UI/WebControls/CreateUserWizard.cs	2839	29	UI	warning	'SecurityAction' is obsolete: 'Code Access Security is not supported or honored by the runtime.' (https://aka.ms/dotnet-warnings/SYSLIB0003)
warning	CS0436	src/System.Web.ReferenceSource/UI/WebControls/DetailsView.cs	1874	75	UI	warning	The type 'HttpUtility' in '/Users/vm/repos/rehost-webforms/src/Rehost.WebForms.Runtime/../System.Web.ReferenceSource/httpserverutility.cs' conflicts with the imported type 'HttpUtility' in 'System.Web.HttpUtility, Version=10.0.0.0, Culture=neutral, PublicKeyToken=cc7b13ffcd2ddd51'. Using the type defined in '/Users/vm/repos/rehost-webforms/src/Rehost.WebForms.Runtime/../System.Web.ReferenceSource/httpserverutility.cs'.
warning	CS0436	src/System.Web.ReferenceSource/UI/WebControls/DetailsView.cs	1893	74	UI	warning	The type 'HttpUtility' in '/Users/vm/repos/rehost-webforms/src/Rehost.WebForms.Runtime/../System.Web.ReferenceSource/httpserverutility.cs' conflicts with the imported type 'HttpUtility' in 'System.Web.HttpUtility, Version=10.0.0.0, Culture=neutral, PublicKeyToken=cc7b13ffcd2ddd51'. Using the type defined in '/Users/vm/repos/rehost-webforms/src/Rehost.WebForms.Runtime/../System.Web.ReferenceSource/httpserverutility.cs'.
warning	CS0436	src/System.Web.ReferenceSource/UI/WebControls/DetailsView.cs	1913	74	UI	warning	The type 'HttpUtility' in '/Users/vm/repos/rehost-webforms/src/Rehost.WebForms.Runtime/../System.Web.ReferenceSource/httpserverutility.cs' conflicts with the imported type 'HttpUtility' in 'System.Web.HttpUtility, Version=10.0.0.0, Culture=neutral, PublicKeyToken=cc7b13ffcd2ddd51'. Using the type defined in '/Users/vm/repos/rehost-webforms/src/Rehost.WebForms.Runtime/../System.Web.ReferenceSource/httpserverutility.cs'.
warning	CS0436	src/System.Web.ReferenceSource/UI/WebControls/DetailsView.cs	1933	74	UI	warning	The type 'HttpUtility' in '/Users/vm/repos/rehost-webforms/src/Rehost.WebForms.Runtime/../System.Web.ReferenceSource/httpserverutility.cs' conflicts with the imported type 'HttpUtility' in 'System.Web.HttpUtility, Version=10.0.0.0, Culture=neutral, PublicKeyToken=cc7b13ffcd2ddd51'. Using the type defined in '/Users/vm/repos/rehost-webforms/src/Rehost.WebForms.Runtime/../System.Web.ReferenceSource/httpserverutility.cs'.
warning	CS0436	src/System.Web.ReferenceSource/UI/WebControls/DetailsView.cs	2002	75	UI	warning	The type 'HttpUtility' in '/Users/vm/repos/rehost-webforms/src/Rehost.WebForms.Runtime/../System.Web.ReferenceSource/httpserverutility.cs' conflicts with the imported type 'HttpUtility' in 'System.Web.HttpUtility, Version=10.0.0.0, Culture=neutral, PublicKeyToken=cc7b13ffcd2ddd51'. Using the type defined in '/Users/vm/repos/rehost-webforms/src/Rehost.WebForms.Runtime/../System.Web.ReferenceSource/httpserverutility.cs'.
warning	CS0436	src/System.Web.ReferenceSource/UI/WebControls/DetailsView.cs	2069	74	UI	warning	The type 'HttpUtility' in '/Users/vm/repos/rehost-webforms/src/Rehost.WebForms.Runtime/../System.Web.ReferenceSource/httpserverutility.cs' conflicts with the imported type 'HttpUtility' in 'System.Web.HttpUtility, Version=10.0.0.0, Culture=neutral, PublicKeyToken=cc7b13ffcd2ddd51'. Using the type defined in '/Users/vm/repos/rehost-webforms/src/Rehost.WebForms.Runtime/../System.Web.ReferenceSource/httpserverutility.cs'.
warning	CS0436	src/System.Web.ReferenceSource/UI/WebControls/FormView.cs	1582	64	UI	warning	The type 'HttpUtility' in '/Users/vm/repos/rehost-webforms/src/Rehost.WebForms.Runtime/../System.Web.ReferenceSource/httpserverutility.cs' conflicts with the imported type 'HttpUtility' in 'System.Web.HttpUtility, Version=10.0.0.0, Culture=neutral, PublicKeyToken=cc7b13ffcd2ddd51'. Using the type defined in '/Users/vm/repos/rehost-webforms/src/Rehost.WebForms.Runtime/../System.Web.ReferenceSource/httpserverutility.cs'.
warning	CS0436	src/System.Web.ReferenceSource/UI/WebControls/FormView.cs	1599	63	UI	warning	The type 'HttpUtility' in '/Users/vm/repos/rehost-webforms/src/Rehost.WebForms.Runtime/../System.Web.ReferenceSource/httpserverutility.cs' conflicts with the imported type 'HttpUtility' in 'System.Web.HttpUtility, Version=10.0.0.0, Culture=neutral, PublicKeyToken=cc7b13ffcd2ddd51'. Using the type defined in '/Users/vm/repos/rehost-webforms/src/Rehost.WebForms.Runtime/../System.Web.ReferenceSource/httpserverutility.cs'.
warning	CS0436	src/System.Web.ReferenceSource/UI/WebControls/FormView.cs	1617	63	UI	warning	The type 'HttpUtility' in '/Users/vm/repos/rehost-webforms/src/Rehost.WebForms.Runtime/../System.Web.ReferenceSource/httpserverutility.cs' conflicts with the imported type 'HttpUtility' in 'System.Web.HttpUtility, Version=10.0.0.0, Culture=neutral, PublicKeyToken=cc7b13ffcd2ddd51'. Using the type defined in '/Users/vm/repos/rehost-webforms/src/Rehost.WebForms.Runtime/../System.Web.ReferenceSource/httpserverutility.cs'.
warning	CS0436	src/System.Web.ReferenceSource/UI/WebControls/FormView.cs	1635	63	UI	warning	The type 'HttpUtility' in '/Users/vm/repos/rehost-webforms/src/Rehost.WebForms.Runtime/../System.Web.ReferenceSource/httpserverutility.cs' conflicts with the imported type 'HttpUtility' in 'System.Web.HttpUtility, Version=10.0.0.0, Culture=neutral, PublicKeyToken=cc7b13ffcd2ddd51'. Using the type defined in '/Users/vm/repos/rehost-webforms/src/Rehost.WebForms.Runtime/../System.Web.ReferenceSource/httpserverutility.cs'.
warning	CS0436	src/System.Web.ReferenceSource/UI/WebControls/FormView.cs	1702	64	UI	warning	The type 'HttpUtility' in '/Users/vm/repos/rehost-webforms/src/Rehost.WebForms.Runtime/../System.Web.ReferenceSource/httpserverutility.cs' conflicts with the imported type 'HttpUtility' in 'System.Web.HttpUtility, Version=10.0.0.0, Culture=neutral, PublicKeyToken=cc7b13ffcd2ddd51'. Using the type defined in '/Users/vm/repos/rehost-webforms/src/Rehost.WebForms.Runtime/../System.Web.ReferenceSource/httpserverutility.cs'.
warning	CS0436	src/System.Web.ReferenceSource/UI/WebControls/FormView.cs	1764	63	UI	warning	The type 'HttpUtility' in '/Users/vm/repos/rehost-webforms/src/Rehost.WebForms.Runtime/../System.Web.ReferenceSource/httpserverutility.cs' conflicts with the imported type 'HttpUtility' in 'System.Web.HttpUtility, Version=10.0.0.0, Culture=neutral, PublicKeyToken=cc7b13ffcd2ddd51'. Using the type defined in '/Users/vm/repos/rehost-webforms/src/Rehost.WebForms.Runtime/../System.Web.ReferenceSource/httpserverutility.cs'.
warning	CS0436	src/System.Web.ReferenceSource/UI/WebControls/GridView.cs	2431	75	UI	warning	The type 'HttpUtility' in '/Users/vm/repos/rehost-webforms/src/Rehost.WebForms.Runtime/../System.Web.ReferenceSource/httpserverutility.cs' conflicts with the imported type 'HttpUtility' in 'System.Web.HttpUtility, Version=10.0.0.0, Culture=neutral, PublicKeyToken=cc7b13ffcd2ddd51'. Using the type defined in '/Users/vm/repos/rehost-webforms/src/Rehost.WebForms.Runtime/../System.Web.ReferenceSource/httpserverutility.cs'.
warning	CS0436	src/System.Web.ReferenceSource/UI/WebControls/GridView.cs	2452	74	UI	warning	The type 'HttpUtility' in '/Users/vm/repos/rehost-webforms/src/Rehost.WebForms.Runtime/../System.Web.ReferenceSource/httpserverutility.cs' conflicts with the imported type 'HttpUtility' in 'System.Web.HttpUtility, Version=10.0.0.0, Culture=neutral, PublicKeyToken=cc7b13ffcd2ddd51'. Using the type defined in '/Users/vm/repos/rehost-webforms/src/Rehost.WebForms.Runtime/../System.Web.ReferenceSource/httpserverutility.cs'.
warning	CS0436	src/System.Web.ReferenceSource/UI/WebControls/GridView.cs	2473	74	UI	warning	The type 'HttpUtility' in '/Users/vm/repos/rehost-webforms/src/Rehost.WebForms.Runtime/../System.Web.ReferenceSource/httpserverutility.cs' conflicts with the imported type 'HttpUtility' in 'System.Web.HttpUtility, Version=10.0.0.0, Culture=neutral, PublicKeyToken=cc7b13ffcd2ddd51'. Using the type defined in '/Users/vm/repos/rehost-webforms/src/Rehost.WebForms.Runtime/../System.Web.ReferenceSource/httpserverutility.cs'.
warning	CS0436	src/System.Web.ReferenceSource/UI/WebControls/GridView.cs	2494	74	UI	warning	The type 'HttpUtility' in '/Users/vm/repos/rehost-webforms/src/Rehost.WebForms.Runtime/../System.Web.ReferenceSource/httpserverutility.cs' conflicts with the imported type 'HttpUtility' in 'System.Web.HttpUtility, Version=10.0.0.0, Culture=neutral, PublicKeyToken=cc7b13ffcd2ddd51'. Using the type defined in '/Users/vm/repos/rehost-webforms/src/Rehost.WebForms.Runtime/../System.Web.ReferenceSource/httpserverutility.cs'.
warning	CS0436	src/System.Web.ReferenceSource/UI/WebControls/GridView.cs	2563	75	UI	warning	The type 'HttpUtility' in '/Users/vm/repos/rehost-webforms/src/Rehost.WebForms.Runtime/../System.Web.ReferenceSource/httpserverutility.cs' conflicts with the imported type 'HttpUtility' in 'System.Web.HttpUtility, Version=10.0.0.0, Culture=neutral, PublicKeyToken=cc7b13ffcd2ddd51'. Using the type defined in '/Users/vm/repos/rehost-webforms/src/Rehost.WebForms.Runtime/../System.Web.ReferenceSource/httpserverutility.cs'.
warning	CS0436	src/System.Web.ReferenceSource/UI/WebControls/GridView.cs	2632	74	UI	warning	The type 'HttpUtility' in '/Users/vm/repos/rehost-webforms/src/Rehost.WebForms.Runtime/../System.Web.ReferenceSource/httpserverutility.cs' conflicts with the imported type 'HttpUtility' in 'System.Web.HttpUtility, Version=10.0.0.0, Culture=neutral, PublicKeyToken=cc7b13ffcd2ddd51'. Using the type defined in '/Users/vm/repos/rehost-webforms/src/Rehost.WebForms.Runtime/../System.Web.ReferenceSource/httpserverutility.cs'.
warning	CS0436	src/System.Web.ReferenceSource/UI/WebControls/ImageButton.cs	364	37	UI	warning	The type 'HttpUtility' in '/Users/vm/repos/rehost-webforms/src/Rehost.WebForms.Runtime/../System.Web.ReferenceSource/httpserverutility.cs' conflicts with the imported type 'HttpUtility' in 'System.Web.HttpUtility, Version=10.0.0.0, Culture=neutral, PublicKeyToken=cc7b13ffcd2ddd51'. Using the type defined in '/Users/vm/repos/rehost-webforms/src/Rehost.WebForms.Runtime/../System.Web.ReferenceSource/httpserverutility.cs'.
warning	CS0436	src/System.Web.ReferenceSource/UI/WebControls/ImageButton.cs	407	17	UI	warning	The type 'HttpUtility' in '/Users/vm/repos/rehost-webforms/src/Rehost.WebForms.Runtime/../System.Web.ReferenceSource/httpserverutility.cs' conflicts with the imported type 'HttpUtility' in 'System.Web.HttpUtility, Version=10.0.0.0, Culture=neutral, PublicKeyToken=cc7b13ffcd2ddd51'. Using the type defined in '/Users/vm/repos/rehost-webforms/src/Rehost.WebForms.Runtime/../System.Web.ReferenceSource/httpserverutility.cs'.
warning	CS0436	src/System.Web.ReferenceSource/UI/WebControls/LinkButton.cs	351	37	UI	warning	The type 'HttpUtility' in '/Users/vm/repos/rehost-webforms/src/Rehost.WebForms.Runtime/../System.Web.ReferenceSource/httpserverutility.cs' conflicts with the imported type 'HttpUtility' in 'System.Web.HttpUtility, Version=10.0.0.0, Culture=neutral, PublicKeyToken=cc7b13ffcd2ddd51'. Using the type defined in '/Users/vm/repos/rehost-webforms/src/Rehost.WebForms.Runtime/../System.Web.ReferenceSource/httpserverutility.cs'.
warning	CS0436	src/System.Web.ReferenceSource/UI/WebControls/ListControl.cs	809	21	UI	warning	The type 'HttpUtility' in '/Users/vm/repos/rehost-webforms/src/Rehost.WebForms.Runtime/../System.Web.ReferenceSource/httpserverutility.cs' conflicts with the imported type 'HttpUtility' in 'System.Web.HttpUtility, Version=10.0.0.0, Culture=neutral, PublicKeyToken=cc7b13ffcd2ddd51'. Using the type defined in '/Users/vm/repos/rehost-webforms/src/Rehost.WebForms.Runtime/../System.Web.ReferenceSource/httpserverutility.cs'.
warning	CS0436	src/System.Web.ReferenceSource/UI/WebControls/Literal.cs	141	17	UI	warning	The type 'HttpUtility' in '/Users/vm/repos/rehost-webforms/src/Rehost.WebForms.Runtime/../System.Web.ReferenceSource/httpserverutility.cs' conflicts with the imported type 'HttpUtility' in 'System.Web.HttpUtility, Version=10.0.0.0, Culture=neutral, PublicKeyToken=cc7b13ffcd2ddd51'. Using the type defined in '/Users/vm/repos/rehost-webforms/src/Rehost.WebForms.Runtime/../System.Web.ReferenceSource/httpserverutility.cs'.
warning	CS0436	src/System.Web.ReferenceSource/UI/WebControls/LoginName.cs	94	28	UI	warning	The type 'HttpUtility' in '/Users/vm/repos/rehost-webforms/src/Rehost.WebForms.Runtime/../System.Web.ReferenceSource/httpserverutility.cs' conflicts with the imported type 'HttpUtility' in 'System.Web.HttpUtility, Version=10.0.0.0, Culture=neutral, PublicKeyToken=cc7b13ffcd2ddd51'. Using the type defined in '/Users/vm/repos/rehost-webforms/src/Rehost.WebForms.Runtime/../System.Web.ReferenceSource/httpserverutility.cs'.
warning	CS0436	src/System.Web.ReferenceSource/UI/WebControls/LoginUtil.cs	80	28	UI	warning	The type 'HttpUtility' in '/Users/vm/repos/rehost-webforms/src/Rehost.WebForms.Runtime/../System.Web.ReferenceSource/httpserverutility.cs' conflicts with the imported type 'HttpUtility' in 'System.Web.HttpUtility, Version=10.0.0.0, Culture=neutral, PublicKeyToken=cc7b13ffcd2ddd51'. Using the type defined in '/Users/vm/repos/rehost-webforms/src/Rehost.WebForms.Runtime/../System.Web.ReferenceSource/httpserverutility.cs'.
warning	CS0436	src/System.Web.ReferenceSource/UI/WebControls/LoginUtil.cs	81	28	UI	warning	The type 'HttpUtility' in '/Users/vm/repos/rehost-webforms/src/Rehost.WebForms.Runtime/../System.Web.ReferenceSource/httpserverutility.cs' conflicts with the imported type 'HttpUtility' in 'System.Web.HttpUtility, Version=10.0.0.0, Culture=neutral, PublicKeyToken=cc7b13ffcd2ddd51'. Using the type defined in '/Users/vm/repos/rehost-webforms/src/Rehost.WebForms.Runtime/../System.Web.ReferenceSource/httpserverutility.cs'.
warning	SYSLIB0003	src/System.Web.ReferenceSource/UI/WebControls/LoginView.cs	343	10	UI	warning	'SecurityPermissionAttribute' is obsolete: 'Code Access Security is not supported or honored by the runtime.' (https://aka.ms/dotnet-warnings/SYSLIB0003)
warning	SYSLIB0003	src/System.Web.ReferenceSource/UI/WebControls/LoginView.cs	343	29	UI	warning	'SecurityAction' is obsolete: 'Code Access Security is not supported or honored by the runtime.' (https://aka.ms/dotnet-warnings/SYSLIB0003)
warning	SYSLIB0003	src/System.Web.ReferenceSource/UI/WebControls/Menu.cs	1836	10	UI	warning	'SecurityPermissionAttribute' is obsolete: 'Code Access Security is not supported or honored by the runtime.' (https://aka.ms/dotnet-warnings/SYSLIB0003)
warning	SYSLIB0003	src/System.Web.ReferenceSource/UI/WebControls/Menu.cs	1836	29	UI	warning	'SecurityAction' is obsolete: 'Code Access Security is not supported or honored by the runtime.' (https://aka.ms/dotnet-warnings/SYSLIB0003)
warning	SYSLIB0003	src/System.Web.ReferenceSource/UI/WebControls/Menu.cs	2439	10	UI	warning	'SecurityPermissionAttribute' is obsolete: 'Code Access Security is not supported or honored by the runtime.' (https://aka.ms/dotnet-warnings/SYSLIB0003)
warning	SYSLIB0003	src/System.Web.ReferenceSource/UI/WebControls/Menu.cs	2439	29	UI	warning	'SecurityAction' is obsolete: 'Code Access Security is not supported or honored by the runtime.' (https://aka.ms/dotnet-warnings/SYSLIB0003)
warning	CS0436	src/System.Web.ReferenceSource/UI/WebControls/Menu.cs	2585	31	UI	warning	The type 'HttpUtility' in '/Users/vm/repos/rehost-webforms/src/Rehost.WebForms.Runtime/../System.Web.ReferenceSource/httpserverutility.cs' conflicts with the imported type 'HttpUtility' in 'System.Web.HttpUtility, Version=10.0.0.0, Culture=neutral, PublicKeyToken=cc7b13ffcd2ddd51'. Using the type defined in '/Users/vm/repos/rehost-webforms/src/Rehost.WebForms.Runtime/../System.Web.ReferenceSource/httpserverutility.cs'.
warning	SYSLIB0050	src/System.Web.ReferenceSource/UI/WebControls/ModelDataSourceView.cs	1027	109	UI	warning	'Type.IsSerializable' is obsolete: 'Formatter-based serialization is obsolete and should not be used.' (https://aka.ms/dotnet-warnings/SYSLIB0050)
warning	CS0436	src/System.Web.ReferenceSource/UI/WebControls/ModelErrorMessage.cs	92	28	UI	warning	The type 'HttpUtility' in '/Users/vm/repos/rehost-webforms/src/Rehost.WebForms.Runtime/../System.Web.ReferenceSource/httpserverutility.cs' conflicts with the imported type 'HttpUtility' in 'System.Web.HttpUtility, Version=10.0.0.0, Culture=neutral, PublicKeyToken=cc7b13ffcd2ddd51'. Using the type defined in '/Users/vm/repos/rehost-webforms/src/Rehost.WebForms.Runtime/../System.Web.ReferenceSource/httpserverutility.cs'.
warning	SYSLIB0003	src/System.Web.ReferenceSource/UI/WebControls/PasswordRecovery.cs	1685	10	UI	warning	'SecurityPermissionAttribute' is obsolete: 'Code Access Security is not supported or honored by the runtime.' (https://aka.ms/dotnet-warnings/SYSLIB0003)
warning	SYSLIB0003	src/System.Web.ReferenceSource/UI/WebControls/PasswordRecovery.cs	1685	29	UI	warning	'SecurityAction' is obsolete: 'Code Access Security is not supported or honored by the runtime.' (https://aka.ms/dotnet-warnings/SYSLIB0003)
warning	CS0436	src/System.Web.ReferenceSource/UI/WebControls/PasswordRecovery.cs	1748	33	UI	warning	The type 'HttpUtility' in '/Users/vm/repos/rehost-webforms/src/Rehost.WebForms.Runtime/../System.Web.ReferenceSource/httpserverutility.cs' conflicts with the imported type 'HttpUtility' in 'System.Web.HttpUtility, Version=10.0.0.0, Culture=neutral, PublicKeyToken=cc7b13ffcd2ddd51'. Using the type defined in '/Users/vm/repos/rehost-webforms/src/Rehost.WebForms.Runtime/../System.Web.ReferenceSource/httpserverutility.cs'.
warning	CS0436	src/System.Web.ReferenceSource/UI/WebControls/PasswordRecovery.cs	1754	33	UI	warning	The type 'HttpUtility' in '/Users/vm/repos/rehost-webforms/src/Rehost.WebForms.Runtime/../System.Web.ReferenceSource/httpserverutility.cs' conflicts with the imported type 'HttpUtility' in 'System.Web.HttpUtility, Version=10.0.0.0, Culture=neutral, PublicKeyToken=cc7b13ffcd2ddd51'. Using the type defined in '/Users/vm/repos/rehost-webforms/src/Rehost.WebForms.Runtime/../System.Web.ReferenceSource/httpserverutility.cs'.
warning	CS0436	src/System.Web.ReferenceSource/UI/WebControls/SiteMapPath.cs	595	61	UI	warning	The type 'HttpUtility' in '/Users/vm/repos/rehost-webforms/src/Rehost.WebForms.Runtime/../System.Web.ReferenceSource/httpserverutility.cs' conflicts with the imported type 'HttpUtility' in 'System.Web.HttpUtility, Version=10.0.0.0, Culture=neutral, PublicKeyToken=cc7b13ffcd2ddd51'. Using the type defined in '/Users/vm/repos/rehost-webforms/src/Rehost.WebForms.Runtime/../System.Web.ReferenceSource/httpserverutility.cs'.
warning	CS0436	src/System.Web.ReferenceSource/UI/WebControls/SiteMapPath.cs	599	84	UI	warning	The type 'HttpUtility' in '/Users/vm/repos/rehost-webforms/src/Rehost.WebForms.Runtime/../System.Web.ReferenceSource/httpserverutility.cs' conflicts with the imported type 'HttpUtility' in 'System.Web.HttpUtility, Version=10.0.0.0, Culture=neutral, PublicKeyToken=cc7b13ffcd2ddd51'. Using the type defined in '/Users/vm/repos/rehost-webforms/src/Rehost.WebForms.Runtime/../System.Web.ReferenceSource/httpserverutility.cs'.
warning	CS0436	src/System.Web.ReferenceSource/UI/WebControls/SiteMapPath.cs	601	33	UI	warning	The type 'HttpUtility' in '/Users/vm/repos/rehost-webforms/src/Rehost.WebForms.Runtime/../System.Web.ReferenceSource/httpserverutility.cs' conflicts with the imported type 'HttpUtility' in 'System.Web.HttpUtility, Version=10.0.0.0, Culture=neutral, PublicKeyToken=cc7b13ffcd2ddd51'. Using the type defined in '/Users/vm/repos/rehost-webforms/src/Rehost.WebForms.Runtime/../System.Web.ReferenceSource/httpserverutility.cs'.
warning	CS0618	src/System.Web.ReferenceSource/UI/WebControls/SqlDataSource.cs	930	24	UI	warning	'SqlClientFactory' is obsolete: 'Use the Microsoft.Data.SqlClient package instead.'
warning	CS0618	src/System.Web.ReferenceSource/UI/WebControls/SqlDataSourceView.cs	679	13	UI	warning	'SqlException' is obsolete: 'Use the Microsoft.Data.SqlClient package instead.'
warning	CS0618	src/System.Web.ReferenceSource/UI/WebControls/SqlDataSourceView.cs	679	69	UI	warning	'SqlException' is obsolete: 'Use the Microsoft.Data.SqlClient package instead.'
warning	CS0618	src/System.Web.ReferenceSource/UI/WebControls/SqlDataSourceView.cs	1016	46	UI	warning	'SqlCommand' is obsolete: 'Use the Microsoft.Data.SqlClient package instead.'
warning	CS0618	src/System.Web.ReferenceSource/UI/WebControls/SqlDataSourceView.cs	1019	71	UI	warning	'SqlCommand' is obsolete: 'Use the Microsoft.Data.SqlClient package instead.'
warning	CS0618	src/System.Web.ReferenceSource/UI/WebControls/SqlDataSourceView.cs	1213	25	UI	warning	'SqlParameter' is obsolete: 'Use the Microsoft.Data.SqlClient package instead.'
warning	CS0618	src/System.Web.ReferenceSource/UI/WebControls/SqlDataSourceView.cs	1213	68	UI	warning	'SqlParameter' is obsolete: 'Use the Microsoft.Data.SqlClient package instead.'
warning	SYSLIB0003	src/System.Web.ReferenceSource/UI/WebControls/Substitution.cs	74	10	UI	warning	'ReflectionPermissionAttribute' is obsolete: 'Code Access Security is not supported or honored by the runtime.' (https://aka.ms/dotnet-warnings/SYSLIB0003)
warning	SYSLIB0003	src/System.Web.ReferenceSource/UI/WebControls/Substitution.cs	74	31	UI	warning	'SecurityAction' is obsolete: 'Code Access Security is not supported or honored by the runtime.' (https://aka.ms/dotnet-warnings/SYSLIB0003)
warning	SYSLIB0003	src/System.Web.ReferenceSource/UI/WebControls/Substitution.cs	74	60	UI	warning	'ReflectionPermissionFlag' is obsolete: 'Code Access Security is not supported or honored by the runtime.' (https://aka.ms/dotnet-warnings/SYSLIB0003)
warning	CS0436	src/System.Web.ReferenceSource/UI/WebControls/TextBox.cs	712	21	UI	warning	The type 'HttpUtility' in '/Users/vm/repos/rehost-webforms/src/Rehost.WebForms.Runtime/../System.Web.ReferenceSource/httpserverutility.cs' conflicts with the imported type 'HttpUtility' in 'System.Web.HttpUtility, Version=10.0.0.0, Culture=neutral, PublicKeyToken=cc7b13ffcd2ddd51'. Using the type defined in '/Users/vm/repos/rehost-webforms/src/Rehost.WebForms.Runtime/../System.Web.ReferenceSource/httpserverutility.cs'.
warning	CS0436	src/System.Web.ReferenceSource/UI/WebControls/TextBox.cs	715	21	UI	warning	The type 'HttpUtility' in '/Users/vm/repos/rehost-webforms/src/Rehost.WebForms.Runtime/../System.Web.ReferenceSource/httpserverutility.cs' conflicts with the imported type 'HttpUtility' in 'System.Web.HttpUtility, Version=10.0.0.0, Culture=neutral, PublicKeyToken=cc7b13ffcd2ddd51'. Using the type defined in '/Users/vm/repos/rehost-webforms/src/Rehost.WebForms.Runtime/../System.Web.ReferenceSource/httpserverutility.cs'.
warning	CS0436	src/System.Web.ReferenceSource/UI/WebControls/TreeView.cs	3150	35	UI	warning	The type 'HttpUtility' in '/Users/vm/repos/rehost-webforms/src/Rehost.WebForms.Runtime/../System.Web.ReferenceSource/httpserverutility.cs' conflicts with the imported type 'HttpUtility' in 'System.Web.HttpUtility, Version=10.0.0.0, Culture=neutral, PublicKeyToken=cc7b13ffcd2ddd51'. Using the type defined in '/Users/vm/repos/rehost-webforms/src/Rehost.WebForms.Runtime/../System.Web.ReferenceSource/httpserverutility.cs'.
warning	CS0618	src/System.Web.ReferenceSource/UI/WebControls/ValidationSummary.cs	275	51	UI	warning	'string.Copy(string)' is obsolete: 'This API should not be used to create mutable strings. See https://go.microsoft.com/fwlink/?linkid=2084035 for alternatives.'
warning	SYSLIB0003	src/System.Web.ReferenceSource/UI/WebControls/Wizard.cs	1492	10	UI	warning	'SecurityPermissionAttribute' is obsolete: 'Code Access Security is not supported or honored by the runtime.' (https://aka.ms/dotnet-warnings/SYSLIB0003)
warning	SYSLIB0003	src/System.Web.ReferenceSource/UI/WebControls/Wizard.cs	1492	29	UI	warning	'SecurityAction' is obsolete: 'Code Access Security is not supported or honored by the runtime.' (https://aka.ms/dotnet-warnings/SYSLIB0003)
warning	SYSLIB0003	src/System.Web.ReferenceSource/UI/WebControls/login.cs	1679	10	UI	warning	'SecurityPermissionAttribute' is obsolete: 'Code Access Security is not supported or honored by the runtime.' (https://aka.ms/dotnet-warnings/SYSLIB0003)
warning	SYSLIB0003	src/System.Web.ReferenceSource/UI/WebControls/login.cs	1679	29	UI	warning	'SecurityAction' is obsolete: 'Code Access Security is not supported or honored by the runtime.' (https://aka.ms/dotnet-warnings/SYSLIB0003)
warning	SYSLIB0003	src/System.Web.ReferenceSource/UI/WebControls/loginstatus.cs	437	10	UI	warning	'SecurityPermissionAttribute' is obsolete: 'Code Access Security is not supported or honored by the runtime.' (https://aka.ms/dotnet-warnings/SYSLIB0003)
warning	SYSLIB0003	src/System.Web.ReferenceSource/UI/WebControls/loginstatus.cs	437	29	UI	warning	'SecurityAction' is obsolete: 'Code Access Security is not supported or honored by the runtime.' (https://aka.ms/dotnet-warnings/SYSLIB0003)
warning	SYSLIB0003	src/System.Web.ReferenceSource/UI/WebControls/xml.cs	121	10	UI	warning	'PermissionSetAttribute' is obsolete: 'Code Access Security is not supported or honored by the runtime.' (https://aka.ms/dotnet-warnings/SYSLIB0003)
warning	SYSLIB0003	src/System.Web.ReferenceSource/UI/WebControls/xml.cs	121	24	UI	warning	'SecurityAction' is obsolete: 'Code Access Security is not supported or honored by the runtime.' (https://aka.ms/dotnet-warnings/SYSLIB0003)
warning	SYSLIB0003	src/System.Web.ReferenceSource/UI/WebControls/xml.cs	377	10	UI	warning	'SecurityPermissionAttribute' is obsolete: 'Code Access Security is not supported or honored by the runtime.' (https://aka.ms/dotnet-warnings/SYSLIB0003)
warning	SYSLIB0003	src/System.Web.ReferenceSource/UI/WebControls/xml.cs	377	29	UI	warning	'SecurityAction' is obsolete: 'Code Access Security is not supported or honored by the runtime.' (https://aka.ms/dotnet-warnings/SYSLIB0003)
warning	SYSLIB0003	src/System.Web.ReferenceSource/UI/WebParts/CatalogPart.cs	58	10	UI	warning	'SecurityPermissionAttribute' is obsolete: 'Code Access Security is not supported or honored by the runtime.' (https://aka.ms/dotnet-warnings/SYSLIB0003)
warning	SYSLIB0003	src/System.Web.ReferenceSource/UI/WebParts/CatalogPart.cs	58	29	UI	warning	'SecurityAction' is obsolete: 'Code Access Security is not supported or honored by the runtime.' (https://aka.ms/dotnet-warnings/SYSLIB0003)
warning	SYSLIB0003	src/System.Web.ReferenceSource/UI/WebParts/CatalogPart.cs	75	10	UI	warning	'SecurityPermissionAttribute' is obsolete: 'Code Access Security is not supported or honored by the runtime.' (https://aka.ms/dotnet-warnings/SYSLIB0003)
warning	SYSLIB0003	src/System.Web.ReferenceSource/UI/WebParts/CatalogPart.cs	75	29	UI	warning	'SecurityAction' is obsolete: 'Code Access Security is not supported or honored by the runtime.' (https://aka.ms/dotnet-warnings/SYSLIB0003)
warning	SYSLIB0003	src/System.Web.ReferenceSource/UI/WebParts/EditorPart.cs	120	10	UI	warning	'SecurityPermissionAttribute' is obsolete: 'Code Access Security is not supported or honored by the runtime.' (https://aka.ms/dotnet-warnings/SYSLIB0003)
warning	SYSLIB0003	src/System.Web.ReferenceSource/UI/WebParts/EditorPart.cs	120	29	UI	warning	'SecurityAction' is obsolete: 'Code Access Security is not supported or honored by the runtime.' (https://aka.ms/dotnet-warnings/SYSLIB0003)
warning	SYSLIB0003	src/System.Web.ReferenceSource/UI/WebParts/EditorPart.cs	226	10	UI	warning	'SecurityPermissionAttribute' is obsolete: 'Code Access Security is not supported or honored by the runtime.' (https://aka.ms/dotnet-warnings/SYSLIB0003)
warning	SYSLIB0003	src/System.Web.ReferenceSource/UI/WebParts/EditorPart.cs	226	29	UI	warning	'SecurityAction' is obsolete: 'Code Access Security is not supported or honored by the runtime.' (https://aka.ms/dotnet-warnings/SYSLIB0003)
warning	SYSLIB0003	src/System.Web.ReferenceSource/UI/WebParts/ImportCatalogPart.cs	173	13	UI	warning	'PermissionSet' is obsolete: 'Code Access Security is not supported or honored by the runtime.' (https://aka.ms/dotnet-warnings/SYSLIB0003)
warning	SYSLIB0003	src/System.Web.ReferenceSource/UI/WebParts/ImportCatalogPart.cs	173	38	UI	warning	'PermissionSet' is obsolete: 'Code Access Security is not supported or honored by the runtime.' (https://aka.ms/dotnet-warnings/SYSLIB0003)
warning	SYSLIB0003	src/System.Web.ReferenceSource/UI/WebParts/ImportCatalogPart.cs	173	52	UI	warning	'PermissionState' is obsolete: 'Code Access Security is not supported or honored by the runtime.' (https://aka.ms/dotnet-warnings/SYSLIB0003)
warning	SYSLIB0003	src/System.Web.ReferenceSource/UI/WebParts/ImportCatalogPart.cs	175	36	UI	warning	'SecurityPermission' is obsolete: 'Code Access Security is not supported or honored by the runtime.' (https://aka.ms/dotnet-warnings/SYSLIB0003)
warning	SYSLIB0003	src/System.Web.ReferenceSource/UI/WebParts/ImportCatalogPart.cs	175	55	UI	warning	'SecurityPermissionFlag' is obsolete: 'Code Access Security is not supported or honored by the runtime.' (https://aka.ms/dotnet-warnings/SYSLIB0003)
warning	SYSLIB0003	src/System.Web.ReferenceSource/UI/WebParts/ImportCatalogPart.cs	176	36	UI	warning	'AspNetHostingPermission' is obsolete: 'Code Access Security is not supported or honored by the runtime.' (https://aka.ms/dotnet-warnings/SYSLIB0003)
warning	SYSLIB0003	src/System.Web.ReferenceSource/UI/WebParts/ImportCatalogPart.cs	218	37	UI	warning	'PermissionSet' is obsolete: 'Code Access Security is not supported or honored by the runtime.' (https://aka.ms/dotnet-warnings/SYSLIB0003)
warning	SYSLIB0003	src/System.Web.ReferenceSource/UI/WebParts/ImportCatalogPart.cs	218	68	UI	warning	'PermissionSet' is obsolete: 'Code Access Security is not supported or honored by the runtime.' (https://aka.ms/dotnet-warnings/SYSLIB0003)
warning	SYSLIB0003	src/System.Web.ReferenceSource/UI/WebParts/ImportCatalogPart.cs	218	82	UI	warning	'PermissionState' is obsolete: 'Code Access Security is not supported or honored by the runtime.' (https://aka.ms/dotnet-warnings/SYSLIB0003)
warning	SYSLIB0003	src/System.Web.ReferenceSource/UI/WebParts/ImportCatalogPart.cs	219	66	UI	warning	'SecurityPermission' is obsolete: 'Code Access Security is not supported or honored by the runtime.' (https://aka.ms/dotnet-warnings/SYSLIB0003)
warning	SYSLIB0003	src/System.Web.ReferenceSource/UI/WebParts/ImportCatalogPart.cs	219	85	UI	warning	'SecurityPermissionFlag' is obsolete: 'Code Access Security is not supported or honored by the runtime.' (https://aka.ms/dotnet-warnings/SYSLIB0003)
warning	SYSLIB0003	src/System.Web.ReferenceSource/UI/WebParts/ImportCatalogPart.cs	220	66	UI	warning	'AspNetHostingPermission' is obsolete: 'Code Access Security is not supported or honored by the runtime.' (https://aka.ms/dotnet-warnings/SYSLIB0003)
warning	SYSLIB0003	src/System.Web.ReferenceSource/UI/WebParts/ImportCatalogPart.cs	222	37	UI	warning	'CodeAccessPermission' is obsolete: 'Code Access Security is not supported or honored by the runtime.' (https://aka.ms/dotnet-warnings/SYSLIB0003)
warning	SYSLIB0003	src/System.Web.ReferenceSource/UI/WebParts/ImportCatalogPart.cs	229	37	UI	warning	'CodeAccessPermission' is obsolete: 'Code Access Security is not supported or honored by the runtime.' (https://aka.ms/dotnet-warnings/SYSLIB0003)
warning	SYSLIB0003	src/System.Web.ReferenceSource/UI/WebParts/ImportCatalogPart.cs	306	25	UI	warning	'CodeAccessPermission' is obsolete: 'Code Access Security is not supported or honored by the runtime.' (https://aka.ms/dotnet-warnings/SYSLIB0003)
warning	CS0436	src/System.Web.ReferenceSource/UI/WebParts/RowToParametersTransformer.cs	259	38	UI	warning	The type 'HttpUtility' in '/Users/vm/repos/rehost-webforms/src/Rehost.WebForms.Runtime/../System.Web.ReferenceSource/httpserverutility.cs' conflicts with the imported type 'HttpUtility' in 'System.Web.HttpUtility, Version=10.0.0.0, Culture=neutral, PublicKeyToken=cc7b13ffcd2ddd51'. Using the type defined in '/Users/vm/repos/rehost-webforms/src/Rehost.WebForms.Runtime/../System.Web.ReferenceSource/httpserverutility.cs'.
warning	CS0618	src/System.Web.ReferenceSource/UI/WebParts/SqlPersonalizationProvider.cs	63	17	UI	warning	'SqlParameter' is obsolete: 'Use the Microsoft.Data.SqlClient package instead.'
warning	CS0618	src/System.Web.ReferenceSource/UI/WebParts/SqlPersonalizationProvider.cs	64	13	UI	warning	'SqlParameter' is obsolete: 'Use the Microsoft.Data.SqlClient package instead.'
warning	CS0618	src/System.Web.ReferenceSource/UI/WebParts/SqlPersonalizationProvider.cs	64	38	UI	warning	'SqlParameter' is obsolete: 'Use the Microsoft.Data.SqlClient package instead.'
warning	CS0618	src/System.Web.ReferenceSource/UI/WebParts/SqlPersonalizationProvider.cs	75	13	UI	warning	'SqlConnection' is obsolete: 'Use the Microsoft.Data.SqlClient package instead.'
warning	CS0618	src/System.Web.ReferenceSource/UI/WebParts/SqlPersonalizationProvider.cs	76	13	UI	warning	'SqlDataReader' is obsolete: 'Use the Microsoft.Data.SqlClient package instead.'
warning	CS0618	src/System.Web.ReferenceSource/UI/WebParts/SqlPersonalizationProvider.cs	88	21	UI	warning	'SqlCommand' is obsolete: 'Use the Microsoft.Data.SqlClient package instead.'
warning	CS0618	src/System.Web.ReferenceSource/UI/WebParts/SqlPersonalizationProvider.cs	88	46	UI	warning	'SqlCommand' is obsolete: 'Use the Microsoft.Data.SqlClient package instead.'
warning	CS0618	src/System.Web.ReferenceSource/UI/WebParts/SqlPersonalizationProvider.cs	90	21	UI	warning	'SqlParameterCollection' is obsolete: 'Use the Microsoft.Data.SqlClient package instead.'
warning	CS0618	src/System.Web.ReferenceSource/UI/WebParts/SqlPersonalizationProvider.cs	92	21	UI	warning	'SqlParameter' is obsolete: 'Use the Microsoft.Data.SqlClient package instead.'
warning	CS0618	src/System.Web.ReferenceSource/UI/WebParts/SqlPersonalizationProvider.cs	92	65	UI	warning	'SqlParameter' is obsolete: 'Use the Microsoft.Data.SqlClient package instead.'
warning	CS0618	src/System.Web.ReferenceSource/UI/WebParts/SqlPersonalizationProvider.cs	99	21	UI	warning	'SqlParameter' is obsolete: 'Use the Microsoft.Data.SqlClient package instead.'
warning	CS0618	src/System.Web.ReferenceSource/UI/WebParts/SqlPersonalizationProvider.cs	99	52	UI	warning	'SqlParameter' is obsolete: 'Use the Microsoft.Data.SqlClient package instead.'
warning	CS0618	src/System.Web.ReferenceSource/UI/WebParts/SqlPersonalizationProvider.cs	195	13	UI	warning	'SqlConnection' is obsolete: 'Use the Microsoft.Data.SqlClient package instead.'
warning	CS0618	src/System.Web.ReferenceSource/UI/WebParts/SqlPersonalizationProvider.cs	196	13	UI	warning	'SqlDataReader' is obsolete: 'Use the Microsoft.Data.SqlClient package instead.'
warning	CS0618	src/System.Web.ReferenceSource/UI/WebParts/SqlPersonalizationProvider.cs	208	21	UI	warning	'SqlCommand' is obsolete: 'Use the Microsoft.Data.SqlClient package instead.'
warning	CS0618	src/System.Web.ReferenceSource/UI/WebParts/SqlPersonalizationProvider.cs	208	46	UI	warning	'SqlCommand' is obsolete: 'Use the Microsoft.Data.SqlClient package instead.'
warning	CS0618	src/System.Web.ReferenceSource/UI/WebParts/SqlPersonalizationProvider.cs	210	21	UI	warning	'SqlParameterCollection' is obsolete: 'Use the Microsoft.Data.SqlClient package instead.'
warning	CS0618	src/System.Web.ReferenceSource/UI/WebParts/SqlPersonalizationProvider.cs	212	21	UI	warning	'SqlParameter' is obsolete: 'Use the Microsoft.Data.SqlClient package instead.'
warning	CS0618	src/System.Web.ReferenceSource/UI/WebParts/SqlPersonalizationProvider.cs	212	65	UI	warning	'SqlParameter' is obsolete: 'Use the Microsoft.Data.SqlClient package instead.'
warning	CS0618	src/System.Web.ReferenceSource/UI/WebParts/SqlPersonalizationProvider.cs	219	21	UI	warning	'SqlParameter' is obsolete: 'Use the Microsoft.Data.SqlClient package instead.'
warning	CS0618	src/System.Web.ReferenceSource/UI/WebParts/SqlPersonalizationProvider.cs	219	52	UI	warning	'SqlParameter' is obsolete: 'Use the Microsoft.Data.SqlClient package instead.'
warning	CS0618	src/System.Web.ReferenceSource/UI/WebParts/SqlPersonalizationProvider.cs	287	13	UI	warning	'SqlConnection' is obsolete: 'Use the Microsoft.Data.SqlClient package instead.'
warning	CS0618	src/System.Web.ReferenceSource/UI/WebParts/SqlPersonalizationProvider.cs	302	13	UI	warning	'SqlConnection' is obsolete: 'Use the Microsoft.Data.SqlClient package instead.'
warning	CS0618	src/System.Web.ReferenceSource/UI/WebParts/SqlPersonalizationProvider.cs	314	21	UI	warning	'SqlCommand' is obsolete: 'Use the Microsoft.Data.SqlClient package instead.'
warning	CS0618	src/System.Web.ReferenceSource/UI/WebParts/SqlPersonalizationProvider.cs	314	46	UI	warning	'SqlCommand' is obsolete: 'Use the Microsoft.Data.SqlClient package instead.'
warning	CS0618	src/System.Web.ReferenceSource/UI/WebParts/SqlPersonalizationProvider.cs	316	21	UI	warning	'SqlParameterCollection' is obsolete: 'Use the Microsoft.Data.SqlClient package instead.'
warning	CS0618	src/System.Web.ReferenceSource/UI/WebParts/SqlPersonalizationProvider.cs	318	21	UI	warning	'SqlParameter' is obsolete: 'Use the Microsoft.Data.SqlClient package instead.'
warning	CS0618	src/System.Web.ReferenceSource/UI/WebParts/SqlPersonalizationProvider.cs	318	65	UI	warning	'SqlParameter' is obsolete: 'Use the Microsoft.Data.SqlClient package instead.'
warning	CS0618	src/System.Web.ReferenceSource/UI/WebParts/SqlPersonalizationProvider.cs	321	52	UI	warning	'SqlParameter' is obsolete: 'Use the Microsoft.Data.SqlClient package instead.'
warning	CS0618	src/System.Web.ReferenceSource/UI/WebParts/SqlPersonalizationProvider.cs	378	13	UI	warning	'SqlConnection' is obsolete: 'Use the Microsoft.Data.SqlClient package instead.'
warning	CS0618	src/System.Web.ReferenceSource/UI/WebParts/SqlPersonalizationProvider.cs	390	21	UI	warning	'SqlCommand' is obsolete: 'Use the Microsoft.Data.SqlClient package instead.'
warning	CS0618	src/System.Web.ReferenceSource/UI/WebParts/SqlPersonalizationProvider.cs	390	46	UI	warning	'SqlCommand' is obsolete: 'Use the Microsoft.Data.SqlClient package instead.'
warning	CS0618	src/System.Web.ReferenceSource/UI/WebParts/SqlPersonalizationProvider.cs	392	21	UI	warning	'SqlParameterCollection' is obsolete: 'Use the Microsoft.Data.SqlClient package instead.'
warning	CS0618	src/System.Web.ReferenceSource/UI/WebParts/SqlPersonalizationProvider.cs	394	21	UI	warning	'SqlParameter' is obsolete: 'Use the Microsoft.Data.SqlClient package instead.'
warning	CS0618	src/System.Web.ReferenceSource/UI/WebParts/SqlPersonalizationProvider.cs	394	65	UI	warning	'SqlParameter' is obsolete: 'Use the Microsoft.Data.SqlClient package instead.'
warning	CS0618	src/System.Web.ReferenceSource/UI/WebParts/SqlPersonalizationProvider.cs	397	52	UI	warning	'SqlParameter' is obsolete: 'Use the Microsoft.Data.SqlClient package instead.'
warning	CS0618	src/System.Web.ReferenceSource/UI/WebParts/SqlPersonalizationProvider.cs	489	42	UI	warning	'SqlConnection' is obsolete: 'Use the Microsoft.Data.SqlClient package instead.'
warning	CS0618	src/System.Web.ReferenceSource/UI/WebParts/SqlPersonalizationProvider.cs	503	48	UI	warning	'SqlConnection' is obsolete: 'Use the Microsoft.Data.SqlClient package instead.'
warning	CS0618	src/System.Web.ReferenceSource/UI/WebParts/SqlPersonalizationProvider.cs	507	13	UI	warning	'SqlCommand' is obsolete: 'Use the Microsoft.Data.SqlClient package instead.'
warning	CS0618	src/System.Web.ReferenceSource/UI/WebParts/SqlPersonalizationProvider.cs	510	31	UI	warning	'SqlCommand' is obsolete: 'Use the Microsoft.Data.SqlClient package instead.'
warning	CS0618	src/System.Web.ReferenceSource/UI/WebParts/SqlPersonalizationProvider.cs	513	31	UI	warning	'SqlCommand' is obsolete: 'Use the Microsoft.Data.SqlClient package instead.'
warning	CS0618	src/System.Web.ReferenceSource/UI/WebParts/SqlPersonalizationProvider.cs	524	13	UI	warning	'SqlDataReader' is obsolete: 'Use the Microsoft.Data.SqlClient package instead.'
warning	CS0618	src/System.Web.ReferenceSource/UI/WebParts/SqlPersonalizationProvider.cs	550	13	UI	warning	'SqlConnection' is obsolete: 'Use the Microsoft.Data.SqlClient package instead.'
warning	CS0618	src/System.Web.ReferenceSource/UI/WebParts/SqlPersonalizationProvider.cs	579	48	UI	warning	'SqlConnection' is obsolete: 'Use the Microsoft.Data.SqlClient package instead.'
warning	CS0618	src/System.Web.ReferenceSource/UI/WebParts/SqlPersonalizationProvider.cs	583	13	UI	warning	'SqlCommand' is obsolete: 'Use the Microsoft.Data.SqlClient package instead.'
warning	CS0618	src/System.Web.ReferenceSource/UI/WebParts/SqlPersonalizationProvider.cs	586	31	UI	warning	'SqlCommand' is obsolete: 'Use the Microsoft.Data.SqlClient package instead.'
warning	CS0618	src/System.Web.ReferenceSource/UI/WebParts/SqlPersonalizationProvider.cs	589	31	UI	warning	'SqlCommand' is obsolete: 'Use the Microsoft.Data.SqlClient package instead.'
warning	CS0618	src/System.Web.ReferenceSource/UI/WebParts/SqlPersonalizationProvider.cs	606	13	UI	warning	'SqlConnection' is obsolete: 'Use the Microsoft.Data.SqlClient package instead.'
warning	CS0618	src/System.Web.ReferenceSource/UI/WebParts/SqlPersonalizationProvider.cs	632	13	UI	warning	'SqlConnection' is obsolete: 'Use the Microsoft.Data.SqlClient package instead.'
warning	CS0618	src/System.Web.ReferenceSource/UI/WebParts/SqlPersonalizationProvider.cs	644	21	UI	warning	'SqlCommand' is obsolete: 'Use the Microsoft.Data.SqlClient package instead.'
warning	CS0618	src/System.Web.ReferenceSource/UI/WebParts/SqlPersonalizationProvider.cs	644	46	UI	warning	'SqlCommand' is obsolete: 'Use the Microsoft.Data.SqlClient package instead.'
warning	CS0618	src/System.Web.ReferenceSource/UI/WebParts/SqlPersonalizationProvider.cs	646	21	UI	warning	'SqlParameterCollection' is obsolete: 'Use the Microsoft.Data.SqlClient package instead.'
warning	CS0618	src/System.Web.ReferenceSource/UI/WebParts/SqlPersonalizationProvider.cs	648	21	UI	warning	'SqlParameter' is obsolete: 'Use the Microsoft.Data.SqlClient package instead.'
warning	CS0618	src/System.Web.ReferenceSource/UI/WebParts/SqlPersonalizationProvider.cs	648	65	UI	warning	'SqlParameter' is obsolete: 'Use the Microsoft.Data.SqlClient package instead.'
warning	CS0618	src/System.Web.ReferenceSource/UI/WebParts/SqlPersonalizationProvider.cs	653	52	UI	warning	'SqlParameter' is obsolete: 'Use the Microsoft.Data.SqlClient package instead.'
warning	CS0618	src/System.Web.ReferenceSource/UI/WebParts/SqlPersonalizationProvider.cs	684	17	UI	warning	'SqlConnection' is obsolete: 'Use the Microsoft.Data.SqlClient package instead.'
warning	CS0618	src/System.Web.ReferenceSource/UI/WebParts/SqlPersonalizationProvider.cs	696	25	UI	warning	'SqlCommand' is obsolete: 'Use the Microsoft.Data.SqlClient package instead.'
warning	CS0618	src/System.Web.ReferenceSource/UI/WebParts/SqlPersonalizationProvider.cs	696	50	UI	warning	'SqlCommand' is obsolete: 'Use the Microsoft.Data.SqlClient package instead.'
warning	CS0618	src/System.Web.ReferenceSource/UI/WebParts/SqlPersonalizationProvider.cs	698	25	UI	warning	'SqlParameterCollection' is obsolete: 'Use the Microsoft.Data.SqlClient package instead.'
warning	CS0618	src/System.Web.ReferenceSource/UI/WebParts/SqlPersonalizationProvider.cs	700	25	UI	warning	'SqlParameter' is obsolete: 'Use the Microsoft.Data.SqlClient package instead.'
warning	CS0618	src/System.Web.ReferenceSource/UI/WebParts/SqlPersonalizationProvider.cs	700	69	UI	warning	'SqlParameter' is obsolete: 'Use the Microsoft.Data.SqlClient package instead.'
warning	CS0618	src/System.Web.ReferenceSource/UI/WebParts/SqlPersonalizationProvider.cs	708	38	UI	warning	'SqlCommand' is obsolete: 'Use the Microsoft.Data.SqlClient package instead.'
warning	CS0618	src/System.Web.ReferenceSource/UI/WebParts/SqlPersonalizationProvider.cs	714	29	UI	warning	'SqlParameter' is obsolete: 'Use the Microsoft.Data.SqlClient package instead.'
warning	CS0618	src/System.Web.ReferenceSource/UI/WebParts/SqlPersonalizationProvider.cs	721	34	UI	warning	'SqlCommand' is obsolete: 'Use the Microsoft.Data.SqlClient package instead.'
warning	CS0618	src/System.Web.ReferenceSource/UI/WebParts/SqlPersonalizationProvider.cs	727	34	UI	warning	'SqlCommand' is obsolete: 'Use the Microsoft.Data.SqlClient package instead.'
warning	CS0618	src/System.Web.ReferenceSource/UI/WebParts/SqlPersonalizationProvider.cs	796	13	UI	warning	'SqlConnection' is obsolete: 'Use the Microsoft.Data.SqlClient package instead.'
warning	CS0618	src/System.Web.ReferenceSource/UI/WebParts/SqlPersonalizationProvider.cs	809	21	UI	warning	'SqlCommand' is obsolete: 'Use the Microsoft.Data.SqlClient package instead.'
warning	CS0618	src/System.Web.ReferenceSource/UI/WebParts/SqlPersonalizationProvider.cs	809	46	UI	warning	'SqlCommand' is obsolete: 'Use the Microsoft.Data.SqlClient package instead.'
warning	CS0618	src/System.Web.ReferenceSource/UI/WebParts/SqlPersonalizationProvider.cs	811	21	UI	warning	'SqlParameterCollection' is obsolete: 'Use the Microsoft.Data.SqlClient package instead.'
warning	CS0618	src/System.Web.ReferenceSource/UI/WebParts/SqlPersonalizationProvider.cs	813	21	UI	warning	'SqlParameter' is obsolete: 'Use the Microsoft.Data.SqlClient package instead.'
warning	CS0618	src/System.Web.ReferenceSource/UI/WebParts/SqlPersonalizationProvider.cs	813	65	UI	warning	'SqlParameter' is obsolete: 'Use the Microsoft.Data.SqlClient package instead.'
warning	CS0618	src/System.Web.ReferenceSource/UI/WebParts/SqlPersonalizationProvider.cs	833	25	UI	warning	'SqlParameter' is obsolete: 'Use the Microsoft.Data.SqlClient package instead.'
warning	CS0618	src/System.Web.ReferenceSource/UI/WebParts/SqlPersonalizationProvider.cs	843	38	UI	warning	'SqlCommand' is obsolete: 'Use the Microsoft.Data.SqlClient package instead.'
warning	CS0618	src/System.Web.ReferenceSource/UI/WebParts/SqlPersonalizationProvider.cs	849	29	UI	warning	'SqlParameter' is obsolete: 'Use the Microsoft.Data.SqlClient package instead.'
warning	CS0618	src/System.Web.ReferenceSource/UI/WebParts/SqlPersonalizationProvider.cs	864	38	UI	warning	'SqlCommand' is obsolete: 'Use the Microsoft.Data.SqlClient package instead.'
warning	CS0618	src/System.Web.ReferenceSource/UI/WebParts/SqlPersonalizationProvider.cs	870	29	UI	warning	'SqlParameter' is obsolete: 'Use the Microsoft.Data.SqlClient package instead.'
warning	CS0618	src/System.Web.ReferenceSource/UI/WebParts/SqlPersonalizationProvider.cs	878	30	UI	warning	'SqlCommand' is obsolete: 'Use the Microsoft.Data.SqlClient package instead.'
warning	CS0618	src/System.Web.ReferenceSource/UI/WebParts/SqlPersonalizationProvider.cs	884	30	UI	warning	'SqlCommand' is obsolete: 'Use the Microsoft.Data.SqlClient package instead.'
warning	CS0618	src/System.Web.ReferenceSource/UI/WebParts/SqlPersonalizationProvider.cs	905	47	UI	warning	'SqlConnection' is obsolete: 'Use the Microsoft.Data.SqlClient package instead.'
warning	CS0618	src/System.Web.ReferenceSource/UI/WebParts/SqlPersonalizationProvider.cs	909	13	UI	warning	'SqlCommand' is obsolete: 'Use the Microsoft.Data.SqlClient package instead.'
warning	CS0618	src/System.Web.ReferenceSource/UI/WebParts/SqlPersonalizationProvider.cs	912	31	UI	warning	'SqlCommand' is obsolete: 'Use the Microsoft.Data.SqlClient package instead.'
warning	CS0618	src/System.Web.ReferenceSource/UI/WebParts/SqlPersonalizationProvider.cs	915	31	UI	warning	'SqlCommand' is obsolete: 'Use the Microsoft.Data.SqlClient package instead.'
warning	CS0618	src/System.Web.ReferenceSource/UI/WebParts/SqlPersonalizationProvider.cs	933	13	UI	warning	'SqlConnection' is obsolete: 'Use the Microsoft.Data.SqlClient package instead.'
warning	CS0618	src/System.Web.ReferenceSource/UI/WebParts/SqlPersonalizationProvider.cs	944	25	UI	warning	'SqlException' is obsolete: 'Use the Microsoft.Data.SqlClient package instead.'
warning	CS0618	src/System.Web.ReferenceSource/UI/WebParts/SqlPersonalizationProvider.cs	965	47	UI	warning	'SqlCommand' is obsolete: 'Use the Microsoft.Data.SqlClient package instead.'
warning	SYSLIB0003	src/System.Web.ReferenceSource/UI/WebParts/WebPartManager.cs	69	17	UI	warning	'PermissionSet' is obsolete: 'Code Access Security is not supported or honored by the runtime.' (https://aka.ms/dotnet-warnings/SYSLIB0003)
warning	SYSLIB0003	src/System.Web.ReferenceSource/UI/WebParts/WebPartManager.cs	70	17	UI	warning	'PermissionSet' is obsolete: 'Code Access Security is not supported or honored by the runtime.' (https://aka.ms/dotnet-warnings/SYSLIB0003)
warning	SYSLIB0003	src/System.Web.ReferenceSource/UI/WebParts/WebPartManager.cs	461	27	UI	warning	'PermissionSet' is obsolete: 'Code Access Security is not supported or honored by the runtime.' (https://aka.ms/dotnet-warnings/SYSLIB0003)
warning	SYSLIB0003	src/System.Web.ReferenceSource/UI/WebParts/WebPartManager.cs	464	48	UI	warning	'PermissionSet' is obsolete: 'Code Access Security is not supported or honored by the runtime.' (https://aka.ms/dotnet-warnings/SYSLIB0003)
warning	SYSLIB0003	src/System.Web.ReferenceSource/UI/WebParts/WebPartManager.cs	464	62	UI	warning	'PermissionState' is obsolete: 'Code Access Security is not supported or honored by the runtime.' (https://aka.ms/dotnet-warnings/SYSLIB0003)
warning	SYSLIB0003	src/System.Web.ReferenceSource/UI/WebParts/WebPartManager.cs	465	60	UI	warning	'SecurityPermission' is obsolete: 'Code Access Security is not supported or honored by the runtime.' (https://aka.ms/dotnet-warnings/SYSLIB0003)
warning	SYSLIB0003	src/System.Web.ReferenceSource/UI/WebParts/WebPartManager.cs	465	79	UI	warning	'SecurityPermissionFlag' is obsolete: 'Code Access Security is not supported or honored by the runtime.' (https://aka.ms/dotnet-warnings/SYSLIB0003)
warning	SYSLIB0003	src/System.Web.ReferenceSource/UI/WebParts/WebPartManager.cs	466	60	UI	warning	'AspNetHostingPermission' is obsolete: 'Code Access Security is not supported or honored by the runtime.' (https://aka.ms/dotnet-warnings/SYSLIB0003)
warning	SYSLIB0003	src/System.Web.ReferenceSource/UI/WebParts/WebPartManager.cs	474	27	UI	warning	'PermissionSet' is obsolete: 'Code Access Security is not supported or honored by the runtime.' (https://aka.ms/dotnet-warnings/SYSLIB0003)
warning	SYSLIB0003	src/System.Web.ReferenceSource/UI/WebParts/WebPartManager.cs	477	49	UI	warning	'PermissionSet' is obsolete: 'Code Access Security is not supported or honored by the runtime.' (https://aka.ms/dotnet-warnings/SYSLIB0003)
warning	SYSLIB0003	src/System.Web.ReferenceSource/UI/WebParts/WebPartManager.cs	477	63	UI	warning	'PermissionState' is obsolete: 'Code Access Security is not supported or honored by the runtime.' (https://aka.ms/dotnet-warnings/SYSLIB0003)
warning	SYSLIB0003	src/System.Web.ReferenceSource/UI/WebParts/WebPartManager.cs	478	61	UI	warning	'SecurityPermission' is obsolete: 'Code Access Security is not supported or honored by the runtime.' (https://aka.ms/dotnet-warnings/SYSLIB0003)
warning	SYSLIB0003	src/System.Web.ReferenceSource/UI/WebParts/WebPartManager.cs	478	80	UI	warning	'SecurityPermissionFlag' is obsolete: 'Code Access Security is not supported or honored by the runtime.' (https://aka.ms/dotnet-warnings/SYSLIB0003)
warning	SYSLIB0003	src/System.Web.ReferenceSource/UI/WebParts/WebPartManager.cs	479	61	UI	warning	'AspNetHostingPermission' is obsolete: 'Code Access Security is not supported or honored by the runtime.' (https://aka.ms/dotnet-warnings/SYSLIB0003)
warning	CS0436	src/System.Web.ReferenceSource/UI/WebParts/WebPartManager.cs	2421	17	UI	warning	The type 'HttpUtility' in '/Users/vm/repos/rehost-webforms/src/Rehost.WebForms.Runtime/../System.Web.ReferenceSource/httpserverutility.cs' conflicts with the imported type 'HttpUtility' in 'System.Web.HttpUtility, Version=10.0.0.0, Culture=neutral, PublicKeyToken=cc7b13ffcd2ddd51'. Using the type defined in '/Users/vm/repos/rehost-webforms/src/Rehost.WebForms.Runtime/../System.Web.ReferenceSource/httpserverutility.cs'.
warning	CS0436	src/System.Web.ReferenceSource/UI/WebParts/WebPartManager.cs	2423	33	UI	warning	The type 'HttpUtility' in '/Users/vm/repos/rehost-webforms/src/Rehost.WebForms.Runtime/../System.Web.ReferenceSource/httpserverutility.cs' conflicts with the imported type 'HttpUtility' in 'System.Web.HttpUtility, Version=10.0.0.0, Culture=neutral, PublicKeyToken=cc7b13ffcd2ddd51'. Using the type defined in '/Users/vm/repos/rehost-webforms/src/Rehost.WebForms.Runtime/../System.Web.ReferenceSource/httpserverutility.cs'.
warning	SYSLIB0003	src/System.Web.ReferenceSource/UI/WebParts/WebPartManager.cs	2751	33	UI	warning	'CodeAccessPermission' is obsolete: 'Code Access Security is not supported or honored by the runtime.' (https://aka.ms/dotnet-warnings/SYSLIB0003)
warning	SYSLIB0003	src/System.Web.ReferenceSource/UI/WebParts/WebPartManager.cs	2760	33	UI	warning	'CodeAccessPermission' is obsolete: 'Code Access Security is not supported or honored by the runtime.' (https://aka.ms/dotnet-warnings/SYSLIB0003)
warning	SYSLIB0003	src/System.Web.ReferenceSource/UI/WebParts/WebPartManager.cs	2798	33	UI	warning	'CodeAccessPermission' is obsolete: 'Code Access Security is not supported or honored by the runtime.' (https://aka.ms/dotnet-warnings/SYSLIB0003)
warning	SYSLIB0003	src/System.Web.ReferenceSource/UI/WebParts/WebPartManager.cs	2834	29	UI	warning	'CodeAccessPermission' is obsolete: 'Code Access Security is not supported or honored by the runtime.' (https://aka.ms/dotnet-warnings/SYSLIB0003)
warning	SYSLIB0003	src/System.Web.ReferenceSource/UI/WebParts/WebPartManager.cs	2862	33	UI	warning	'CodeAccessPermission' is obsolete: 'Code Access Security is not supported or honored by the runtime.' (https://aka.ms/dotnet-warnings/SYSLIB0003)
warning	SYSLIB0003	src/System.Web.ReferenceSource/UI/WebParts/WebPartManager.cs	2876	29	UI	warning	'CodeAccessPermission' is obsolete: 'Code Access Security is not supported or honored by the runtime.' (https://aka.ms/dotnet-warnings/SYSLIB0003)
warning	SYSLIB0003	src/System.Web.ReferenceSource/UI/WebParts/WebPartManager.cs	2901	25	UI	warning	'CodeAccessPermission' is obsolete: 'Code Access Security is not supported or honored by the runtime.' (https://aka.ms/dotnet-warnings/SYSLIB0003)
warning	SYSLIB0003	src/System.Web.ReferenceSource/UI/WebParts/WebPartManager.cs	2931	25	UI	warning	'CodeAccessPermission' is obsolete: 'Code Access Security is not supported or honored by the runtime.' (https://aka.ms/dotnet-warnings/SYSLIB0003)
warning	SYSLIB0003	src/System.Web.ReferenceSource/UI/WebParts/WebPartManager.cs	3030	37	UI	warning	'CodeAccessPermission' is obsolete: 'Code Access Security is not supported or honored by the runtime.' (https://aka.ms/dotnet-warnings/SYSLIB0003)
warning	SYSLIB0003	src/System.Web.ReferenceSource/UI/WebParts/WebPartManager.cs	3038	37	UI	warning	'CodeAccessPermission' is obsolete: 'Code Access Security is not supported or honored by the runtime.' (https://aka.ms/dotnet-warnings/SYSLIB0003)
warning	SYSLIB0003	src/System.Web.ReferenceSource/UI/WebParts/WebPartManager.cs	3052	41	UI	warning	'CodeAccessPermission' is obsolete: 'Code Access Security is not supported or honored by the runtime.' (https://aka.ms/dotnet-warnings/SYSLIB0003)
warning	SYSLIB0003	src/System.Web.ReferenceSource/UI/WebParts/WebPartManager.cs	3061	41	UI	warning	'CodeAccessPermission' is obsolete: 'Code Access Security is not supported or honored by the runtime.' (https://aka.ms/dotnet-warnings/SYSLIB0003)
warning	SYSLIB0003	src/System.Web.ReferenceSource/UI/WebParts/WebPartManager.cs	3164	25	UI	warning	'CodeAccessPermission' is obsolete: 'Code Access Security is not supported or honored by the runtime.' (https://aka.ms/dotnet-warnings/SYSLIB0003)
warning	SYSLIB0005	src/System.Web.ReferenceSource/UI/WebParts/WebPartUtil.cs	66	17	UI	warning	'Assembly.GlobalAssemblyCache' is obsolete: 'The Global Assembly Cache is not supported.' (https://aka.ms/dotnet-warnings/SYSLIB0005)
warning	SYSLIB0004	src/System.Web.ReferenceSource/UnsafeNativeMethods.cs	1064	10	root	warning	'ReliabilityContractAttribute' is obsolete: 'The Constrained Execution Region (CER) feature is not supported.' (https://aka.ms/dotnet-warnings/SYSLIB0004)
warning	SYSLIB0004	src/System.Web.ReferenceSource/UnsafeNativeMethods.cs	1064	30	root	warning	'Consistency' is obsolete: 'The Constrained Execution Region (CER) feature is not supported.' (https://aka.ms/dotnet-warnings/SYSLIB0004)
warning	SYSLIB0004	src/System.Web.ReferenceSource/UnsafeNativeMethods.cs	1064	63	root	warning	'Cer' is obsolete: 'The Constrained Execution Region (CER) feature is not supported.' (https://aka.ms/dotnet-warnings/SYSLIB0004)
warning	SYSLIB0003	src/System.Web.ReferenceSource/Util/AppSettings.cs	161	10	Util	warning	'ConfigurationPermissionAttribute' is obsolete: 'Code Access Security is not supported or honored by the runtime.' (https://aka.ms/dotnet-warnings/SYSLIB0003)
warning	SYSLIB0003	src/System.Web.ReferenceSource/Util/AppSettings.cs	161	34	Util	warning	'SecurityAction' is obsolete: 'Code Access Security is not supported or honored by the runtime.' (https://aka.ms/dotnet-warnings/SYSLIB0003)
warning	SYSLIB0003	src/System.Web.ReferenceSource/Util/AppVerifier.cs	120	10	Util	warning	'SecurityPermissionAttribute' is obsolete: 'Code Access Security is not supported or honored by the runtime.' (https://aka.ms/dotnet-warnings/SYSLIB0003)
warning	SYSLIB0003	src/System.Web.ReferenceSource/Util/AppVerifier.cs	120	29	Util	warning	'SecurityAction' is obsolete: 'Code Access Security is not supported or honored by the runtime.' (https://aka.ms/dotnet-warnings/SYSLIB0003)
warning	SYSLIB0003	src/System.Web.ReferenceSource/Util/AppVerifier.cs	129	10	Util	warning	'SecurityPermissionAttribute' is obsolete: 'Code Access Security is not supported or honored by the runtime.' (https://aka.ms/dotnet-warnings/SYSLIB0003)
warning	SYSLIB0003	src/System.Web.ReferenceSource/Util/AppVerifier.cs	129	29	Util	warning	'SecurityAction' is obsolete: 'Code Access Security is not supported or honored by the runtime.' (https://aka.ms/dotnet-warnings/SYSLIB0003)
warning	SYSLIB0051	src/System.Web.ReferenceSource/Util/AppVerifierException.cs	23	88	Util	warning	'Exception.Exception(SerializationInfo, StreamingContext)' is obsolete: 'This API supports obsolete formatter-based serialization. It should not be called or extended by application code.' (https://aka.ms/dotnet-warnings/SYSLIB0051)
warning	SYSLIB0003	src/System.Web.ReferenceSource/Util/ArglessEventHandlerProxy.cs	28	10	Util	warning	'ReflectionPermissionAttribute' is obsolete: 'Code Access Security is not supported or honored by the runtime.' (https://aka.ms/dotnet-warnings/SYSLIB0003)
warning	SYSLIB0003	src/System.Web.ReferenceSource/Util/ArglessEventHandlerProxy.cs	28	31	Util	warning	'SecurityAction' is obsolete: 'Code Access Security is not supported or honored by the runtime.' (https://aka.ms/dotnet-warnings/SYSLIB0003)
warning	SYSLIB0003	src/System.Web.ReferenceSource/Util/ArglessEventHandlerProxy.cs	28	60	Util	warning	'ReflectionPermissionFlag' is obsolete: 'Code Access Security is not supported or honored by the runtime.' (https://aka.ms/dotnet-warnings/SYSLIB0003)
warning	CA1416	src/System.Web.ReferenceSource/Util/AspCompat.cs	310	26	Util	warning	This call site is reachable on all platforms. 'Registry.ClassesRoot' is only supported on: 'windows'. (https://learn.microsoft.com/dotnet/fundamentals/code-analysis/quality-rules/ca1416)
warning	CA1416	src/System.Web.ReferenceSource/Util/AspCompat.cs	310	26	Util	warning	This call site is reachable on all platforms. 'RegistryKey.OpenSubKey(string)' is only supported on: 'windows'. (https://learn.microsoft.com/dotnet/fundamentals/code-analysis/quality-rules/ca1416)
warning	CA1416	src/System.Web.ReferenceSource/Util/AspCompat.cs	312	46	Util	warning	This call site is reachable on all platforms. 'RegistryKey.GetValue(string?)' is only supported on: 'windows'. (https://learn.microsoft.com/dotnet/fundamentals/code-analysis/quality-rules/ca1416)
warning	CA1416	src/System.Web.ReferenceSource/Util/AspCompat.cs	318	21	Util	warning	This call site is reachable on all platforms. 'RegistryKey.Close()' is only supported on: 'windows'. (https://learn.microsoft.com/dotnet/fundamentals/code-analysis/quality-rules/ca1416)
warning	SYSLIB0003	src/System.Web.ReferenceSource/Util/AspCompat.cs	335	6	Util	warning	'SecurityPermissionAttribute' is obsolete: 'Code Access Security is not supported or honored by the runtime.' (https://aka.ms/dotnet-warnings/SYSLIB0003)
warning	SYSLIB0003	src/System.Web.ReferenceSource/Util/AspCompat.cs	335	25	Util	warning	'SecurityAction' is obsolete: 'Code Access Security is not supported or honored by the runtime.' (https://aka.ms/dotnet-warnings/SYSLIB0003)
warning	CA1416	src/System.Web.ReferenceSource/Util/AspCompat.cs	439	25	Util	warning	This call site is reachable on all platforms. 'Marshal.ReleaseComObject(object)' is only supported on: 'windows'. (https://learn.microsoft.com/dotnet/fundamentals/code-analysis/quality-rules/ca1416)
warning	CS0436	src/System.Web.ReferenceSource/Util/AspCompat.cs	802	16	Util	warning	The type 'HttpUtility' in '/Users/vm/repos/rehost-webforms/src/Rehost.WebForms.Runtime/../System.Web.ReferenceSource/httpserverutility.cs' conflicts with the imported type 'HttpUtility' in 'System.Web.HttpUtility, Version=10.0.0.0, Culture=neutral, PublicKeyToken=cc7b13ffcd2ddd51'. Using the type defined in '/Users/vm/repos/rehost-webforms/src/Rehost.WebForms.Runtime/../System.Web.ReferenceSource/httpserverutility.cs'.
warning	SYSLIB0003	src/System.Web.ReferenceSource/Util/EnableViewStateMacRegistryHelper.cs	64	10	Util	warning	'RegistryPermissionAttribute' is obsolete: 'Code Access Security is not supported or honored by the runtime.' (https://aka.ms/dotnet-warnings/SYSLIB0003)
warning	SYSLIB0003	src/System.Web.ReferenceSource/Util/EnableViewStateMacRegistryHelper.cs	64	29	Util	warning	'SecurityAction' is obsolete: 'Code Access Security is not supported or honored by the runtime.' (https://aka.ms/dotnet-warnings/SYSLIB0003)
warning	CA1416	src/System.Web.ReferenceSource/Util/EnableViewStateMacRegistryHelper.cs	68	37	Util	warning	This call site is reachable on all platforms. 'Registry.GetValue(string, string?, object?)' is only supported on: 'windows'. (https://learn.microsoft.com/dotnet/fundamentals/code-analysis/quality-rules/ca1416)
warning	SYSLIB0003	src/System.Web.ReferenceSource/Util/ExecutionContextUtil.cs	15	6	Util	warning	'SecurityPermissionAttribute' is obsolete: 'Code Access Security is not supported or honored by the runtime.' (https://aka.ms/dotnet-warnings/SYSLIB0003)
warning	SYSLIB0003	src/System.Web.ReferenceSource/Util/ExecutionContextUtil.cs	15	25	Util	warning	'SecurityAction' is obsolete: 'Code Access Security is not supported or honored by the runtime.' (https://aka.ms/dotnet-warnings/SYSLIB0003)
warning	SYSLIB0003	src/System.Web.ReferenceSource/Util/ExecutionContextUtil.cs	21	10	Util	warning	'ReflectionPermissionAttribute' is obsolete: 'Code Access Security is not supported or honored by the runtime.' (https://aka.ms/dotnet-warnings/SYSLIB0003)
warning	SYSLIB0003	src/System.Web.ReferenceSource/Util/ExecutionContextUtil.cs	21	31	Util	warning	'SecurityAction' is obsolete: 'Code Access Security is not supported or honored by the runtime.' (https://aka.ms/dotnet-warnings/SYSLIB0003)
warning	SYSLIB0003	src/System.Web.ReferenceSource/Util/FastDelegateCreator.cs	15	6	Util	warning	'SecurityPermissionAttribute' is obsolete: 'Code Access Security is not supported or honored by the runtime.' (https://aka.ms/dotnet-warnings/SYSLIB0003)
warning	SYSLIB0003	src/System.Web.ReferenceSource/Util/FastDelegateCreator.cs	15	25	Util	warning	'SecurityAction' is obsolete: 'Code Access Security is not supported or honored by the runtime.' (https://aka.ms/dotnet-warnings/SYSLIB0003)
warning	SYSLIB0003	src/System.Web.ReferenceSource/Util/FastDelegateCreator.cs	33	10	Util	warning	'ReflectionPermissionAttribute' is obsolete: 'Code Access Security is not supported or honored by the runtime.' (https://aka.ms/dotnet-warnings/SYSLIB0003)
warning	SYSLIB0003	src/System.Web.ReferenceSource/Util/FastDelegateCreator.cs	33	31	Util	warning	'SecurityAction' is obsolete: 'Code Access Security is not supported or honored by the runtime.' (https://aka.ms/dotnet-warnings/SYSLIB0003)
warning	SYSLIB0003	src/System.Web.ReferenceSource/Util/FileUtil.cs	73	6	Util	warning	'FileIOPermissionAttribute' is obsolete: 'Code Access Security is not supported or honored by the runtime.' (https://aka.ms/dotnet-warnings/SYSLIB0003)
warning	SYSLIB0003	src/System.Web.ReferenceSource/Util/FileUtil.cs	73	23	Util	warning	'SecurityAction' is obsolete: 'Code Access Security is not supported or honored by the runtime.' (https://aka.ms/dotnet-warnings/SYSLIB0003)
warning	SYSLIB0003	src/System.Web.ReferenceSource/Util/FileUtil.cs	73	57	Util	warning	'FileIOPermissionAccess' is obsolete: 'Code Access Security is not supported or honored by the runtime.' (https://aka.ms/dotnet-warnings/SYSLIB0003)
warning	SYSLIB0003	src/System.Web.ReferenceSource/Util/FileUtil.cs	228	6	Util	warning	'FileIOPermissionAttribute' is obsolete: 'Code Access Security is not supported or honored by the runtime.' (https://aka.ms/dotnet-warnings/SYSLIB0003)
warning	SYSLIB0003	src/System.Web.ReferenceSource/Util/FileUtil.cs	228	32	Util	warning	'SecurityAction' is obsolete: 'Code Access Security is not supported or honored by the runtime.' (https://aka.ms/dotnet-warnings/SYSLIB0003)
warning	SYSLIB0003	src/System.Web.ReferenceSource/Util/FileUtil.cs	228	64	Util	warning	'FileIOPermissionAccess' is obsolete: 'Code Access Security is not supported or honored by the runtime.' (https://aka.ms/dotnet-warnings/SYSLIB0003)
warning	SYSLIB0003	src/System.Web.ReferenceSource/Util/GCUtil.cs	16	6	Util	warning	'SecurityPermissionAttribute' is obsolete: 'Code Access Security is not supported or honored by the runtime.' (https://aka.ms/dotnet-warnings/SYSLIB0003)
warning	SYSLIB0003	src/System.Web.ReferenceSource/Util/GCUtil.cs	16	25	Util	warning	'SecurityAction' is obsolete: 'Code Access Security is not supported or honored by the runtime.' (https://aka.ms/dotnet-warnings/SYSLIB0003)
warning	SYSLIB0003	src/System.Web.ReferenceSource/Util/GCUtil.cs	45	10	Util	warning	'PermissionSetAttribute' is obsolete: 'Code Access Security is not supported or honored by the runtime.' (https://aka.ms/dotnet-warnings/SYSLIB0003)
warning	SYSLIB0003	src/System.Web.ReferenceSource/Util/GCUtil.cs	45	24	Util	warning	'SecurityAction' is obsolete: 'Code Access Security is not supported or honored by the runtime.' (https://aka.ms/dotnet-warnings/SYSLIB0003)
warning	SYSLIB0003	src/System.Web.ReferenceSource/Util/GCUtil.cs	52	14	Util	warning	'PermissionSetAttribute' is obsolete: 'Code Access Security is not supported or honored by the runtime.' (https://aka.ms/dotnet-warnings/SYSLIB0003)
warning	SYSLIB0003	src/System.Web.ReferenceSource/Util/GCUtil.cs	52	28	Util	warning	'SecurityAction' is obsolete: 'Code Access Security is not supported or honored by the runtime.' (https://aka.ms/dotnet-warnings/SYSLIB0003)
warning	SYSLIB0003	src/System.Web.ReferenceSource/Util/GCUtil.cs	59	10	Util	warning	'PermissionSetAttribute' is obsolete: 'Code Access Security is not supported or honored by the runtime.' (https://aka.ms/dotnet-warnings/SYSLIB0003)
warning	SYSLIB0003	src/System.Web.ReferenceSource/Util/GCUtil.cs	59	24	Util	warning	'SecurityAction' is obsolete: 'Code Access Security is not supported or honored by the runtime.' (https://aka.ms/dotnet-warnings/SYSLIB0003)
warning	CA1416	src/System.Web.ReferenceSource/Util/Misc.cs	118	27	Util	warning	This call site is reachable on all platforms. 'Marshal.GetIUnknownForObject(object)' is only supported on: 'windows'. (https://learn.microsoft.com/dotnet/fundamentals/code-analysis/quality-rules/ca1416)
warning	CS9191	src/System.Web.ReferenceSource/Util/Misc.cs	130	64	Util	warning	The 'ref' modifier for argument 2 corresponding to 'in' parameter is equivalent to 'in'. Consider using 'in' instead.
warning	CA1416	src/System.Web.ReferenceSource/Util/Misc.cs	137	64	Util	warning	This call site is reachable on all platforms. 'Marshal.GetObjectForIUnknown(nint)' is only supported on: 'windows'. (https://learn.microsoft.com/dotnet/fundamentals/code-analysis/quality-rules/ca1416)
warning	CA1416	src/System.Web.ReferenceSource/Util/Misc.cs	174	20	Util	warning	This call site is reachable on all platforms. 'Registry.LocalMachine' is only supported on: 'windows'. (https://learn.microsoft.com/dotnet/fundamentals/code-analysis/quality-rules/ca1416)
warning	CA1416	src/System.Web.ReferenceSource/Util/Misc.cs	174	20	Util	warning	This call site is reachable on all platforms. 'RegistryKey.OpenSubKey(string)' is only supported on: 'windows'. (https://learn.microsoft.com/dotnet/fundamentals/code-analysis/quality-rules/ca1416)
warning	SYSLIB0003	src/System.Web.ReferenceSource/Util/Misc.cs	179	10	Util	warning	'RegistryPermissionAttribute' is obsolete: 'Code Access Security is not supported or honored by the runtime.' (https://aka.ms/dotnet-warnings/SYSLIB0003)
warning	SYSLIB0003	src/System.Web.ReferenceSource/Util/Misc.cs	179	29	Util	warning	'SecurityAction' is obsolete: 'Code Access Security is not supported or honored by the runtime.' (https://aka.ms/dotnet-warnings/SYSLIB0003)
warning	SYSLIB0003	src/System.Web.ReferenceSource/Util/Misc.cs	180	10	Util	warning	'RegistryPermissionAttribute' is obsolete: 'Code Access Security is not supported or honored by the runtime.' (https://aka.ms/dotnet-warnings/SYSLIB0003)
warning	SYSLIB0003	src/System.Web.ReferenceSource/Util/Misc.cs	180	29	Util	warning	'SecurityAction' is obsolete: 'Code Access Security is not supported or honored by the runtime.' (https://aka.ms/dotnet-warnings/SYSLIB0003)
warning	CA1416	src/System.Web.ReferenceSource/Util/Misc.cs	189	28	Util	warning	This call site is reachable on all platforms. 'RegistryKey.GetValue(string?, object?)' is only supported on: 'windows'. (https://learn.microsoft.com/dotnet/fundamentals/code-analysis/quality-rules/ca1416)
warning	SYSLIB0003	src/System.Web.ReferenceSource/Util/PathUtil.cs	16	10	Util	warning	'FileIOPermissionAttribute' is obsolete: 'Code Access Security is not supported or honored by the runtime.' (https://aka.ms/dotnet-warnings/SYSLIB0003)
warning	SYSLIB0003	src/System.Web.ReferenceSource/Util/PathUtil.cs	16	27	Util	warning	'SecurityAction' is obsolete: 'Code Access Security is not supported or honored by the runtime.' (https://aka.ms/dotnet-warnings/SYSLIB0003)
warning	SYSLIB0003	src/System.Web.ReferenceSource/Util/Permission.cs	20	13	Util	warning	'NamedPermissionSet' is obsolete: 'Code Access Security is not supported or honored by the runtime.' (https://aka.ms/dotnet-warnings/SYSLIB0003)
warning	SYSLIB0003	src/System.Web.ReferenceSource/Util/Permission.cs	27	13	Util	warning	'IPermission' is obsolete: 'Code Access Security is not supported or honored by the runtime.' (https://aka.ms/dotnet-warnings/SYSLIB0003)
warning	SYSLIB0003	src/System.Web.ReferenceSource/Util/Permission.cs	27	80	Util	warning	'SqlClientPermission' is obsolete: 'Code Access Security is not supported or honored by the runtime.' (https://aka.ms/dotnet-warnings/SYSLIB0003)
warning	SYSLIB0003	src/System.Web.ReferenceSource/Util/Permission.cs	33	13	Util	warning	'IPermission' is obsolete: 'Code Access Security is not supported or honored by the runtime.' (https://aka.ms/dotnet-warnings/SYSLIB0003)
warning	SYSLIB0003	src/System.Web.ReferenceSource/Util/Permission.cs	35	39	Util	warning	'SqlClientPermission' is obsolete: 'Code Access Security is not supported or honored by the runtime.' (https://aka.ms/dotnet-warnings/SYSLIB0003)
warning	SYSLIB0003	src/System.Web.ReferenceSource/Util/Permission.cs	35	59	Util	warning	'PermissionState' is obsolete: 'Code Access Security is not supported or honored by the runtime.' (https://aka.ms/dotnet-warnings/SYSLIB0003)
warning	SYSLIB0003	src/System.Web.ReferenceSource/Util/PinnedArraySegment.cs	17	6	Util	warning	'SecurityPermissionAttribute' is obsolete: 'Code Access Security is not supported or honored by the runtime.' (https://aka.ms/dotnet-warnings/SYSLIB0003)
warning	SYSLIB0003	src/System.Web.ReferenceSource/Util/PinnedArraySegment.cs	17	25	Util	warning	'SecurityAction' is obsolete: 'Code Access Security is not supported or honored by the runtime.' (https://aka.ms/dotnet-warnings/SYSLIB0003)
warning	SYSLIB0003	src/System.Web.ReferenceSource/Util/ReflectionUtil.cs	15	6	Util	warning	'SecurityPermissionAttribute' is obsolete: 'Code Access Security is not supported or honored by the runtime.' (https://aka.ms/dotnet-warnings/SYSLIB0003)
warning	SYSLIB0003	src/System.Web.ReferenceSource/Util/ReflectionUtil.cs	15	25	Util	warning	'SecurityAction' is obsolete: 'Code Access Security is not supported or honored by the runtime.' (https://aka.ms/dotnet-warnings/SYSLIB0003)
warning	SYSLIB0003	src/System.Web.ReferenceSource/Util/ReflectionUtil.cs	56	14	Util	warning	'ReflectionPermissionAttribute' is obsolete: 'Code Access Security is not supported or honored by the runtime.' (https://aka.ms/dotnet-warnings/SYSLIB0003)
warning	SYSLIB0003	src/System.Web.ReferenceSource/Util/ReflectionUtil.cs	56	35	Util	warning	'SecurityAction' is obsolete: 'Code Access Security is not supported or honored by the runtime.' (https://aka.ms/dotnet-warnings/SYSLIB0003)
warning	CS0618	src/System.Web.ReferenceSource/Util/SecUtil.cs	241	72	Util	warning	'SqlConnection' is obsolete: 'Use the Microsoft.Data.SqlClient package instead.'
warning	CS0618	src/System.Web.ReferenceSource/Util/SecUtil.cs	264	25	Util	warning	'SqlCommand' is obsolete: 'Use the Microsoft.Data.SqlClient package instead.'
warning	CS0618	src/System.Web.ReferenceSource/Util/SecUtil.cs	265	25	Util	warning	'SqlParameter' is obsolete: 'Use the Microsoft.Data.SqlClient package instead.'
warning	CS0618	src/System.Web.ReferenceSource/Util/SecUtil.cs	268	39	Util	warning	'SqlCommand' is obsolete: 'Use the Microsoft.Data.SqlClient package instead.'
warning	CS0618	src/System.Web.ReferenceSource/Util/SecUtil.cs	272	37	Util	warning	'SqlParameter' is obsolete: 'Use the Microsoft.Data.SqlClient package instead.'
warning	CS0618	src/System.Web.ReferenceSource/Util/SecUtil.cs	275	37	Util	warning	'SqlParameter' is obsolete: 'Use the Microsoft.Data.SqlClient package instead.'
warning	CS0618	src/System.Web.ReferenceSource/Util/SecUtil.cs	278	37	Util	warning	'SqlParameter' is obsolete: 'Use the Microsoft.Data.SqlClient package instead.'
warning	CA1416	src/System.Web.ReferenceSource/Util/SmtpMail.cs	57	33	Util	warning	This call site is reachable on all platforms. 'Type.GetTypeFromProgID(string)' is only supported on: 'windows'. (https://learn.microsoft.com/dotnet/fundamentals/code-analysis/quality-rules/ca1416)
warning	CA1416	src/System.Web.ReferenceSource/Util/SmtpMail.cs	239	13	Util	warning	This call site is reachable on all platforms. 'Marshal.ReleaseComObject(object)' is only supported on: 'windows'. (https://learn.microsoft.com/dotnet/fundamentals/code-analysis/quality-rules/ca1416)
warning	CA1416	src/System.Web.ReferenceSource/Util/SmtpMail.cs	274	13	Util	warning	This call site is reachable on all platforms. 'Marshal.ReleaseComObject(object)' is only supported on: 'windows'. (https://learn.microsoft.com/dotnet/fundamentals/code-analysis/quality-rules/ca1416)
warning	CA1416	src/System.Web.ReferenceSource/Util/SmtpMail.cs	340	17	Util	warning	This call site is reachable on all platforms. 'Marshal.ReleaseComObject(object)' is only supported on: 'windows'. (https://learn.microsoft.com/dotnet/fundamentals/code-analysis/quality-rules/ca1416)
warning	CA1416	src/System.Web.ReferenceSource/Util/SmtpMail.cs	377	21	Util	warning	This call site is reachable on all platforms. 'Marshal.ReleaseComObject(object)' is only supported on: 'windows'. (https://learn.microsoft.com/dotnet/fundamentals/code-analysis/quality-rules/ca1416)
warning	CA1416	src/System.Web.ReferenceSource/Util/SmtpMail.cs	398	21	Util	warning	This call site is reachable on all platforms. 'Marshal.ReleaseComObject(object)' is only supported on: 'windows'. (https://learn.microsoft.com/dotnet/fundamentals/code-analysis/quality-rules/ca1416)
warning	CA1416	src/System.Web.ReferenceSource/Util/SmtpMail.cs	400	21	Util	warning	This call site is reachable on all platforms. 'Marshal.ReleaseComObject(object)' is only supported on: 'windows'. (https://learn.microsoft.com/dotnet/fundamentals/code-analysis/quality-rules/ca1416)
warning	CA1416	src/System.Web.ReferenceSource/Util/SmtpMail.cs	417	13	Util	warning	This call site is reachable on all platforms. 'Marshal.ReleaseComObject(object)' is only supported on: 'windows'. (https://learn.microsoft.com/dotnet/fundamentals/code-analysis/quality-rules/ca1416)
warning	SYSLIB0004	src/System.Web.ReferenceSource/Util/StopListeningWaitHandle.cs	47	10	Util	warning	'ReliabilityContractAttribute' is obsolete: 'The Constrained Execution Region (CER) feature is not supported.' (https://aka.ms/dotnet-warnings/SYSLIB0004)
warning	SYSLIB0004	src/System.Web.ReferenceSource/Util/StopListeningWaitHandle.cs	47	30	Util	warning	'Consistency' is obsolete: 'The Constrained Execution Region (CER) feature is not supported.' (https://aka.ms/dotnet-warnings/SYSLIB0004)
warning	SYSLIB0004	src/System.Web.ReferenceSource/Util/StopListeningWaitHandle.cs	47	63	Util	warning	'Cer' is obsolete: 'The Constrained Execution Region (CER) feature is not supported.' (https://aka.ms/dotnet-warnings/SYSLIB0004)
warning	SYSLIB0004	src/System.Web.ReferenceSource/Util/StopListeningWaitHandle.cs	53	10	Util	warning	'ReliabilityContractAttribute' is obsolete: 'The Constrained Execution Region (CER) feature is not supported.' (https://aka.ms/dotnet-warnings/SYSLIB0004)
warning	SYSLIB0004	src/System.Web.ReferenceSource/Util/StopListeningWaitHandle.cs	53	30	Util	warning	'Consistency' is obsolete: 'The Constrained Execution Region (CER) feature is not supported.' (https://aka.ms/dotnet-warnings/SYSLIB0004)
warning	SYSLIB0004	src/System.Web.ReferenceSource/Util/StopListeningWaitHandle.cs	53	63	Util	warning	'Cer' is obsolete: 'The Constrained Execution Region (CER) feature is not supported.' (https://aka.ms/dotnet-warnings/SYSLIB0004)
warning	SYSLIB0004	src/System.Web.ReferenceSource/Util/TlsTokenBindingHandle.cs	50	17	Util	warning	'RuntimeHelpers.PrepareConstrainedRegions()' is obsolete: 'The Constrained Execution Region (CER) feature is not supported.' (https://aka.ms/dotnet-warnings/SYSLIB0004)
warning	SYSLIB0003	src/System.Web.ReferenceSource/Util/WithinCancellableCallbackTaskAwaitable.cs	62	14	Util	warning	'SecurityPermissionAttribute' is obsolete: 'Code Access Security is not supported or honored by the runtime.' (https://aka.ms/dotnet-warnings/SYSLIB0003)
warning	SYSLIB0003	src/System.Web.ReferenceSource/Util/WithinCancellableCallbackTaskAwaitable.cs	62	33	Util	warning	'SecurityAction' is obsolete: 'Code Access Security is not supported or honored by the runtime.' (https://aka.ms/dotnet-warnings/SYSLIB0003)
warning	SYSLIB0003	src/System.Web.ReferenceSource/Util/WorkItem.cs	37	6	Util	warning	'SecurityPermissionAttribute' is obsolete: 'Code Access Security is not supported or honored by the runtime.' (https://aka.ms/dotnet-warnings/SYSLIB0003)
warning	SYSLIB0003	src/System.Web.ReferenceSource/Util/WorkItem.cs	37	25	Util	warning	'SecurityAction' is obsolete: 'Code Access Security is not supported or honored by the runtime.' (https://aka.ms/dotnet-warnings/SYSLIB0003)
warning	SYSLIB0003	src/System.Web.ReferenceSource/Util/WorkItem.cs	49	6	Util	warning	'PermissionSetAttribute' is obsolete: 'Code Access Security is not supported or honored by the runtime.' (https://aka.ms/dotnet-warnings/SYSLIB0003)
warning	SYSLIB0003	src/System.Web.ReferenceSource/Util/WorkItem.cs	49	20	Util	warning	'SecurityAction' is obsolete: 'Code Access Security is not supported or honored by the runtime.' (https://aka.ms/dotnet-warnings/SYSLIB0003)
warning	SYSLIB0011	src/System.Web.ReferenceSource/Util/altserialization.cs	150	17	Util	warning	'BinaryFormatter' is obsolete: 'BinaryFormatter serialization is obsolete and should not be used. See https://aka.ms/binaryformatter for more information.' (https://aka.ms/dotnet-warnings/SYSLIB0011)
warning	SYSLIB0011	src/System.Web.ReferenceSource/Util/altserialization.cs	150	49	Util	warning	'BinaryFormatter' is obsolete: 'BinaryFormatter serialization is obsolete and should not be used. See https://aka.ms/binaryformatter for more information.' (https://aka.ms/dotnet-warnings/SYSLIB0011)
warning	SYSLIB0011	src/System.Web.ReferenceSource/Util/altserialization.cs	270	21	Util	warning	'BinaryFormatter' is obsolete: 'BinaryFormatter serialization is obsolete and should not be used. See https://aka.ms/binaryformatter for more information.' (https://aka.ms/dotnet-warnings/SYSLIB0011)
warning	SYSLIB0011	src/System.Web.ReferenceSource/Util/altserialization.cs	270	53	Util	warning	'BinaryFormatter' is obsolete: 'BinaryFormatter serialization is obsolete and should not be used. See https://aka.ms/binaryformatter for more information.' (https://aka.ms/dotnet-warnings/SYSLIB0011)
warning	SYSLIB0003	src/System.Web.ReferenceSource/Util/versioninfo.cs	35	10	Util	warning	'FileIOPermissionAttribute' is obsolete: 'Code Access Security is not supported or honored by the runtime.' (https://aka.ms/dotnet-warnings/SYSLIB0003)
warning	SYSLIB0003	src/System.Web.ReferenceSource/Util/versioninfo.cs	35	27	Util	warning	'SecurityAction' is obsolete: 'Code Access Security is not supported or honored by the runtime.' (https://aka.ms/dotnet-warnings/SYSLIB0003)
warning	SYSLIB0003	src/System.Web.ReferenceSource/WebPageTraceListener.cs	16	6	root	warning	'HostProtectionAttribute' is obsolete: 'Code Access Security is not supported or honored by the runtime.' (https://aka.ms/dotnet-warnings/SYSLIB0003)
warning	SYSLIB0003	src/System.Web.ReferenceSource/WebSockets/IUnmanagedWebSocketContext.cs	15	10	WebSockets	warning	'SecurityPermissionAttribute' is obsolete: 'Code Access Security is not supported or honored by the runtime.' (https://aka.ms/dotnet-warnings/SYSLIB0003)
warning	SYSLIB0003	src/System.Web.ReferenceSource/WebSockets/IUnmanagedWebSocketContext.cs	15	29	WebSockets	warning	'SecurityAction' is obsolete: 'Code Access Security is not supported or honored by the runtime.' (https://aka.ms/dotnet-warnings/SYSLIB0003)
warning	SYSLIB0003	src/System.Web.ReferenceSource/WebSockets/IUnmanagedWebSocketContext.cs	18	10	WebSockets	warning	'SecurityPermissionAttribute' is obsolete: 'Code Access Security is not supported or honored by the runtime.' (https://aka.ms/dotnet-warnings/SYSLIB0003)
warning	SYSLIB0003	src/System.Web.ReferenceSource/WebSockets/IUnmanagedWebSocketContext.cs	18	29	WebSockets	warning	'SecurityAction' is obsolete: 'Code Access Security is not supported or honored by the runtime.' (https://aka.ms/dotnet-warnings/SYSLIB0003)
warning	SYSLIB0003	src/System.Web.ReferenceSource/WebSockets/IUnmanagedWebSocketContext.cs	21	10	WebSockets	warning	'SecurityPermissionAttribute' is obsolete: 'Code Access Security is not supported or honored by the runtime.' (https://aka.ms/dotnet-warnings/SYSLIB0003)
warning	SYSLIB0003	src/System.Web.ReferenceSource/WebSockets/IUnmanagedWebSocketContext.cs	21	29	WebSockets	warning	'SecurityAction' is obsolete: 'Code Access Security is not supported or honored by the runtime.' (https://aka.ms/dotnet-warnings/SYSLIB0003)
warning	SYSLIB0003	src/System.Web.ReferenceSource/WebSockets/IUnmanagedWebSocketContext.cs	24	10	WebSockets	warning	'SecurityPermissionAttribute' is obsolete: 'Code Access Security is not supported or honored by the runtime.' (https://aka.ms/dotnet-warnings/SYSLIB0003)
warning	SYSLIB0003	src/System.Web.ReferenceSource/WebSockets/IUnmanagedWebSocketContext.cs	24	29	WebSockets	warning	'SecurityAction' is obsolete: 'Code Access Security is not supported or honored by the runtime.' (https://aka.ms/dotnet-warnings/SYSLIB0003)
warning	SYSLIB0003	src/System.Web.ReferenceSource/WebSockets/IUnmanagedWebSocketContext.cs	28	10	WebSockets	warning	'SecurityPermissionAttribute' is obsolete: 'Code Access Security is not supported or honored by the runtime.' (https://aka.ms/dotnet-warnings/SYSLIB0003)
warning	SYSLIB0003	src/System.Web.ReferenceSource/WebSockets/IUnmanagedWebSocketContext.cs	28	29	WebSockets	warning	'SecurityAction' is obsolete: 'Code Access Security is not supported or honored by the runtime.' (https://aka.ms/dotnet-warnings/SYSLIB0003)
warning	SYSLIB0003	src/System.Web.ReferenceSource/WebSockets/IWebSocketPipe.cs	19	10	WebSockets	warning	'SecurityPermissionAttribute' is obsolete: 'Code Access Security is not supported or honored by the runtime.' (https://aka.ms/dotnet-warnings/SYSLIB0003)
warning	SYSLIB0003	src/System.Web.ReferenceSource/WebSockets/IWebSocketPipe.cs	19	29	WebSockets	warning	'SecurityAction' is obsolete: 'Code Access Security is not supported or honored by the runtime.' (https://aka.ms/dotnet-warnings/SYSLIB0003)
warning	SYSLIB0003	src/System.Web.ReferenceSource/WebSockets/IWebSocketPipe.cs	22	10	WebSockets	warning	'SecurityPermissionAttribute' is obsolete: 'Code Access Security is not supported or honored by the runtime.' (https://aka.ms/dotnet-warnings/SYSLIB0003)
warning	SYSLIB0003	src/System.Web.ReferenceSource/WebSockets/IWebSocketPipe.cs	22	29	WebSockets	warning	'SecurityAction' is obsolete: 'Code Access Security is not supported or honored by the runtime.' (https://aka.ms/dotnet-warnings/SYSLIB0003)
warning	SYSLIB0003	src/System.Web.ReferenceSource/WebSockets/IWebSocketPipe.cs	25	10	WebSockets	warning	'SecurityPermissionAttribute' is obsolete: 'Code Access Security is not supported or honored by the runtime.' (https://aka.ms/dotnet-warnings/SYSLIB0003)
warning	SYSLIB0003	src/System.Web.ReferenceSource/WebSockets/IWebSocketPipe.cs	25	29	WebSockets	warning	'SecurityAction' is obsolete: 'Code Access Security is not supported or honored by the runtime.' (https://aka.ms/dotnet-warnings/SYSLIB0003)
warning	SYSLIB0003	src/System.Web.ReferenceSource/WebSockets/IWebSocketPipe.cs	28	10	WebSockets	warning	'SecurityPermissionAttribute' is obsolete: 'Code Access Security is not supported or honored by the runtime.' (https://aka.ms/dotnet-warnings/SYSLIB0003)
warning	SYSLIB0003	src/System.Web.ReferenceSource/WebSockets/IWebSocketPipe.cs	28	29	WebSockets	warning	'SecurityAction' is obsolete: 'Code Access Security is not supported or honored by the runtime.' (https://aka.ms/dotnet-warnings/SYSLIB0003)
warning	SYSLIB0003	src/System.Web.ReferenceSource/WebSockets/UnmanagedWebSocketContext.cs	16	6	WebSockets	warning	'SecurityPermissionAttribute' is obsolete: 'Code Access Security is not supported or honored by the runtime.' (https://aka.ms/dotnet-warnings/SYSLIB0003)
warning	SYSLIB0003	src/System.Web.ReferenceSource/WebSockets/UnmanagedWebSocketContext.cs	16	25	WebSockets	warning	'SecurityAction' is obsolete: 'Code Access Security is not supported or honored by the runtime.' (https://aka.ms/dotnet-warnings/SYSLIB0003)
warning	SYSLIB0003	src/System.Web.ReferenceSource/WebSockets/WebSocketPipe.cs	18	6	WebSockets	warning	'SecurityPermissionAttribute' is obsolete: 'Code Access Security is not supported or honored by the runtime.' (https://aka.ms/dotnet-warnings/SYSLIB0003)
warning	SYSLIB0003	src/System.Web.ReferenceSource/WebSockets/WebSocketPipe.cs	18	25	WebSockets	warning	'SecurityAction' is obsolete: 'Code Access Security is not supported or honored by the runtime.' (https://aka.ms/dotnet-warnings/SYSLIB0003)
warning	CA1416	src/System.Web.ReferenceSource/WorkerRequest.cs	603	101	root	warning	This call site is reachable on all platforms. 'WindowsAccountType.Normal' is only supported on: 'windows'. (https://learn.microsoft.com/dotnet/fundamentals/code-analysis/quality-rules/ca1416)
warning	SYSLIB0003	src/System.Web.ReferenceSource/WorkerRequest.cs	609	10	root	warning	'PermissionSetAttribute' is obsolete: 'Code Access Security is not supported or honored by the runtime.' (https://aka.ms/dotnet-warnings/SYSLIB0003)
warning	SYSLIB0003	src/System.Web.ReferenceSource/WorkerRequest.cs	609	24	root	warning	'SecurityAction' is obsolete: 'Code Access Security is not supported or honored by the runtime.' (https://aka.ms/dotnet-warnings/SYSLIB0003)
warning	CA1416	src/System.Web.ReferenceSource/WorkerRequest.cs	611	20	root	warning	This call site is reachable on all platforms. 'WindowsIdentity' is only supported on: 'windows'. (https://learn.microsoft.com/dotnet/fundamentals/code-analysis/quality-rules/ca1416)
warning	CS3021	src/System.Web.ReferenceSource/WorkerRequest.cs	812	35	root	warning	'HttpWorkerRequest.GetUnknownRequestHeaders()' does not need a CLSCompliant attribute because the assembly does not have a CLSCompliant attribute
warning	SYSLIB0003	src/System.Web.ReferenceSource/WorkerRequest.cs	958	10	root	warning	'SecurityPermissionAttribute' is obsolete: 'Code Access Security is not supported or honored by the runtime.' (https://aka.ms/dotnet-warnings/SYSLIB0003)
warning	SYSLIB0003	src/System.Web.ReferenceSource/WorkerRequest.cs	958	29	root	warning	'SecurityAction' is obsolete: 'Code Access Security is not supported or honored by the runtime.' (https://aka.ms/dotnet-warnings/SYSLIB0003)
warning	CS0436	src/System.Web.ReferenceSource/XmlSiteMapProvider.cs	783	37	root	warning	The type 'HttpUtility' in '/Users/vm/repos/rehost-webforms/src/Rehost.WebForms.Runtime/../System.Web.ReferenceSource/httpserverutility.cs' conflicts with the imported type 'HttpUtility' in 'System.Web.HttpUtility, Version=10.0.0.0, Culture=neutral, PublicKeyToken=cc7b13ffcd2ddd51'. Using the type defined in '/Users/vm/repos/rehost-webforms/src/Rehost.WebForms.Runtime/../System.Web.ReferenceSource/httpserverutility.cs'.
warning	SYSLIB0003	src/System.Web.ReferenceSource/httpserverutility.cs	65	10	root	warning	'SecurityPermissionAttribute' is obsolete: 'Code Access Security is not supported or honored by the runtime.' (https://aka.ms/dotnet-warnings/SYSLIB0003)
warning	SYSLIB0003	src/System.Web.ReferenceSource/httpserverutility.cs	65	29	root	warning	'SecurityAction' is obsolete: 'Code Access Security is not supported or honored by the runtime.' (https://aka.ms/dotnet-warnings/SYSLIB0003)
warning	CA1416	src/System.Web.ReferenceSource/httpserverutility.cs	74	24	root	warning	This call site is reachable on all platforms. 'Type.GetTypeFromProgID(string)' is only supported on: 'windows'. (https://learn.microsoft.com/dotnet/fundamentals/code-analysis/quality-rules/ca1416)
warning	SYSLIB0003	src/System.Web.ReferenceSource/httpserverutility.cs	104	10	root	warning	'SecurityPermissionAttribute' is obsolete: 'Code Access Security is not supported or honored by the runtime.' (https://aka.ms/dotnet-warnings/SYSLIB0003)
warning	SYSLIB0003	src/System.Web.ReferenceSource/httpserverutility.cs	104	29	root	warning	'SecurityAction' is obsolete: 'Code Access Security is not supported or honored by the runtime.' (https://aka.ms/dotnet-warnings/SYSLIB0003)
warning	SYSLIB0003	src/System.Web.ReferenceSource/httpserverutility.cs	127	10	root	warning	'SecurityPermissionAttribute' is obsolete: 'Code Access Security is not supported or honored by the runtime.' (https://aka.ms/dotnet-warnings/SYSLIB0003)
warning	SYSLIB0003	src/System.Web.ReferenceSource/httpserverutility.cs	127	29	root	warning	'SecurityAction' is obsolete: 'Code Access Security is not supported or honored by the runtime.' (https://aka.ms/dotnet-warnings/SYSLIB0003)
warning	CA1416	src/System.Web.ReferenceSource/httpserverutility.cs	142	24	root	warning	This call site is reachable on all platforms. 'Type.GetTypeFromCLSID(Guid, string?, bool)' is only supported on: 'windows'. (https://learn.microsoft.com/dotnet/fundamentals/code-analysis/quality-rules/ca1416)
warning	SYSLIB0003	src/System.Web.ReferenceSource/httpserverutility.cs	868	14	root	warning	'AspNetHostingPermissionAttribute' is obsolete: 'Code Access Security is not supported or honored by the runtime.' (https://aka.ms/dotnet-warnings/SYSLIB0003)
warning	SYSLIB0003	src/System.Web.ReferenceSource/httpserverutility.cs	868	38	root	warning	'SecurityAction' is obsolete: 'Code Access Security is not supported or honored by the runtime.' (https://aka.ms/dotnet-warnings/SYSLIB0003)
warning	SYSLIB0003	src/System.Web.ReferenceSource/httpserverutility.cs	914	14	root	warning	'AspNetHostingPermissionAttribute' is obsolete: 'Code Access Security is not supported or honored by the runtime.' (https://aka.ms/dotnet-warnings/SYSLIB0003)
warning	SYSLIB0003	src/System.Web.ReferenceSource/httpserverutility.cs	914	38	root	warning	'SecurityAction' is obsolete: 'Code Access Security is not supported or honored by the runtime.' (https://aka.ms/dotnet-warnings/SYSLIB0003)
warning	CS0436	src/System.Web.ReferenceSource/httpserverutility.cs	937	20	root	warning	The type 'HttpUtility' in '/Users/vm/repos/rehost-webforms/src/Rehost.WebForms.Runtime/../System.Web.ReferenceSource/httpserverutility.cs' conflicts with the imported type 'HttpUtility' in 'System.Web.HttpUtility, Version=10.0.0.0, Culture=neutral, PublicKeyToken=cc7b13ffcd2ddd51'. Using the type defined in '/Users/vm/repos/rehost-webforms/src/Rehost.WebForms.Runtime/../System.Web.ReferenceSource/httpserverutility.cs'.
warning	CS0436	src/System.Web.ReferenceSource/httpserverutility.cs	949	13	root	warning	The type 'HttpUtility' in '/Users/vm/repos/rehost-webforms/src/Rehost.WebForms.Runtime/../System.Web.ReferenceSource/httpserverutility.cs' conflicts with the imported type 'HttpUtility' in 'System.Web.HttpUtility, Version=10.0.0.0, Culture=neutral, PublicKeyToken=cc7b13ffcd2ddd51'. Using the type defined in '/Users/vm/repos/rehost-webforms/src/Rehost.WebForms.Runtime/../System.Web.ReferenceSource/httpserverutility.cs'.
warning	CS0436	src/System.Web.ReferenceSource/httpserverutility.cs	961	20	root	warning	The type 'HttpUtility' in '/Users/vm/repos/rehost-webforms/src/Rehost.WebForms.Runtime/../System.Web.ReferenceSource/httpserverutility.cs' conflicts with the imported type 'HttpUtility' in 'System.Web.HttpUtility, Version=10.0.0.0, Culture=neutral, PublicKeyToken=cc7b13ffcd2ddd51'. Using the type defined in '/Users/vm/repos/rehost-webforms/src/Rehost.WebForms.Runtime/../System.Web.ReferenceSource/httpserverutility.cs'.
warning	CS0436	src/System.Web.ReferenceSource/httpserverutility.cs	973	13	root	warning	The type 'HttpUtility' in '/Users/vm/repos/rehost-webforms/src/Rehost.WebForms.Runtime/../System.Web.ReferenceSource/httpserverutility.cs' conflicts with the imported type 'HttpUtility' in 'System.Web.HttpUtility, Version=10.0.0.0, Culture=neutral, PublicKeyToken=cc7b13ffcd2ddd51'. Using the type defined in '/Users/vm/repos/rehost-webforms/src/Rehost.WebForms.Runtime/../System.Web.ReferenceSource/httpserverutility.cs'.
warning	CS0436	src/System.Web.ReferenceSource/httpserverutility.cs	986	20	root	warning	The type 'HttpUtility' in '/Users/vm/repos/rehost-webforms/src/Rehost.WebForms.Runtime/../System.Web.ReferenceSource/httpserverutility.cs' conflicts with the imported type 'HttpUtility' in 'System.Web.HttpUtility, Version=10.0.0.0, Culture=neutral, PublicKeyToken=cc7b13ffcd2ddd51'. Using the type defined in '/Users/vm/repos/rehost-webforms/src/Rehost.WebForms.Runtime/../System.Web.ReferenceSource/httpserverutility.cs'.
warning	CS0436	src/System.Web.ReferenceSource/httpserverutility.cs	996	20	root	warning	The type 'HttpUtility' in '/Users/vm/repos/rehost-webforms/src/Rehost.WebForms.Runtime/../System.Web.ReferenceSource/httpserverutility.cs' conflicts with the imported type 'HttpUtility' in 'System.Web.HttpUtility, Version=10.0.0.0, Culture=neutral, PublicKeyToken=cc7b13ffcd2ddd51'. Using the type defined in '/Users/vm/repos/rehost-webforms/src/Rehost.WebForms.Runtime/../System.Web.ReferenceSource/httpserverutility.cs'.
warning	CS0436	src/System.Web.ReferenceSource/httpserverutility.cs	1020	20	root	warning	The type 'HttpUtility' in '/Users/vm/repos/rehost-webforms/src/Rehost.WebForms.Runtime/../System.Web.ReferenceSource/httpserverutility.cs' conflicts with the imported type 'HttpUtility' in 'System.Web.HttpUtility, Version=10.0.0.0, Culture=neutral, PublicKeyToken=cc7b13ffcd2ddd51'. Using the type defined in '/Users/vm/repos/rehost-webforms/src/Rehost.WebForms.Runtime/../System.Web.ReferenceSource/httpserverutility.cs'.
warning	CS0436	src/System.Web.ReferenceSource/httpserverutility.cs	1117	39	root	warning	The type 'IHtmlString' in '/Users/vm/repos/rehost-webforms/src/Rehost.WebForms.Runtime/../System.Web.ReferenceSource/IHtmlString.cs' conflicts with the imported type 'IHtmlString' in 'System.Web.HttpUtility, Version=10.0.0.0, Culture=neutral, PublicKeyToken=cc7b13ffcd2ddd51'. Using the type defined in '/Users/vm/repos/rehost-webforms/src/Rehost.WebForms.Runtime/../System.Web.ReferenceSource/IHtmlString.cs'.
warning	SYSLIB0003	src/System.Web.ReferenceSource/misc/SecurityUtils.cs	40	33	misc	warning	'ReflectionPermission' is obsolete: 'Code Access Security is not supported or honored by the runtime.' (https://aka.ms/dotnet-warnings/SYSLIB0003)
warning	SYSLIB0003	src/System.Web.ReferenceSource/misc/SecurityUtils.cs	41	33	misc	warning	'ReflectionPermission' is obsolete: 'Code Access Security is not supported or honored by the runtime.' (https://aka.ms/dotnet-warnings/SYSLIB0003)
warning	SYSLIB0003	src/System.Web.ReferenceSource/misc/SecurityUtils.cs	43	24	misc	warning	'ReflectionPermission' is obsolete: 'Code Access Security is not supported or honored by the runtime.' (https://aka.ms/dotnet-warnings/SYSLIB0003)
warning	SYSLIB0003	src/System.Web.ReferenceSource/misc/SecurityUtils.cs	47	50	misc	warning	'ReflectionPermission' is obsolete: 'Code Access Security is not supported or honored by the runtime.' (https://aka.ms/dotnet-warnings/SYSLIB0003)
warning	SYSLIB0003	src/System.Web.ReferenceSource/misc/SecurityUtils.cs	47	71	misc	warning	'ReflectionPermissionFlag' is obsolete: 'Code Access Security is not supported or honored by the runtime.' (https://aka.ms/dotnet-warnings/SYSLIB0003)
warning	SYSLIB0003	src/System.Web.ReferenceSource/misc/SecurityUtils.cs	53	24	misc	warning	'ReflectionPermission' is obsolete: 'Code Access Security is not supported or honored by the runtime.' (https://aka.ms/dotnet-warnings/SYSLIB0003)
warning	SYSLIB0003	src/System.Web.ReferenceSource/misc/SecurityUtils.cs	56	60	misc	warning	'ReflectionPermission' is obsolete: 'Code Access Security is not supported or honored by the runtime.' (https://aka.ms/dotnet-warnings/SYSLIB0003)
warning	SYSLIB0003	src/System.Web.ReferenceSource/misc/SecurityUtils.cs	56	81	misc	warning	'ReflectionPermissionFlag' is obsolete: 'Code Access Security is not supported or honored by the runtime.' (https://aka.ms/dotnet-warnings/SYSLIB0003)
warning	SYSLIB0003	src/System.Web.ReferenceSource/misc/SecurityUtils.cs	73	13	misc	warning	'PermissionSet' is obsolete: 'Code Access Security is not supported or honored by the runtime.' (https://aka.ms/dotnet-warnings/SYSLIB0003)
